-- MySQL dump 10.13  Distrib 8.4.3, for Win64 (x86_64)
--
-- Host: localhost    Database: menu_saas
-- ------------------------------------------------------
-- Server version	8.4.3

/*!40101 SET @OLD_CHARACTER_SET_CLIENT=@@CHARACTER_SET_CLIENT */;
/*!40101 SET @OLD_CHARACTER_SET_RESULTS=@@CHARACTER_SET_RESULTS */;
/*!40101 SET @OLD_COLLATION_CONNECTION=@@COLLATION_CONNECTION */;
/*!50503 SET NAMES utf8mb4 */;
/*!40103 SET @OLD_TIME_ZONE=@@TIME_ZONE */;
/*!40103 SET TIME_ZONE='+00:00' */;
/*!40014 SET @OLD_UNIQUE_CHECKS=@@UNIQUE_CHECKS, UNIQUE_CHECKS=0 */;
/*!40014 SET @OLD_FOREIGN_KEY_CHECKS=@@FOREIGN_KEY_CHECKS, FOREIGN_KEY_CHECKS=0 */;
/*!40101 SET @OLD_SQL_MODE=@@SQL_MODE, SQL_MODE='NO_AUTO_VALUE_ON_ZERO' */;
/*!40111 SET @OLD_SQL_NOTES=@@SQL_NOTES, SQL_NOTES=0 */;

--
-- Table structure for table `cache`
--

DROP TABLE IF EXISTS `cache`;
/*!40101 SET @saved_cs_client     = @@character_set_client */;
/*!50503 SET character_set_client = utf8mb4 */;
CREATE TABLE `cache` (
  `key` varchar(255) CHARACTER SET utf8mb4 COLLATE utf8mb4_unicode_ci NOT NULL,
  `value` mediumtext CHARACTER SET utf8mb4 COLLATE utf8mb4_unicode_ci NOT NULL,
  `expiration` bigint NOT NULL,
  PRIMARY KEY (`key`),
  KEY `cache_expiration_index` (`expiration`)
) ENGINE=InnoDB DEFAULT CHARSET=utf8mb4 COLLATE=utf8mb4_unicode_ci;
/*!40101 SET character_set_client = @saved_cs_client */;

--
-- Dumping data for table `cache`
--

LOCK TABLES `cache` WRITE;
/*!40000 ALTER TABLE `cache` DISABLE KEYS */;
INSERT INTO `cache` VALUES ('laravel-cache-ng@gmail.com|172.70.108.86','i:1;',1779819754),('laravel-cache-ng@gmail.com|172.70.108.86:timer','i:1779819754;',1779819754),('laravel-cache-ng1@gmail.com|172.68.234.8','i:1;',1779925257),('laravel-cache-ng1@gmail.com|172.68.234.8:timer','i:1779925257;',1779925257),('laravel-cache-noha1@gmail.com|162.158.22.171','i:1;',1779924800),('laravel-cache-noha1@gmail.com|162.158.22.171:timer','i:1779924800;',1779924800);
/*!40000 ALTER TABLE `cache` ENABLE KEYS */;
UNLOCK TABLES;

--
-- Table structure for table `cache_locks`
--

DROP TABLE IF EXISTS `cache_locks`;
/*!40101 SET @saved_cs_client     = @@character_set_client */;
/*!50503 SET character_set_client = utf8mb4 */;
CREATE TABLE `cache_locks` (
  `key` varchar(255) CHARACTER SET utf8mb4 COLLATE utf8mb4_unicode_ci NOT NULL,
  `owner` varchar(255) CHARACTER SET utf8mb4 COLLATE utf8mb4_unicode_ci NOT NULL,
  `expiration` bigint NOT NULL,
  PRIMARY KEY (`key`),
  KEY `cache_locks_expiration_index` (`expiration`)
) ENGINE=InnoDB DEFAULT CHARSET=utf8mb4 COLLATE=utf8mb4_unicode_ci;
/*!40101 SET character_set_client = @saved_cs_client */;

--
-- Dumping data for table `cache_locks`
--

LOCK TABLES `cache_locks` WRITE;
/*!40000 ALTER TABLE `cache_locks` DISABLE KEYS */;
/*!40000 ALTER TABLE `cache_locks` ENABLE KEYS */;
UNLOCK TABLES;

--
-- Table structure for table `categories`
--

DROP TABLE IF EXISTS `categories`;
/*!40101 SET @saved_cs_client     = @@character_set_client */;
/*!50503 SET character_set_client = utf8mb4 */;
CREATE TABLE `categories` (
  `id` bigint unsigned NOT NULL AUTO_INCREMENT,
  `restaurant_id` bigint unsigned NOT NULL,
  `name_ar` varchar(255) CHARACTER SET utf8mb4 COLLATE utf8mb4_unicode_ci NOT NULL,
  `name_en` varchar(255) CHARACTER SET utf8mb4 COLLATE utf8mb4_unicode_ci DEFAULT NULL,
  `sort_order` int unsigned NOT NULL DEFAULT '0',
  `is_active` tinyint(1) NOT NULL DEFAULT '1',
  `created_at` timestamp NULL DEFAULT NULL,
  `updated_at` timestamp NULL DEFAULT NULL,
  PRIMARY KEY (`id`),
  KEY `categories_restaurant_id_is_active_index` (`restaurant_id`,`is_active`),
  KEY `categories_sort_order_index` (`sort_order`),
  KEY `categories_is_active_index` (`is_active`),
  CONSTRAINT `categories_restaurant_id_foreign` FOREIGN KEY (`restaurant_id`) REFERENCES `restaurants` (`id`) ON DELETE CASCADE
) ENGINE=InnoDB AUTO_INCREMENT=186 DEFAULT CHARSET=utf8mb4 COLLATE=utf8mb4_unicode_ci;
/*!40101 SET character_set_client = @saved_cs_client */;

--
-- Dumping data for table `categories`
--

LOCK TABLES `categories` WRITE;
/*!40000 ALTER TABLE `categories` DISABLE KEYS */;
INSERT INTO `categories` VALUES (26,5,'Hot Drinks','Beverage',1,1,'2026-04-26 23:58:29','2026-04-26 23:58:29'),(27,5,'Coffee','Beverage',2,1,'2026-04-26 23:58:29','2026-04-26 23:58:29'),(28,5,'Tea & Coffee Iced','Beverage',3,1,'2026-04-26 23:58:29','2026-04-26 23:58:29'),(29,5,'Fresh Juice','Beverage',4,1,'2026-04-26 23:58:29','2026-04-26 23:58:29'),(30,5,'Smoothie','Beverage',5,1,'2026-04-26 23:58:29','2026-04-26 23:58:29'),(31,5,'Cocktail','Beverage',6,1,'2026-04-26 23:58:29','2026-04-26 23:58:29'),(32,5,'Milk Shake','Beverage',7,1,'2026-04-26 23:58:29','2026-04-26 23:58:29'),(33,5,'Soft Drink','Beverage',8,1,'2026-04-26 23:58:29','2026-04-26 23:58:29'),(34,5,'Desserts','Beverage',9,1,'2026-04-26 23:58:29','2026-04-26 23:58:29'),(35,5,'Adds Bar','Beverage',10,1,'2026-04-26 23:58:29','2026-04-26 23:58:29'),(36,5,'Breakfast','Food',11,1,'2026-04-26 23:58:29','2026-04-26 23:58:29'),(37,5,'Salad','Food',12,1,'2026-04-26 23:58:29','2026-04-26 23:58:29'),(38,5,'Pizza','Food',13,1,'2026-04-26 23:58:29','2026-04-26 23:58:29'),(39,5,'Chicken Main Course','Food',14,1,'2026-04-26 23:58:29','2026-04-26 23:58:29'),(40,5,'Beef Main Course','Food',15,1,'2026-04-26 23:58:29','2026-04-26 23:58:29'),(41,5,'Pasta','Food',16,1,'2026-04-26 23:58:29','2026-04-26 23:58:29'),(42,5,'Apptizers','Food',17,1,'2026-04-26 23:58:29','2026-04-26 23:58:29'),(43,5,'Soup','Food',18,1,'2026-04-26 23:58:29','2026-04-26 23:58:29'),(44,5,'Seafood Main Course','Food',19,1,'2026-04-26 23:58:29','2026-04-26 23:58:29'),(45,5,'Grilled','Food',20,1,'2026-04-26 23:58:29','2026-04-26 23:58:29'),(46,5,'Sandwiches','Food',21,1,'2026-04-26 23:58:29','2026-04-26 23:58:29'),(47,5,'Kids Corner','Food',22,1,'2026-04-26 23:58:29','2026-04-26 23:58:29'),(48,5,'Adds Kit','Food',23,1,'2026-04-26 23:58:29','2026-04-26 23:58:29'),(49,5,'Shisha','Food',24,1,'2026-04-26 23:58:29','2026-04-26 23:58:29'),(72,6,'Hot Drinks','Hot Drinks',15,1,'2026-05-12 01:44:12','2026-05-14 15:59:59'),(73,6,'Iced Coffee','Iced Coffee',17,1,'2026-05-12 01:44:12','2026-05-14 16:00:21'),(74,6,'Mocktails','Mocktails',24,1,'2026-05-12 01:44:12','2026-05-14 17:54:35'),(75,6,'Fresh Juices','Fresh Juices',18,1,'2026-05-12 01:44:12','2026-05-14 17:51:33'),(76,6,'Smoothies','Smoothies',21,1,'2026-05-12 01:44:12','2026-05-14 16:01:17'),(77,6,'Milkshakes','Milkshakes',22,1,'2026-05-12 01:44:12','2026-05-14 16:01:39'),(78,6,'Desserts','Desserts',25,1,'2026-05-12 01:44:12','2026-05-14 17:55:05'),(79,6,'Breakfast','Breakfast',1,1,'2026-05-12 01:44:12','2026-05-14 15:03:08'),(80,6,'Sandwiches','Sandwiches',7,1,'2026-05-12 01:44:12','2026-05-14 17:49:28'),(81,6,'طبق جانبي','Side Dish',14,1,'2026-05-12 01:44:12','2026-05-14 18:04:16'),(82,6,'Burgers','Burgers',8,1,'2026-05-12 01:44:12','2026-05-14 15:57:29'),(83,6,'Pizza','Pizza',6,1,'2026-05-12 01:44:12','2026-05-14 17:49:40'),(84,6,'Soups','Soups',4,1,'2026-05-12 01:44:12','2026-05-14 17:38:35'),(85,6,'Appetizers','Appetizers',2,1,'2026-05-12 01:44:12','2026-05-14 17:38:25'),(86,6,'Salads','Salads',3,1,'2026-05-12 01:44:12','2026-05-14 15:03:42'),(87,6,'Meat Dishes','Meat Dishes',11,1,'2026-05-12 01:44:12','2026-05-14 15:59:03'),(88,6,'Chicken Dishes','Chicken Dishes',10,1,'2026-05-12 01:44:12','2026-05-14 15:59:15'),(89,6,'فاهيتا مكسيكية','Mexican fajitas',13,1,'2026-05-12 01:44:12','2026-05-14 17:49:08'),(90,6,'Pasta','Pasta',5,1,'2026-05-12 01:44:12','2026-05-14 15:04:27'),(91,6,'Ice Cream','Ice Cream',26,1,'2026-05-12 01:44:12','2026-05-14 17:55:14'),(92,6,'Soft Drinks','Soft Drinks',19,1,'2026-05-12 01:44:12','2026-05-14 17:50:46'),(93,6,'Shisha','Shisha',28,1,'2026-05-12 01:44:12','2026-05-14 17:54:01'),(94,6,'هوت كوفى','HOT COFFE',16,1,'2026-05-14 09:30:42','2026-05-14 16:00:10'),(95,6,'ماتشا','Matcha',20,1,'2026-05-14 09:47:23','2026-05-14 17:51:02'),(96,6,'بوبا','BoBa',23,1,'2026-05-14 09:49:06','2026-05-14 17:54:46'),(97,6,'مينى كورس سى فود','Main Course Seafood',12,1,'2026-05-14 17:47:18','2026-05-14 17:50:07'),(98,6,'كوكتيل','cocktail',27,1,'2026-05-16 17:51:17','2026-05-16 17:51:17'),(155,7,'المشروبات الساخنة','Hot Drinks',0,1,'2026-05-27 08:52:56','2026-05-27 08:52:56'),(156,7,'القهوة','Coffee',1,1,'2026-05-27 08:52:56','2026-05-27 08:52:56'),(157,7,'العصائر','Juices',2,1,'2026-05-27 08:52:56','2026-05-27 08:52:56'),(158,7,'الكوكتيل','Cocktails',3,1,'2026-05-27 08:52:56','2026-05-27 08:52:56'),(159,7,'سوفت درينكس','Soft Drinks',4,1,'2026-05-27 08:52:56','2026-05-27 08:52:56'),(160,7,'الإضافات','Add-ons',5,1,'2026-05-27 08:52:56','2026-05-27 08:52:56'),(161,7,'الحلويات','Desserts',6,1,'2026-05-27 08:52:56','2026-05-27 08:52:56'),(162,7,'الشيشة','Shisha',7,1,'2026-05-27 08:52:56','2026-05-27 08:52:56'),(163,8,'المشروبات الساخنة','Hot Drinks',0,1,'2026-05-27 08:52:56','2026-05-27 08:52:56'),(164,8,'القهوة','Coffee',1,1,'2026-05-27 08:52:56','2026-05-27 08:52:56'),(165,8,'العصائر','Juices',2,1,'2026-05-27 08:52:56','2026-05-27 08:52:56'),(166,8,'الكوكتيل','Cocktails',8,1,'2026-05-27 08:52:56','2026-05-27 09:20:36'),(167,8,'سوفت درينكس','Soft Drinks',9,1,'2026-05-27 08:52:56','2026-05-27 09:20:36'),(168,8,'الإضافات','Add-ons',10,1,'2026-05-27 08:52:56','2026-05-27 09:20:36'),(169,8,'الحلويات','Desserts',11,1,'2026-05-27 08:52:57','2026-05-27 09:20:36'),(170,8,'الشيشة','Shisha',12,1,'2026-05-27 08:52:57','2026-05-27 09:20:36'),(171,8,'سموزي','Smoothies',3,1,'2026-05-27 09:19:27','2026-05-27 09:20:36'),(172,8,'ميلك شيك','Milkshakes',4,1,'2026-05-27 09:19:27','2026-05-27 09:20:36'),(173,8,'آيس كوفي','Ice Coffee',5,1,'2026-05-27 09:19:27','2026-05-27 09:20:36'),(174,8,'موهيتو','Mojito',6,1,'2026-05-27 09:19:27','2026-05-27 09:20:36'),(175,8,'البوبا','Boba',7,1,'2026-05-27 09:20:35','2026-05-27 09:20:36'),(176,3,'العناية بالشعر','Hair Care',1,1,'2026-05-28 04:56:13','2026-05-28 04:56:13'),(177,3,'تنعيم وفرد الشعر','Hair Smoothing & Treatments',2,1,'2026-05-28 04:56:13','2026-05-28 04:56:13'),(178,3,'صبغة الشعر واللحية','Hair & Beard Coloring',3,1,'2026-05-28 04:56:13','2026-05-28 04:56:13'),(179,3,'العناية بالبشرة والوجه','Skin & Face Care',4,1,'2026-05-28 04:56:13','2026-05-28 04:56:13'),(180,3,'إزالة الشعر بالشمع والماسكات','Waxing & Face Masks',5,1,'2026-05-28 04:56:13','2026-05-28 04:56:13'),(181,3,'العناية باليدين والقدمين','Pedicure & Manicure',6,1,'2026-05-28 04:56:13','2026-05-28 04:56:13'),(182,3,'باقات العريس المتكاملة','Groom Packages',7,1,'2026-05-28 04:56:13','2026-05-28 04:56:13'),(183,3,'باقات صالون النرويجي الخاصة','El-Nerwegy Specials',8,1,'2026-05-28 04:56:13','2026-05-28 04:56:13'),(184,3,'خدمات الحلاقة الإضافية','Additional Barber Services',9,1,'2026-05-28 04:56:13','2026-05-28 04:56:13'),(185,3,'العروض الحصرية والمميزات','Exclusive Offers',10,1,'2026-05-28 04:56:13','2026-05-28 04:56:13');
/*!40000 ALTER TABLE `categories` ENABLE KEYS */;
UNLOCK TABLES;

--
-- Table structure for table `failed_jobs`
--

DROP TABLE IF EXISTS `failed_jobs`;
/*!40101 SET @saved_cs_client     = @@character_set_client */;
/*!50503 SET character_set_client = utf8mb4 */;
CREATE TABLE `failed_jobs` (
  `id` bigint unsigned NOT NULL AUTO_INCREMENT,
  `uuid` varchar(255) CHARACTER SET utf8mb4 COLLATE utf8mb4_unicode_ci NOT NULL,
  `connection` text CHARACTER SET utf8mb4 COLLATE utf8mb4_unicode_ci NOT NULL,
  `queue` text CHARACTER SET utf8mb4 COLLATE utf8mb4_unicode_ci NOT NULL,
  `payload` longtext CHARACTER SET utf8mb4 COLLATE utf8mb4_unicode_ci NOT NULL,
  `exception` longtext CHARACTER SET utf8mb4 COLLATE utf8mb4_unicode_ci NOT NULL,
  `failed_at` timestamp NOT NULL DEFAULT CURRENT_TIMESTAMP,
  PRIMARY KEY (`id`),
  UNIQUE KEY `failed_jobs_uuid_unique` (`uuid`)
) ENGINE=InnoDB DEFAULT CHARSET=utf8mb4 COLLATE=utf8mb4_unicode_ci;
/*!40101 SET character_set_client = @saved_cs_client */;

--
-- Dumping data for table `failed_jobs`
--

LOCK TABLES `failed_jobs` WRITE;
/*!40000 ALTER TABLE `failed_jobs` DISABLE KEYS */;
/*!40000 ALTER TABLE `failed_jobs` ENABLE KEYS */;
UNLOCK TABLES;

--
-- Table structure for table `job_batches`
--

DROP TABLE IF EXISTS `job_batches`;
/*!40101 SET @saved_cs_client     = @@character_set_client */;
/*!50503 SET character_set_client = utf8mb4 */;
CREATE TABLE `job_batches` (
  `id` varchar(255) CHARACTER SET utf8mb4 COLLATE utf8mb4_unicode_ci NOT NULL,
  `name` varchar(255) CHARACTER SET utf8mb4 COLLATE utf8mb4_unicode_ci NOT NULL,
  `total_jobs` int NOT NULL,
  `pending_jobs` int NOT NULL,
  `failed_jobs` int NOT NULL,
  `failed_job_ids` longtext CHARACTER SET utf8mb4 COLLATE utf8mb4_unicode_ci NOT NULL,
  `options` mediumtext CHARACTER SET utf8mb4 COLLATE utf8mb4_unicode_ci,
  `cancelled_at` int DEFAULT NULL,
  `created_at` int NOT NULL,
  `finished_at` int DEFAULT NULL,
  PRIMARY KEY (`id`)
) ENGINE=InnoDB DEFAULT CHARSET=utf8mb4 COLLATE=utf8mb4_unicode_ci;
/*!40101 SET character_set_client = @saved_cs_client */;

--
-- Dumping data for table `job_batches`
--

LOCK TABLES `job_batches` WRITE;
/*!40000 ALTER TABLE `job_batches` DISABLE KEYS */;
/*!40000 ALTER TABLE `job_batches` ENABLE KEYS */;
UNLOCK TABLES;

--
-- Table structure for table `jobs`
--

DROP TABLE IF EXISTS `jobs`;
/*!40101 SET @saved_cs_client     = @@character_set_client */;
/*!50503 SET character_set_client = utf8mb4 */;
CREATE TABLE `jobs` (
  `id` bigint unsigned NOT NULL AUTO_INCREMENT,
  `queue` varchar(255) CHARACTER SET utf8mb4 COLLATE utf8mb4_unicode_ci NOT NULL,
  `payload` longtext CHARACTER SET utf8mb4 COLLATE utf8mb4_unicode_ci NOT NULL,
  `attempts` tinyint unsigned NOT NULL,
  `reserved_at` int unsigned DEFAULT NULL,
  `available_at` int unsigned NOT NULL,
  `created_at` int unsigned NOT NULL,
  PRIMARY KEY (`id`),
  KEY `jobs_queue_index` (`queue`)
) ENGINE=InnoDB DEFAULT CHARSET=utf8mb4 COLLATE=utf8mb4_unicode_ci;
/*!40101 SET character_set_client = @saved_cs_client */;

--
-- Dumping data for table `jobs`
--

LOCK TABLES `jobs` WRITE;
/*!40000 ALTER TABLE `jobs` DISABLE KEYS */;
/*!40000 ALTER TABLE `jobs` ENABLE KEYS */;
UNLOCK TABLES;

--
-- Table structure for table `menu_settings`
--

DROP TABLE IF EXISTS `menu_settings`;
/*!40101 SET @saved_cs_client     = @@character_set_client */;
/*!50503 SET character_set_client = utf8mb4 */;
CREATE TABLE `menu_settings` (
  `id` bigint unsigned NOT NULL AUTO_INCREMENT,
  `restaurant_id` bigint unsigned NOT NULL,
  `slug` varchar(255) CHARACTER SET utf8mb4 COLLATE utf8mb4_unicode_ci NOT NULL,
  `is_public` tinyint(1) NOT NULL DEFAULT '1',
  `theme` varchar(50) CHARACTER SET utf8mb4 COLLATE utf8mb4_unicode_ci NOT NULL DEFAULT 'classy',
  `created_at` timestamp NULL DEFAULT NULL,
  `updated_at` timestamp NULL DEFAULT NULL,
  PRIMARY KEY (`id`),
  UNIQUE KEY `menu_settings_restaurant_id_unique` (`restaurant_id`),
  UNIQUE KEY `menu_settings_slug_unique` (`slug`),
  KEY `menu_settings_is_public_index` (`is_public`),
  CONSTRAINT `menu_settings_restaurant_id_foreign` FOREIGN KEY (`restaurant_id`) REFERENCES `restaurants` (`id`) ON DELETE CASCADE
) ENGINE=InnoDB AUTO_INCREMENT=9 DEFAULT CHARSET=utf8mb4 COLLATE=utf8mb4_unicode_ci;
/*!40101 SET character_set_client = @saved_cs_client */;

--
-- Dumping data for table `menu_settings`
--

LOCK TABLES `menu_settings` WRITE;
/*!40000 ALTER TABLE `menu_settings` DISABLE KEYS */;
INSERT INTO `menu_settings` VALUES (1,1,'noah',1,'classy','2026-04-20 04:30:36','2026-04-20 04:30:36'),(2,2,'tree',1,'classy','2026-04-20 04:42:49','2026-04-20 04:42:49'),(3,3,'el-nerwegy',1,'paper','2026-04-20 05:30:19','2026-05-28 04:56:13'),(4,4,'ssa',1,'classy','2026-04-20 06:51:50','2026-04-20 06:51:50'),(5,5,'the-tree',1,'tree','2026-04-26 06:19:57','2026-04-27 21:58:28'),(6,6,'sip-chill',1,'sipchill','2026-05-12 00:15:13','2026-05-12 03:35:53'),(7,7,'elnerwegy',1,'ng','2026-05-27 04:58:40','2026-05-27 05:29:31'),(8,8,'ng',1,'ng','2026-05-27 05:39:15','2026-05-27 05:39:15');
/*!40000 ALTER TABLE `menu_settings` ENABLE KEYS */;
UNLOCK TABLES;

--
-- Table structure for table `migrations`
--

DROP TABLE IF EXISTS `migrations`;
/*!40101 SET @saved_cs_client     = @@character_set_client */;
/*!50503 SET character_set_client = utf8mb4 */;
CREATE TABLE `migrations` (
  `id` int unsigned NOT NULL AUTO_INCREMENT,
  `migration` varchar(255) CHARACTER SET utf8mb4 COLLATE utf8mb4_unicode_ci NOT NULL,
  `batch` int NOT NULL,
  PRIMARY KEY (`id`)
) ENGINE=InnoDB AUTO_INCREMENT=17 DEFAULT CHARSET=utf8mb4 COLLATE=utf8mb4_unicode_ci;
/*!40101 SET character_set_client = @saved_cs_client */;

--
-- Dumping data for table `migrations`
--

LOCK TABLES `migrations` WRITE;
/*!40000 ALTER TABLE `migrations` DISABLE KEYS */;
INSERT INTO `migrations` VALUES (1,'0001_01_01_000000_create_users_table',1),(2,'0001_01_01_000001_create_cache_table',1),(3,'0001_01_01_000002_create_jobs_table',1),(4,'2024_04_16_000000_create_tenants_table',1),(5,'2024_04_16_000001_create_categories_table',1),(6,'2024_04_16_000002_create_products_table',1),(7,'2024_04_16_000003_add_tenant_id_to_users_table',1),(8,'2026_04_17_000004_create_menu_settings_table',1),(9,'2026_04_17_000006_add_banner_path_to_restaurants_table',1),(10,'2026_04_18_000007_drop_active_theme_from_menu_settings_table',1),(11,'2026_04_18_000008_add_subscription_fields_to_restaurants_table',1),(12,'2026_04_18_000009_add_is_super_admin_to_users_table',1),(13,'2026_04_18_000010_add_theme_to_menu_settings_table',1),(14,'2026_04_19_000011_add_phone_to_users_table',1),(15,'2026_04_19_000012_add_address_to_restaurants_table',1),(16,'2026_04_27_000013_add_permanent_qr_code_to_restaurants_table',2);
/*!40000 ALTER TABLE `migrations` ENABLE KEYS */;
UNLOCK TABLES;

--
-- Table structure for table `password_reset_tokens`
--

DROP TABLE IF EXISTS `password_reset_tokens`;
/*!40101 SET @saved_cs_client     = @@character_set_client */;
/*!50503 SET character_set_client = utf8mb4 */;
CREATE TABLE `password_reset_tokens` (
  `email` varchar(255) CHARACTER SET utf8mb4 COLLATE utf8mb4_unicode_ci NOT NULL,
  `token` varchar(255) CHARACTER SET utf8mb4 COLLATE utf8mb4_unicode_ci NOT NULL,
  `created_at` timestamp NULL DEFAULT NULL,
  PRIMARY KEY (`email`)
) ENGINE=InnoDB DEFAULT CHARSET=utf8mb4 COLLATE=utf8mb4_unicode_ci;
/*!40101 SET character_set_client = @saved_cs_client */;

--
-- Dumping data for table `password_reset_tokens`
--

LOCK TABLES `password_reset_tokens` WRITE;
/*!40000 ALTER TABLE `password_reset_tokens` DISABLE KEYS */;
INSERT INTO `password_reset_tokens` VALUES ('im116121@gmail.com','$2y$12$H9wuPKQNpAB3Sfq9jJWxO.8Npe/9727pbsDqQC/o4jWN.uxV15Hjq','2026-04-26 06:08:59'),('thetree.2026@gmail.com','$2y$12$u/ZaARnZ8WkPKdha9wwhBel9hzFs.fJNF6.XQge9YRasbY9j50vyK','2026-04-28 13:28:35');
/*!40000 ALTER TABLE `password_reset_tokens` ENABLE KEYS */;
UNLOCK TABLES;

--
-- Table structure for table `products`
--

DROP TABLE IF EXISTS `products`;
/*!40101 SET @saved_cs_client     = @@character_set_client */;
/*!50503 SET character_set_client = utf8mb4 */;
CREATE TABLE `products` (
  `id` bigint unsigned NOT NULL AUTO_INCREMENT,
  `restaurant_id` bigint unsigned NOT NULL,
  `category_id` bigint unsigned NOT NULL,
  `name` varchar(255) CHARACTER SET utf8mb4 COLLATE utf8mb4_unicode_ci NOT NULL,
  `description` text CHARACTER SET utf8mb4 COLLATE utf8mb4_unicode_ci,
  `price` decimal(10,2) NOT NULL,
  `image_path` varchar(255) CHARACTER SET utf8mb4 COLLATE utf8mb4_unicode_ci DEFAULT NULL,
  `is_available` tinyint(1) NOT NULL DEFAULT '1',
  `is_featured` tinyint(1) NOT NULL DEFAULT '0',
  `sort_order` int unsigned NOT NULL DEFAULT '0',
  `created_at` timestamp NULL DEFAULT NULL,
  `updated_at` timestamp NULL DEFAULT NULL,
  PRIMARY KEY (`id`),
  KEY `products_category_id_foreign` (`category_id`),
  KEY `products_restaurant_id_category_id_index` (`restaurant_id`,`category_id`),
  KEY `products_is_available_index` (`is_available`),
  KEY `products_is_featured_index` (`is_featured`),
  KEY `products_sort_order_index` (`sort_order`),
  CONSTRAINT `products_category_id_foreign` FOREIGN KEY (`category_id`) REFERENCES `categories` (`id`) ON DELETE CASCADE,
  CONSTRAINT `products_restaurant_id_foreign` FOREIGN KEY (`restaurant_id`) REFERENCES `restaurants` (`id`) ON DELETE CASCADE
) ENGINE=InnoDB AUTO_INCREMENT=1405 DEFAULT CHARSET=utf8mb4 COLLATE=utf8mb4_unicode_ci;
/*!40101 SET character_set_client = @saved_cs_client */;

--
-- Dumping data for table `products`
--

LOCK TABLES `products` WRITE;
/*!40000 ALTER TABLE `products` DISABLE KEYS */;
INSERT INTO `products` VALUES (5,5,26,'Tea',NULL,50.00,'products/images/C3OXbRJGk5M6YWPRdaPV9gi61nKrVcnVpazG8h7t.webp',1,0,1,'2026-04-26 23:58:29','2026-05-10 10:03:39'),(6,5,26,'Green Tea',NULL,49.00,'products/images/jNhomCY3Sny1CkuIcuT4bt4YPH6VjvFeNTIzwJd6.webp',1,0,2,'2026-04-26 23:58:29','2026-04-27 00:28:04'),(7,5,26,'Flavored Tea',NULL,65.00,'products/images/mbWrEqGdRl53oE6x6xuxbfYTpA5dzSDZeVvY4ra2.jpg',1,0,3,'2026-04-26 23:58:29','2026-04-27 01:35:37'),(8,5,26,'The Tree Herbs',NULL,85.00,'products/images/xsRVmniRCMCEHYBNdHOA2MomuThXWEyTTTmwuW2l.webp',1,0,4,'2026-04-26 23:58:29','2026-04-27 01:37:01'),(9,5,26,'Anise',NULL,45.00,'products/images/GricNja8f2JqlJ321zKbUEZZiWV39MlyE91g3fIN.jpg',1,0,5,'2026-04-26 23:58:29','2026-04-27 01:37:59'),(10,5,26,'Cinamon with Milk',NULL,85.00,'products/images/pQHI9jLfkhS5X4sxh4BQlhJ7ZKSg53L9H0PZbp7U.jpg',1,0,6,'2026-04-26 23:58:29','2026-04-27 01:38:22'),(11,5,26,'Hot Sidr',NULL,85.00,'products/images/LMpeSOX48SAF2EyVvfTCH5Jj3SvB5gtF1In77o1u.jpg',1,0,7,'2026-04-26 23:58:29','2026-04-27 01:39:40'),(12,5,26,'Hot Chocolate',NULL,99.00,'products/images/CxcAVUH73sPrZbTHwrjAEjiDppP5LuqauPoKOlKz.jpg',1,0,8,'2026-04-26 23:58:29','2026-04-27 01:40:32'),(13,5,26,'Hot lotus',NULL,119.00,'products/images/NXLo8QPsqGGVcGjhNaAsiVmx5TRXqENZeCNSDdJI.jpg',1,0,9,'2026-04-26 23:58:29','2026-04-27 01:41:18'),(14,5,26,'Sahlab',NULL,105.00,'products/images/W74H51UxgeB3vi4ZzaRKL3rAq7hznHzyi93sW6yR.jpg',1,0,10,'2026-04-26 23:58:29','2026-04-27 01:42:07'),(15,5,26,'The tree Sahlab',NULL,125.00,'products/images/hA3xspImKIjRCKkvGpmTQ4ywtBNOQJMl0cBGeCHl.jpg',1,0,11,'2026-04-26 23:58:29','2026-04-27 01:42:17'),(16,5,26,'Hummus Al sham',NULL,80.00,'products/images/eyMvBeoTABYRY7un4JM3gmdhzwb88i43wQYaL4Vp.jpg',1,0,12,'2026-04-26 23:58:29','2026-04-27 01:42:38'),(17,5,26,'Honey ginger',NULL,90.00,'products/images/Uf5YNAFhx0aA7OezO44dxClrOCONy7mzItCVrW39.jpg',1,0,13,'2026-04-26 23:58:29','2026-04-27 01:43:49'),(18,5,27,'Single Espresso',NULL,55.00,'products/images/LsPPraR4fcaUCYJ0VbFfrP1gGylVhjVRlFG3AHmP.webp',1,0,1,'2026-04-26 23:58:29','2026-04-27 00:11:00'),(19,5,27,'Double Espresso',NULL,70.00,'products/images/MTOHQbdV1bSKmu3IJaf0dBGhmVPHkJyjfttfp3IN.webp',1,0,2,'2026-04-26 23:58:29','2026-04-27 00:28:22'),(20,5,27,'Caffè Macchiato',NULL,75.00,'products/images/Lj20bRAwuETH2L3FfDQOFdLXY3QvpYPqIlK7v3wr.jpg',1,0,3,'2026-04-26 23:58:29','2026-04-27 01:44:25'),(21,5,27,'Tree Latte',NULL,115.00,'products/images/OgBb490aBi1rXdr0FkATPiphp9wET2BjtXBhXQzt.webp',1,0,4,'2026-04-26 23:58:29','2026-04-27 01:44:59'),(22,5,27,'Cappuccino',NULL,95.00,'products/images/OGJUW5N39pIgACMLviNjV5oOfoFBcua6rkPtkNKw.jpg',1,0,5,'2026-04-26 23:58:29','2026-04-27 01:45:22'),(23,5,27,'Caffè Latte',NULL,85.00,'products/images/PUOTiCtDXJt2afwZMBe7mLJEAEEkbznYItLQskC2.webp',1,0,6,'2026-04-26 23:58:29','2026-04-27 01:46:06'),(24,5,27,'Caffè Mocha',NULL,90.00,'products/images/pqInX9CPZo464i761gy4GkI4HkBjozOzBAbSBqj9.jpg',1,0,7,'2026-04-26 23:58:29','2026-04-27 01:52:06'),(25,5,27,'American Coffee',NULL,90.00,'products/images/sclMBsxnRkfmUFQaqLOZXFRPFS3DEa4792KMCL8V.webp',1,0,8,'2026-04-26 23:58:29','2026-04-27 01:52:40'),(26,5,27,'Nescafé',NULL,90.00,'products/images/8TcxBel0Ou4U2ysObGAbjYHF7iKI5TxskT6W75Ip.webp',1,0,9,'2026-04-26 23:58:29','2026-04-27 01:55:04'),(27,5,27,'Turkish Coffe',NULL,50.00,'products/images/GD60wTtDPaaCP9UdbOCuXa9GWU22s0V9W3Piu4me.webp',1,0,10,'2026-04-26 23:58:29','2026-04-27 01:55:32'),(28,5,27,'Hazelnut Coffee',NULL,85.00,'products/images/Tdz8llaYTZhhl8VeTGJ8E2Exj7NlmwLh73BDbCzi.webp',1,0,11,'2026-04-26 23:58:29','2026-04-27 01:56:05'),(29,5,27,'French Turkish Coffe',NULL,75.00,'products/images/V615hUgUsJoIHXF4tUvFZa2d2VL69z4hWFoIeqo0.webp',1,0,12,'2026-04-26 23:58:29','2026-04-27 01:57:06'),(30,5,27,'Flat White',NULL,105.00,'products/images/I0cUlR420ck0iSsoUHGr7zYZPWeWFGBdleVHKb6h.jpg',1,0,13,'2026-04-26 23:58:29','2026-04-27 01:57:45'),(31,5,27,'Double Turkish coffee',NULL,70.00,'products/images/f9ZtYgHv35T3HMG8UNsmJtDvMPrLDhD7AnRVyilu.jpg',1,0,14,'2026-04-26 23:58:29','2026-04-27 02:14:40'),(32,5,27,'Spinach Latte',NULL,115.00,'products/images/cIkEcc5ca2UHQrbiJKvB6zvqLfoA3BSH8St2sNT8.jpg',1,0,15,'2026-04-26 23:58:29','2026-04-27 02:07:52'),(33,5,28,'Ice Tea',NULL,0.00,'products/images/eL18RTHRBe7CtqghhOeITudDiJd4CyuDsfXqVonh.jpg',1,0,1,'2026-04-26 23:58:29','2026-04-27 00:07:36'),(34,5,28,'Flavored Ice Tea',NULL,0.00,'products/images/MAG1SOsJWRGjPCWXj3GlEco1IQgdfd9osCglKsEe.jpg',1,0,2,'2026-04-26 23:58:29','2026-04-27 00:29:07'),(35,5,28,'Iced Mocha',NULL,125.00,'products/images/gCnnTZ3iHd6Y9uyJmhxgDkWpPrnpg0109mDmtzJy.jpg',1,0,3,'2026-04-26 23:58:29','2026-04-27 02:10:03'),(36,5,28,'Classic Frappuccino',NULL,125.00,'products/images/21IOqtmgc7zz8SO99j7ngHd3zicmGwh9sSl8LyvW.jpg',1,0,4,'2026-04-26 23:58:29','2026-04-27 02:10:34'),(37,5,28,'Iced Latte',NULL,120.00,'products/images/uZMHgdZWZyr1c5zrZTMxCZET1tjXIbbPafrttEOL.webp',1,0,5,'2026-04-26 23:58:29','2026-04-27 02:11:03'),(38,5,28,'Frappe Classic',NULL,130.00,'products/images/PjkWNHkpHJtaG4mhxMmMXL8Kyv8A4jV3LuUm2c3B.jpg',1,0,6,'2026-04-26 23:58:29','2026-04-27 02:13:25'),(39,5,28,'Caramel Frappe',NULL,135.00,'products/images/R1Esxlt4uZBh8n9TtcuuI8L9ZvaB8AaWZ3urv3Bb.jpg',1,0,7,'2026-04-26 23:58:29','2026-04-27 02:13:48'),(40,5,28,'Vanilla Frappe',NULL,135.00,'products/images/3BcSa8rain5cTFD4e0Pz2HFJkITAcoY27y6f1lQu.webp',1,0,8,'2026-04-26 23:58:29','2026-04-27 02:14:18'),(41,5,28,'Mocha Frappe',NULL,140.00,'products/images/yARhfzhT8V8ib4WZr5Bd9gmhUeBe76QVxvdrxBLM.jpg',1,0,9,'2026-04-26 23:58:29','2026-04-27 02:15:22'),(42,5,28,'Ice Spanich Latte',NULL,130.00,'products/images/vbnn6SpQ5tEAbRYflXCawcOUcFJQBu6WqKglLMjO.jpg',1,0,10,'2026-04-26 23:58:29','2026-04-27 02:15:42'),(43,5,29,'Mango Juice',NULL,95.00,'products/images/MbzhVlMtkrNzMfpekLGQ9mxPKZ4sEdl9CvEOR9PX.webp',1,0,1,'2026-04-26 23:58:29','2026-04-27 00:05:56'),(44,5,29,'Orange Juice',NULL,90.00,'products/images/pXfFoIB2RE0DBL6KrcOhqyETTXH4yctbCrIhy26T.jpg',1,0,2,'2026-04-26 23:58:29','2026-04-27 00:30:17'),(45,5,29,'Strawberry Juice',NULL,85.00,'products/images/qRlVRqQ16YyB5TicP9MGs63zx8dNIN9exWejQOXN.jpg',1,0,3,'2026-04-26 23:58:29','2026-04-27 02:15:58'),(46,5,29,'Guava Juice',NULL,85.00,'products/images/oUBFgrVNmOKPdqMzlneQbfEG5n6yzlPlwTqrYtG5.webp',1,0,4,'2026-04-26 23:58:29','2026-04-27 02:18:39'),(47,5,29,'Lemon Juice',NULL,80.00,'products/images/ZVottUw2TM4UpeMgt1iHYs0y33MUyD3piKyltqlt.jpg',1,0,5,'2026-04-26 23:58:29','2026-04-27 02:19:00'),(48,5,29,'Orange W Carrot Juice',NULL,95.00,'products/images/OqvGghPtqKuQciZWSzA8niL4g5ITd9OXitiDmlvT.webp',1,0,6,'2026-04-26 23:58:29','2026-04-27 02:19:20'),(49,5,29,'Lemon Mint',NULL,75.00,'products/images/mkmecebeIjMGMyU5HF15UgAzyHDMGXlavz25RDgz.jpg',1,0,7,'2026-04-26 23:58:29','2026-04-27 02:19:36'),(50,5,29,'Banana W. Milk',NULL,99.00,'products/images/HptxRj8dQS1l02MRGvoJFOyChBHndYbOuw9BeC5D.webp',1,0,8,'2026-04-26 23:58:29','2026-04-27 02:19:57'),(51,5,29,'Kiwi Juice',NULL,145.00,'products/images/7uVcSJUSvgXnbqy2jXKY6wbSXXLkATyjUANoH16o.webp',1,0,9,'2026-04-26 23:58:29','2026-04-27 02:20:15'),(52,5,29,'Watermelon Juice',NULL,115.00,'products/images/54bMEkarEuIFnwX6caYeaK2aR47VwXCWfeunYv9u.jpg',1,0,10,'2026-04-26 23:58:29','2026-04-27 02:20:38'),(53,5,29,'Avocado W.nuts',NULL,170.00,'products/images/5JOUDDHSqJDUQ8fQa9TEraM6ht4dPqfAhRq9bA8c.jpg',1,0,11,'2026-04-26 23:58:29','2026-04-27 02:22:15'),(54,5,29,'Date W. Milk',NULL,100.00,'products/images/xVJiX4h1Fjla9NJNfPGTYbswT4SV2cRh6sDiFTRW.jpg',1,0,12,'2026-04-26 23:58:29','2026-04-27 02:22:38'),(55,5,29,'Guava W. Milk',NULL,95.00,'products/images/KSyEvTmPwrGHqqr8AJJMWa5EiQIHlnfP9xw1q9hp.jpg',1,0,13,'2026-04-26 23:58:29','2026-04-27 02:23:19'),(56,5,30,'Smoothie Kiwi',NULL,165.00,'products/images/HS0mOmAWkcS00UHDw1HS9Mk4ogctg0HtyG97sQPN.jpg',1,0,1,'2026-04-26 23:58:29','2026-04-27 00:08:02'),(57,5,30,'Smoothie Kiwi Pineapple',NULL,165.00,'products/images/UuIibbmFcVtMl0kCjJKk9YzjLLPqjQsiyRGv3x4c.jpg',1,0,2,'2026-04-26 23:58:29','2026-04-27 00:31:27'),(58,5,30,'Smoothie Lemon Mint',NULL,165.00,'products/images/SG3ISD1IiTc6G77rfGDNRzJCaZ4FbIEOvhrlhvwj.jpg',1,0,3,'2026-04-26 23:58:29','2026-04-27 02:23:41'),(59,5,30,'Smoothie Banana Strawberry',NULL,165.00,'products/images/3zyD17bju9uZzma8j2UkeVD7NfLz9O2DB19kuK8d.jpg',1,0,4,'2026-04-26 23:58:29','2026-04-27 02:24:14'),(60,5,30,'Smoothie Watermelon',NULL,165.00,'products/images/tglPLVjG7GBBfDT9pdSchFmbNIHRRsxCFe601xP9.jpg',1,0,5,'2026-04-26 23:58:29','2026-04-27 02:24:32'),(61,5,30,'Smoothie Blueberry',NULL,165.00,'products/images/x7HmMdgtJints85HMPfiT4yDhs45ozzsShXzdYOm.jpg',1,0,6,'2026-04-26 23:58:29','2026-04-27 02:24:48'),(62,5,30,'Smoothie Boba',NULL,165.00,'products/images/7MEMIWUPD9FtGvhbHkaVEKzrMvVXXYE6NHXgw0IG.jpg',1,0,7,'2026-04-26 23:58:29','2026-04-27 02:25:18'),(63,5,30,'Smoothie Guava',NULL,165.00,'products/images/UfwdCiPm5u0yeY9tMkHsU1QFrkCr8hmzq2K4F5on.jpg',1,0,8,'2026-04-26 23:58:29','2026-04-27 02:25:40'),(64,5,30,'Smoothie Mango',NULL,165.00,'products/images/jcUk1LFIZtvIlzqNFuuOLN32NpoeHYcvlWmMYhXc.jpg',1,0,9,'2026-04-26 23:58:29','2026-04-27 02:26:05'),(65,5,30,'Smoothie Orange Peach',NULL,165.00,'products/images/m3cbfYBX7appc9mRpOXS2HIvLkHafjBVaUY7XBls.jpg',1,0,10,'2026-04-26 23:58:29','2026-04-27 02:31:41'),(66,5,30,'Smoothie Strawberry',NULL,165.00,'products/images/Ha8AFhaCESq11tF5gfVDJUoYFml2TDXMODYoGLwC.webp',1,0,11,'2026-04-26 23:58:29','2026-04-27 02:32:00'),(67,5,30,'Smoothie Mango Passion',NULL,165.00,'products/images/VKaLQgKGdWphdhorkmYGGKEZEnJjSJZURerbwe97.jpg',1,0,12,'2026-04-26 23:58:29','2026-04-27 02:33:01'),(68,5,31,'Florida',NULL,135.00,'products/images/iaJMNKqDJ5RcQGruH7QWAaEtI21R0yTmA77zUYQV.png',1,0,1,'2026-04-26 23:58:29','2026-04-27 00:04:47'),(69,5,31,'Pina Colada',NULL,145.00,'products/images/sDY95Nfr0bYDpXvlyCRwY2Ed2X5WDxK3QJYBDAPH.jpg',1,0,2,'2026-04-26 23:58:29','2026-04-27 00:31:47'),(70,5,31,'Titan',NULL,143.75,'products/images/zPW6o2nKgZwZpxgqnk2JcSFD3Oq5JgK0QAF3QuD5.png',1,0,3,'2026-04-26 23:58:29','2026-04-27 02:33:36'),(71,5,31,'The Tree Cocktail',NULL,185.00,'products/images/cksd9QhYPynkA4x4ZDLaEBAdkhXPSa9nv38Xe9IM.png',1,0,4,'2026-04-26 23:58:29','2026-04-27 02:34:01'),(72,5,31,'Tropicana',NULL,135.00,'products/images/qsyopT4lIJcH2Fv4KEo7RsUj6BQvJUuOfXq9ybhf.png',1,0,5,'2026-04-26 23:58:29','2026-04-27 02:34:31'),(73,5,31,'Electric',NULL,135.00,'products/images/5zyQOjvfVeDQeeG9qnoS4QZJXmvU3XnZIEqH8Uqi.png',1,0,6,'2026-04-26 23:58:29','2026-04-27 02:34:41'),(74,5,31,'Tutti Frutti',NULL,135.00,'products/images/SpBYUHXp6s8bJnE4l40Hjsb2xT48gVBy1jfxVAuF.png',1,0,7,'2026-04-26 23:58:29','2026-04-27 02:34:59'),(75,5,31,'Coco Berry',NULL,135.00,'products/images/vHZgTr9xqgyVyqq3BEASLZD6LBebu8bRsBERjJzO.png',1,0,8,'2026-04-26 23:58:29','2026-04-27 02:35:52'),(76,5,31,'Banana Jungle',NULL,135.00,'products/images/HW6TMK2xQXgdF5Zc3GDrXP3P7euYqRwi6lHNT8CT.png',1,0,9,'2026-04-26 23:58:29','2026-04-27 02:36:02'),(77,5,31,'Fruits Yogurt',NULL,110.00,'products/images/lqwVeFGP9HQnZKnhl7a8MRfDSJfBq6yJVx4yljpq.jpg',1,0,10,'2026-04-26 23:58:29','2026-04-27 02:44:35'),(78,5,31,'Honey Yogurt',NULL,115.00,'products/images/iNUUuH2S6cBY17vLFBGPJtI3n7CBwgovneLAlBQ9.jpg',1,0,11,'2026-04-26 23:58:29','2026-04-27 02:45:00'),(79,5,32,'Milk Shake Vanilla',NULL,130.00,'products/images/wwjkRqZKVz5QtpdlLKhtPXb9P9PyrRdwRfC5mpfi.jpg',1,0,1,'2026-04-26 23:58:29','2026-04-27 00:09:08'),(80,5,32,'Milk Shake Chocolate',NULL,130.00,'products/images/kgbzmIOzGU12aBQEsChHEmSx406Lutw1Hfu4JRml.webp',1,0,2,'2026-04-26 23:58:29','2026-04-27 00:32:37'),(81,5,32,'Milk Shake Mango',NULL,130.00,'products/images/PDH3BAnbZJT569jHU3iUtrph16HAL8NWTIZdbFJ4.jpg',1,0,3,'2026-04-26 23:58:29','2026-04-27 02:45:22'),(82,5,32,'Milk Shake Strawberry',NULL,130.00,'products/images/DJU83sXU9HK4stWWLmWuqDGXCd4eKwjYiIl1p1X7.webp',1,0,4,'2026-04-26 23:58:29','2026-04-27 02:45:38'),(83,5,32,'Milk Shake Lotus',NULL,145.00,'products/images/ysG0HTlvPLvx5SqpMfYZ8cUWTJyMCc4c7B1Fu65c.jpg',1,0,5,'2026-04-26 23:58:29','2026-04-27 02:46:18'),(84,5,32,'Milk Shake Oreo',NULL,135.00,'products/images/KTB68svoEOBszVaHf1j04F7I08ee0nJkMPHEn3jc.jpg',1,0,6,'2026-04-26 23:58:29','2026-04-27 02:47:15'),(85,5,32,'Milk Shake Rasberry',NULL,130.00,'products/images/EhbQXsgGyh7uwtpX6lLt6IH535PRjj3XWJkAtMUs.jpg',1,0,7,'2026-04-26 23:58:29','2026-04-27 02:57:40'),(86,5,32,'Milk Shake Pistachio',NULL,115.00,'products/images/At5ePIeQFy1XL7gtGBbdueDNJP3UgoAz2CtpXeyy.jpg',1,0,8,'2026-04-26 23:58:29','2026-04-27 02:58:17'),(87,5,33,'Coca-Cola',NULL,55.00,'products/images/yCAsNDrF25fpT9gh9VWjapB4EtGGgsj6apR5HYge.webp',1,0,1,'2026-04-26 23:58:29','2026-04-27 00:05:22'),(88,5,33,'Perill',NULL,65.00,'products/images/TOKOWzaKL4IwmiJ028PP8c9f92jadEi6Bloyk3la.jpg',1,0,2,'2026-04-26 23:58:29','2026-04-27 00:34:00'),(89,5,33,'Schweppes',NULL,65.00,'products/images/ymVwwpCbkKIBCnSWjE4UQuL1MU3SWRFCJydJB3pk.jpg',1,0,3,'2026-04-26 23:58:29','2026-04-27 02:59:29'),(90,5,33,'Small Water',NULL,20.13,'products/images/g0mgXIHoqWbxri5AxkWOK9rSxoD6oTe1JIIfEJJN.jpg',1,0,4,'2026-04-26 23:58:29','2026-04-27 02:59:54'),(91,5,33,'Spiro Spathis',NULL,65.00,'products/images/kuxzsdO8XDnAh3yLX5EnP7PPbsCR0pcGPhNGtqxL.jpg',1,0,5,'2026-04-26 23:58:29','2026-04-27 03:00:11'),(92,5,33,'RedBull',NULL,120.00,'products/images/ERDa9a5VU7q4OAt1RsmQPx56mQVE8iGjOzOXJwAc.webp',1,0,6,'2026-04-26 23:58:29','2026-04-27 03:00:30'),(93,5,33,'Mojito Classic',NULL,120.00,'products/images/q6F4RZPzEqTTBFheGSF4C4KYTDcKNZaAVUFQInVY.webp',1,0,7,'2026-04-26 23:58:29','2026-04-27 03:00:47'),(94,5,33,'Fayrous',NULL,65.00,'products/images/4XAZ1aMkgGrPncgyak4P8OubWIA2FoAEt4kbCvs9.png',1,0,8,'2026-04-26 23:58:29','2026-04-27 03:01:23'),(95,5,33,'RedBull Mojito',NULL,145.00,'products/images/8On5lf1blYPrZeyuH3FiAwA0QyZZYEKsFgnPWtzJ.jpg',1,0,9,'2026-04-26 23:58:29','2026-04-27 03:02:29'),(96,5,33,'Cherry Cola',NULL,85.00,'products/images/HQGOQusa9MWve94C6r4dbOehwSjpGtj9zsejrIOa.jpg',1,0,10,'2026-04-26 23:58:29','2026-04-27 03:02:49'),(97,5,33,'Sunshine',NULL,85.00,'products/images/Fvj71ubdVjfmEljhPofXUJfNzReHRYGBcDq436fI.jpg',1,0,11,'2026-04-26 23:58:29','2026-04-27 03:03:30'),(98,5,33,'Star Mint',NULL,85.00,'products/images/cQ9JqmmUl95l939rcTw39k51QsK00EJxCcUke7BY.jpg',1,0,12,'2026-04-26 23:58:29','2026-04-27 03:04:03'),(99,5,34,'Cheese Cake Lotus',NULL,155.00,'products/images/12jXvVFEUpaYz0lzIP1KgpzhdKKxBcPoPVqNcmWR.jpg',1,0,13,'2026-04-26 23:58:29','2026-04-27 03:08:23'),(100,5,34,'Om Ali',NULL,125.00,'products/images/uKU1qKbR4aUnIHPefB73XfMRaAGs0OJMUOqOMPd7.jpg',1,0,1,'2026-04-26 23:58:29','2026-04-27 00:06:39'),(101,5,34,'Crape Nutella',NULL,120.00,'products/images/2kBATj2pOI5g3dVCptjZXO07eFTyP6I9kz0HPuJe.jpg',1,0,2,'2026-04-26 23:58:29','2026-04-27 00:37:40'),(102,5,34,'Molten Nutella',NULL,155.00,'products/images/Ovybkvdhc4ox0AQ29eQERohoHcYVgc6HnMcMoYg8.jpg',1,0,3,'2026-04-26 23:58:29','2026-04-27 03:05:11'),(103,5,34,'Molten Cake',NULL,155.00,'products/images/jRkWp49E0gJpt3h5LFScEeTLeKeOLo3Yc1imf7br.webp',1,0,4,'2026-04-26 23:58:29','2026-04-27 03:05:36'),(104,5,34,'Brownies Ice Cream',NULL,145.00,'products/images/6A1NXTn235dJNmlIQNE3q0A1bHagS3nb2tLdmB74.jpg',1,0,5,'2026-04-26 23:58:29','2026-04-27 03:05:59'),(105,5,34,'Chocolate Cake',NULL,145.00,'products/images/kehYHgVfrXySGZKDn0ymmcnb2J0QYBnxzb7nACKO.jpg',1,0,6,'2026-04-26 23:58:29','2026-04-27 03:06:23'),(106,5,34,'Cheese Cake Flavors',NULL,145.00,'products/images/Uvz9AEufBtpD8UmgKdAO31oradSXr23kbGuOCZeE.webp',1,0,7,'2026-04-26 23:58:29','2026-04-27 03:06:54'),(107,5,34,'Cheese Cake Pastachio',NULL,145.00,'products/images/HU36BiqOOJvbEw9dMGqnkcZ2giOXcmJFewOz4vMp.jpg',1,0,8,'2026-04-26 23:58:29','2026-04-27 03:10:17'),(108,5,34,'HoHo Madness',NULL,145.00,'products/images/rfU4DgdlryWmkaOGK860c6lig6hZ1ScXBsK2aq8w.webp',1,0,9,'2026-04-26 23:58:29','2026-04-27 03:10:42'),(109,5,34,'Oreo Madness',NULL,145.00,'products/images/XYYhWu98xPPr0EfPC2B0wJ9wcIHqvzA7Mgr0xFOs.webp',1,0,10,'2026-04-26 23:58:29','2026-04-27 03:11:06'),(110,5,34,'Chesse Madness',NULL,145.00,'products/images/KZ3pecp6MfK4kWOmRT1kStS07zfNgqb3lSGdACam.webp',1,0,11,'2026-04-26 23:58:29','2026-04-27 03:11:31'),(111,5,34,'The Tree Madness',NULL,145.00,'products/images/HdIvkb2DBRzRNgjUiiKPQMcCa8hB5yrUtPQRhExi.png',1,0,12,'2026-04-26 23:58:29','2026-04-27 03:11:45'),(112,5,34,'Waffle Nutella',NULL,120.00,'products/images/jBvWMUT77Fr35Cf3EnX7vs86TLHbtEO6K23cY0bx.jpg',1,0,13,'2026-04-26 23:58:29','2026-04-27 03:12:12'),(113,5,34,'Waffle Fruit',NULL,120.00,'products/images/N4Qi56jVoQIi3G7Qs7xewLLBjyMgfoUq5tPFqrJp.webp',1,0,14,'2026-04-26 23:58:29','2026-04-27 03:12:35'),(114,5,34,'Waffle Lotus',NULL,130.00,'products/images/QPrW9hhnk6ROlcTlC1aIQVgkYQ3YmXqmwMKRh7VZ.png',1,0,15,'2026-04-26 23:58:29','2026-04-27 03:13:23'),(115,5,34,'The Tree Waffle',NULL,155.00,'products/images/L6LOjoNuIhvLIdGnUyWRKg7kUurD6LvRBmMFbM97.png',1,0,16,'2026-04-26 23:58:29','2026-04-27 03:13:34'),(116,5,34,'Fruit Salad',NULL,140.00,'products/images/NhiESYD3WT13JeB1TPm12XzY2b16syTbrwlkll26.webp',1,0,17,'2026-04-26 23:58:29','2026-04-27 03:14:04'),(117,5,34,'Ice Cream',NULL,99.00,'products/images/1Cb3jpqgyzxOZTHQE6Ob3UjHXLh5gVIvxkYmcKPg.webp',1,0,18,'2026-04-26 23:58:29','2026-04-27 03:14:27'),(118,5,35,'Ex Milk',NULL,25.00,'products/images/gCWfEJb9ncEHEmxJiczyQAauUiuSHTsVhSyNQNNd.png',1,0,1,'2026-04-26 23:58:29','2026-04-27 00:10:33'),(119,5,35,'Ex Flav',NULL,35.00,'products/images/VWn4JsCTsLzfB72giM6ZXovwWiu4OpKzti0i2YT0.png',1,0,2,'2026-04-26 23:58:29','2026-04-27 00:37:55'),(120,5,36,'Oriental Breakfast',NULL,145.00,'products/images/DYzaB1p3TnmMllAbbuewtjWce4JfyhSdZCUkzKAU.png',1,0,1,'2026-04-26 23:58:29','2026-04-27 00:10:24'),(121,5,36,'The Tree Breakfast',NULL,165.00,'products/images/FdMlQzPKknCTCJ24ZONrdLikV5kJJNkArz4pXsWy.png',1,0,2,'2026-04-26 23:58:29','2026-04-27 00:38:09'),(122,5,36,'Turky Cheese',NULL,145.00,'products/images/17LIFfPwqeUARnshZMl0EnH2CtGgsNbSwM0NRv7X.jpg',1,0,3,'2026-04-26 23:58:29','2026-04-27 03:14:52'),(123,5,36,'Spinach Omellet',NULL,135.00,'products/images/2qLsSPYKxq2QlX28XYtYHqTbe5MOc8G8z9UdxcQz.jpg',1,0,4,'2026-04-26 23:58:29','2026-04-27 03:15:31'),(124,5,36,'Smoked Turky',NULL,135.00,'products/images/SCIAdur8ffnmMBYE3Ig4l4VLpJp7rdFKMOQlvprc.jpg',1,0,5,'2026-04-26 23:58:29','2026-04-27 03:15:53'),(125,5,37,'Tuna Salad',NULL,210.00,'products/images/5w0z2vPdX8XvyCoDqhOrgt6uckNtMcreHXIu5gdk.webp',1,0,1,'2026-04-26 23:58:29','2026-04-27 00:04:14'),(126,5,37,'Quino Greek Salad',NULL,180.00,'products/images/rzDGffhD00eK4xz7snwO0qY7MwczRgcEcQM6VSKQ.jpg',1,0,2,'2026-04-26 23:58:29','2026-04-27 00:38:43'),(127,5,37,'Chicken Caesar Salad',NULL,210.00,'products/images/afQUxPTKUkqG7wFBcdztv7SjzRV6OeKJya7ZcSzF.jpg',1,0,3,'2026-04-26 23:58:29','2026-04-27 03:16:16'),(128,5,37,'Beet Salad',NULL,220.00,'products/images/WU0Bwp8uhqbuOSCnM8okI0e0KLppmOGTF7fzHSfo.jpg',1,0,4,'2026-04-26 23:58:29','2026-04-27 03:16:35'),(129,5,37,'BabaGhanoush',NULL,74.75,'products/images/hnHadjFRNKnKJqU4mhlIrDH1AZRHHH6Rzx56q2n4.jpg',1,0,5,'2026-04-26 23:58:29','2026-04-27 03:16:54'),(130,5,37,'Garlic Salad',NULL,145.00,'products/images/nEoswCvRPRAiF4kEGt8TGZHl2xfb3lxNKLaNqaCR.jpg',1,0,6,'2026-04-26 23:58:29','2026-04-27 03:17:22'),(131,5,37,'Oriantal Salad',NULL,140.00,'products/images/o6f3anDS3GAfd75SC5sdZKKS9AITSJoCJzyYui0X.jpg',1,0,7,'2026-04-26 23:58:29','2026-04-27 03:17:43'),(132,5,37,'Tahini Salad',NULL,74.75,'products/images/WM00ob599g5VPMgmPouOl8red8BhrCpSjGcCOMo8.jpg',1,0,8,'2026-04-26 23:58:29','2026-04-27 03:18:14'),(133,5,38,'Margherita Pizza',NULL,190.00,'products/images/rDhxZYO1KyI72qHcahGXjAXisi5nEeqpsTs31t0n.jpg',1,0,1,'2026-04-26 23:58:29','2026-04-27 00:20:30'),(134,5,38,'Frutti Di Mare Pizza',NULL,290.00,'products/images/W3wHGOnYaRfQushlU8tNoiSo5AkxxBYuMGwMDEvZ.webp',1,0,2,'2026-04-26 23:58:29','2026-04-27 00:39:25'),(135,5,38,'Chicken B.Q.Q Pizza',NULL,245.00,'products/images/5DeLh7NpMfvuRBRmkaxbfZko9I8Fm4KyOahMs4Ke.jpg',1,0,3,'2026-04-26 23:58:29','2026-04-27 03:18:38'),(136,5,38,'Chicken Ranch Pizza',NULL,255.00,'products/images/7LRumWF5cl02GFooQR9VYLM0gnFcLDRX07m55sQw.jpg',1,0,4,'2026-04-26 23:58:29','2026-04-27 03:18:58'),(137,5,38,'Vegetable Pizza',NULL,230.00,'products/images/IzGYxISWrW1DlEQ2lQHFuhrWnnV224PWq3Tz1GVz.jpg',1,0,5,'2026-04-26 23:58:29','2026-04-27 03:19:18'),(138,5,38,'Di Carne Pizza',NULL,264.50,'products/images/HaN0N2RDQysVDlvKEnaWGYyik1PEZUyy0abfNWuh.jpg',1,0,6,'2026-04-26 23:58:29','2026-04-27 03:19:38'),(139,5,38,'Pepperoni Pizza',NULL,265.00,'products/images/eo3X7PyjcSzvvxX46VYM1tikqssDjyMFlQqeDpp0.jpg',1,0,7,'2026-04-26 23:58:29','2026-04-27 03:19:58'),(140,5,38,'The Tree Pizza',NULL,275.00,'products/images/b1qncAJw1G7bioGS0LEm6zdPRhWtH6jeCmfgX2yH.png',1,0,8,'2026-04-26 23:58:29','2026-04-27 03:20:11'),(141,5,39,'Chicken Grill',NULL,380.00,'products/images/q3JfP6lh8eQCvbl4PuB9VdyOgzkZJtiKzYUBn9GJ.jpg',1,0,1,'2026-04-26 23:58:29','2026-04-27 00:21:05'),(142,5,39,'Sweet Chili Chicken',NULL,375.00,'products/images/KoEylckdoF8O2mvmLkPqf2YCnRtKjGFW6JDUKD1k.jpg',1,0,2,'2026-04-26 23:58:29','2026-04-27 00:39:55'),(143,5,39,'The Tree Chicken',NULL,390.00,'products/images/1vbNiav7I9IUxXnHc6LlHfBMqTnYGUgz2DCfvVWU.png',1,0,3,'2026-04-26 23:58:29','2026-04-27 03:23:48'),(144,5,39,'Chicken Fajitas',NULL,395.00,'products/images/McKU1yNKSlGMERmhRjAQmHEmpanlB8IOt80dg4N8.jpg',1,0,4,'2026-04-26 23:58:29','2026-04-27 03:24:12'),(145,5,40,'Beef Fajitas',NULL,485.00,'products/images/Uz2COARVT4ScXsLhDoUA2eKNoxiDyzYue2CqUxGT.jpg',1,0,1,'2026-04-26 23:58:29','2026-04-27 00:12:41'),(146,5,40,'Grilled Rib Eye',NULL,550.00,'products/images/28wSpiWMkAxQ1nu1XlvW4fRcGPIzViFCvdgLf8Jn.webp',1,0,2,'2026-04-26 23:58:29','2026-04-27 00:40:36'),(147,5,40,'Beef Madeilion',NULL,535.00,'products/images/dicsTp6nIhF9XP38S5FKmbTyRXhGtEICaQqkWhBR.webp',1,0,3,'2026-04-26 23:58:29','2026-04-27 03:24:34'),(148,5,40,'Beef Piccata',NULL,540.00,'products/images/tx8malhCKVNxPYazFbZRGAvke6WCpO5CWfJoqMHb.jpg',1,0,4,'2026-04-26 23:58:29','2026-04-27 03:25:00'),(149,5,41,'Chicken Alfredo Pasta',NULL,245.00,'products/images/x29d6Now1niJy6AAVyDZp2gsc3N11RMTcdXrL9QW.jpg',1,0,1,'2026-04-26 23:58:29','2026-04-27 00:22:34'),(150,5,41,'Arabiata',NULL,170.00,'products/images/qnvhrMhvdU5GSOwB4Uqlh0OhoJGkPtY1dui3UfSN.jpg',1,0,2,'2026-04-26 23:58:29','2026-04-27 00:41:21'),(151,5,41,'Rosa Lasagna',NULL,265.00,'products/images/yqzuCwKdK50v4JKvNfBewf3Xzb6s7sk7PvDIaOKV.jpg',1,0,3,'2026-04-26 23:58:29','2026-04-27 03:25:27'),(152,5,41,'Seafood Pasta','seafoad',325.00,'products/images/iSgE6wbppr5NbAmcQVSI2hRzvC9IEzsBZcbbuVts.jpg',1,0,4,'2026-04-26 23:58:29','2026-04-27 03:26:04'),(153,5,41,'Spaghetti Bolognese',NULL,220.00,'products/images/AiyUTpgAkSvDN9oFK1cOOebVy3x64OwcCR7YJkRu.jpg',1,0,5,'2026-04-26 23:58:29','2026-04-27 03:26:38'),(154,5,41,'Mac And Cheese Pasta',NULL,250.00,'products/images/mWrXxe0oX8vbbdUkLdqPxPpCGr1uQmbr7B9gvx7d.jpg',1,0,6,'2026-04-26 23:58:29','2026-04-27 03:26:57'),(155,5,41,'Chicken Pesto Pasta',NULL,240.00,'products/images/rXStdeQXLWNrJIq6FLQ3Syz1FSShrUGamsp7ow9H.jpg',1,0,7,'2026-04-26 23:58:29','2026-04-27 03:27:15'),(156,5,41,'Mushroom Risotto',NULL,255.00,'products/images/bpMXfBbZ9WuJzi2wytqFRCmi4OhXWXPXtuzr21fE.webp',1,0,8,'2026-04-26 23:58:29','2026-04-27 03:27:39'),(157,5,41,'Seafood Risotto',NULL,325.00,'products/images/SsOECjkhRWoE21kefwZVSBewRcI1pzu5pv5QZ7Pv.jpg',1,0,9,'2026-04-26 23:58:29','2026-04-27 03:27:59'),(158,5,42,'Mexican Chicken Burrito',NULL,149.50,'products/images/ZTIEnvcFzoZ08FGrghF3d8OLPMcxDuWAsbjUBbOs.jpg',1,0,1,'2026-04-26 23:58:29','2026-04-27 00:12:01'),(159,5,42,'Mozzarella Sticks',NULL,175.00,'products/images/RY2MMlNDzBNjzfZ0tCuRpO7lLgrWPmMWyFMXNaba.jpg',1,0,2,'2026-04-26 23:58:29','2026-04-27 00:41:55'),(160,5,42,'Gourmet Potatoes',NULL,175.00,'products/images/WiNlnJXmmI0v0hUXzDBjP21SdTrD4sifK7G990rv.jpg',1,0,3,'2026-04-26 23:58:29','2026-04-27 03:28:34'),(161,5,42,'Amrancini Polo',NULL,185.00,'products/images/7lLzbbnKXD60mt2VN0JyQsMj1tdaEm7i0OWnbwJ6.png',1,0,4,'2026-04-26 23:58:29','2026-04-27 22:39:52'),(162,5,42,'Fritto Misto',NULL,220.00,'products/images/nyWHSQPcOsqXdQkUyLHmOG1Duw3ZFLKCJb52LtEf.jpg',1,0,5,'2026-04-26 23:58:29','2026-04-27 03:29:05'),(163,5,42,'Mexican Chicken Quesadilla',NULL,210.00,'products/images/SU53FcnzQh5UHsSrTNCLE7OeY5hsHIYxotbIrVys.jpg',1,0,6,'2026-04-26 23:58:29','2026-04-27 03:29:27'),(164,5,42,'Mexican Beef Quesadilla',NULL,220.00,'products/images/YuyWBltj9hSXvzgsM65UDfpdimGKb5xcBiaPO3yu.jpg',1,0,7,'2026-04-26 23:58:29','2026-04-27 03:29:47'),(165,5,42,'Classic Mexican Nachos',NULL,135.00,'products/images/JuCcsZUR4L37x9zci1SP5dGj0aV98AhdEcqBkiQh.jpg',1,0,8,'2026-04-26 23:58:29','2026-04-27 03:30:14'),(166,5,43,'Chicken Soup',NULL,135.00,'products/images/XWhETxtiZpeGv5CunUBfRN5LGJYGidns8NcrbQTU.jpg',1,0,1,'2026-04-26 23:58:29','2026-04-27 00:24:04'),(167,5,43,'Mushroom Soup',NULL,130.00,'products/images/1djGpYHgHYkvQqglLV7gXayTAYpNrOhoqxUkPIWl.jpg',1,0,2,'2026-04-26 23:58:29','2026-04-27 03:30:33'),(168,5,43,'Seafood Soup',NULL,165.00,'products/images/0T0l3TtkIKXhNaWVqtFIIRUsIhYHOp7xV8UellFv.webp',1,0,3,'2026-04-26 23:58:29','2026-04-27 03:30:50'),(169,5,43,'شوربة عدس',NULL,85.00,'products/images/W3SCDlyXX48WkpbUImi3rV6MU4tqdLtDEICTXTUZ.jpg',1,0,4,'2026-04-26 23:58:29','2026-04-27 03:31:06'),(170,5,43,'Italian Minestrone Soup',NULL,110.00,'products/images/Pjto7w9eth7msd9fh4qFzmZ1Voo9x19qD4nQBGOt.jpg',1,0,5,'2026-04-26 23:58:29','2026-04-27 03:31:29'),(171,5,44,'Grilled Salamon',NULL,525.00,'products/images/L6Vc1ETvvJ2IkpnweGLG62BgH1jCIepvUKb4yLUo.jpg',1,0,1,'2026-04-26 23:58:29','2026-04-27 00:24:29'),(172,5,44,'Grilled Shrimps',NULL,490.00,'products/images/8tyShMdAWPQjedeeOcxtymeyOiqNoFck8oYE7dyI.jpg',1,0,2,'2026-04-26 23:58:29','2026-04-27 03:31:54'),(173,5,44,'Crab Sauce Shrimp',NULL,490.00,'products/images/COP2zbsaBxTiZhzsZhA6e3iomHOslrUbZO3XUJYj.jpg',1,0,3,'2026-04-26 23:58:29','2026-04-27 03:32:21'),(174,5,44,'Fish And Chips',NULL,255.00,'products/images/keBFGdjoweHg09EGFdSr10edKbbZCt08ajyWH5SM.jpg',1,0,4,'2026-04-26 23:58:29','2026-04-27 03:32:53'),(175,5,45,'Mix Grill',NULL,440.00,'products/images/dAffik8Bdua4phpgx2r5iIJ8SJp30GeGozC3rHC3.jpg',1,0,1,'2026-04-26 23:58:29','2026-04-27 00:25:34'),(176,5,45,'Chicken Mashab',NULL,395.00,'products/images/TtuVwBK2UEr5pHLIiUbVf2CUplvpqR8YoTtVG6nC.png',1,0,2,'2026-04-26 23:58:29','2026-04-27 22:35:46'),(177,5,45,'Shish Tawok',NULL,385.00,'products/images/2BQ8AJrETzAw0STGetSVaZ8QOFKfAKZAqLnaU3UQ.jpg',1,0,3,'2026-04-26 23:58:29','2026-04-27 22:36:14'),(178,5,46,'Steak Sandwish',NULL,230.00,'products/images/fbjkqsqWkq8QahvcrdklQg2qlyXJMcBKZcErIXZ3.jpg',1,0,1,'2026-04-26 23:58:29','2026-04-27 00:25:59'),(179,5,46,'Mexican Sandwish',NULL,175.00,'products/images/xIz1UIavC7T0hCeliEV8aiKoRpfKbKyfXSxBjQYh.jpg',1,0,2,'2026-04-26 23:58:29','2026-04-27 22:37:10'),(180,5,46,'Chicken Ransh Sando',NULL,165.00,'products/images/72aBba8ZFkMj23JvvyOumGMEPceKZU3jfKI8KXel.jpg',1,0,3,'2026-04-26 23:58:29','2026-04-27 22:37:38'),(181,5,46,'Panini Vegan Sandwish',NULL,165.00,'products/images/su3KIsPbQ9J7Owcarx329gxecUmatatRBWiZBhgX.jpg',1,0,4,'2026-04-26 23:58:29','2026-04-27 22:38:02'),(182,5,46,'Shrimp Sandwish',NULL,230.00,'products/images/Q9FSuD34x4VI1XjZLU2QMPaoLIRYxaPqmELQ53Mx.jpg',1,0,5,'2026-04-26 23:58:29','2026-04-27 22:38:21'),(183,5,46,'Chicken Fajita Sando',NULL,220.00,'products/images/oExy3vl9DDBpLrBF2RhVQjI2LJspBzX8WiODTnLZ.jpg',1,0,6,'2026-04-26 23:58:29','2026-04-27 22:38:40'),(184,5,46,'Shawarma Wrap',NULL,149.50,'products/images/XMkPgDRwndw3hITa5jszDKSg6XKUe5ShwEGrBjjm.jpg',1,0,7,'2026-04-26 23:58:29','2026-04-27 22:39:20'),(185,5,46,'Fried Chicken Warp',NULL,230.00,'products/images/4N0XsjFEuBLc1qIMmGPhqPytgFUiTPwnwDuPfvfz.jpg',1,0,8,'2026-04-26 23:58:29','2026-04-27 07:03:35'),(186,5,46,'Classic Burger',NULL,240.00,'products/images/J6hpWwhCNbYaLTgTKGR8wzBzINGSFt40wvG0NVEP.jpg',1,0,9,'2026-04-26 23:58:29','2026-04-27 07:04:00'),(187,5,46,'The Tree Burger',NULL,265.00,'products/images/eVo08DUtOzHl1mMuYv078QoZGab8mEGbHnrtwtUT.jpg',1,0,10,'2026-04-26 23:58:29','2026-04-27 07:08:57'),(188,5,47,'Mini Burger',NULL,190.00,'products/images/7uTWIWeubC9CkywHiGX6hduwRQVXyXcWDodQ7QCM.webp',1,0,1,'2026-04-26 23:58:29','2026-04-27 00:26:33'),(189,5,47,'Strips With Fries',NULL,205.00,'products/images/4Kh4bs3C1FtymTn9I8RjzpHrxMcZrlcDiG8TDrEh.webp',1,0,2,'2026-04-26 23:58:29','2026-04-27 07:10:47'),(190,5,48,'Mash Potato',NULL,60.00,'products/images/ygz2BQdUwSOSLszJXDILO85p1Zt3EZfu5DUXFTJN.jpg',1,0,1,'2026-04-26 23:58:29','2026-04-27 00:26:54'),(191,5,48,'White Rice',NULL,50.00,'products/images/wISDYXYNHGLAY6153NXzH5YxSigPkfv87zwXgDXd.webp',1,0,2,'2026-04-26 23:58:29','2026-04-27 07:11:10'),(192,5,48,'Oriantal Rice',NULL,65.00,'products/images/yoCiOdCaIyFYMSyDxpy9LKPxz9jHfKab2ABwAGK4.jpg',1,0,3,'2026-04-26 23:58:29','2026-04-27 07:11:53'),(193,5,48,'Sautéed Vegetables',NULL,70.00,'products/images/lu015L0lEZQHkXOFEagL5KGRtmp5w9s84t1J6ahY.jpg',1,0,4,'2026-04-26 23:58:29','2026-04-27 07:12:13'),(194,5,48,'French Frise',NULL,70.00,'products/images/X654pm46ybkUTWsI15lD1uHsbxlZgAXkdzmPMSNa.jpg',1,0,5,'2026-04-26 23:58:29','2026-04-27 07:12:44'),(195,5,48,'Frash Frise L',NULL,90.00,'products/images/1KllnL4jGfaTEXbWfU8wP8oJ2RdJTy6SBQYUR6Vr.jpg',1,0,6,'2026-04-26 23:58:29','2026-04-27 07:12:55'),(196,5,48,'Shrimp',NULL,145.00,'products/images/TTdwILpfMJAeyRFJBOJpvWErwkk6PyE6nPOPipXH.jpg',1,0,7,'2026-04-26 23:58:29','2026-04-27 07:13:30'),(197,5,48,'Chicken',NULL,90.00,'products/images/F7dACzF8u3D7RX3MXadqwuzQPHnAx1JJe9ezHbx6.jpg',1,0,8,'2026-04-26 23:58:29','2026-04-27 07:14:11'),(198,5,48,'Cheese',NULL,74.75,'products/images/q9x1V7fQ4OceoYtm0qIYFjLQ3o2Oy4h1qLdEuTsU.jpg',1,0,9,'2026-04-26 23:58:29','2026-04-27 07:14:39'),(199,5,48,'Pasta White',NULL,105.00,'products/images/jNt2sFi0mUr6vHMTmVsKrsUQPpanT8w2qUTHLIH6.jpg',1,0,10,'2026-04-26 23:58:29','2026-04-27 07:15:05'),(200,5,48,'Pasta Red',NULL,90.00,'products/images/mdVMK77DAmzJVUwhiGff1tuXlkDVQNNapwCuoSIJ.webp',1,0,11,'2026-04-26 23:58:29','2026-04-27 07:15:39'),(201,5,48,'Rice Basmati',NULL,75.00,'products/images/BmBdU9WqL5oB4WgY4phjHBYI4DEbZHH4xkR0IPXD.jpg',1,0,12,'2026-04-26 23:58:29','2026-04-27 07:16:20'),(202,5,48,'Rice White',NULL,40.25,'products/images/CUNM95SJTZH9ESvaky2Soj4kzmkKanql75Vk227d.webp',1,0,13,'2026-04-26 23:58:29','2026-04-27 07:16:32'),(203,5,48,'Basket Bread',NULL,30.00,'products/images/Od8M5p34FnsVgY5SIVGDitY0R87eW8tXTcseK4c5.webp',1,0,14,'2026-04-26 23:58:29','2026-04-27 07:17:16'),(204,5,48,'Ex Mashroom',NULL,45.00,'products/images/W2uH7S9sRORZW7bk9pkfsvhJhI7qXbRxFTiOrFw9.jpg',1,0,15,'2026-04-26 23:58:29','2026-04-27 07:18:02'),(205,5,49,'شيشه فواكه',NULL,175.00,'products/images/jEpYNHMmIyqqKjiMdzo7bS9RtzHbH8ngmoXl6MPT.webp',1,0,1,'2026-04-26 23:58:29','2026-04-27 00:27:28'),(206,5,49,'ذا ترى شيشه',NULL,205.00,'products/images/fgsWyVYPtY6MqSwfOocnA2ZvOQzvWXEXaikWk672.jpg',1,0,2,'2026-04-26 23:58:29','2026-04-27 07:19:27'),(207,5,49,'لى طبى',NULL,25.00,'products/images/jz4Ycg2qK2b1vsnodxqwb2elunlLnxKBrT0h0azd.png',1,0,3,'2026-04-26 23:58:29','2026-04-27 07:20:05'),(208,5,49,'شيشه اسكندرانى',NULL,70.00,'products/images/UYyzCCKHYhqIRF2g2xROy7Whrp5yC8hWtvuSsQ4a.jpg',1,0,4,'2026-04-26 23:58:29','2026-04-27 07:20:17'),(209,5,49,'شيشه معسل',NULL,50.00,'products/images/Hl2cnLn3UtAolMSNiXP66AiqUkshHuKcraecF3u8.webp',1,0,5,'2026-04-26 23:58:29','2026-04-27 07:21:12'),(210,5,49,'غيار فواكه',NULL,110.00,'products/images/gOztKZOItGypKV8rbs4HUjNoOROj4t3rDSNWUQYS.jpg',1,0,6,'2026-04-26 23:58:29','2026-04-27 07:21:50'),(414,6,72,'Tea - شاي',NULL,45.00,'products/images/nUbjN3yfOVf2nCvy6El1mDXQqKkK08R5velHdVH4.webp',1,0,1,'2026-05-12 01:44:12','2026-05-12 01:44:28'),(415,6,72,'Green Tea - شاي أخضر',NULL,45.00,'products/images/F6PpjIqZQ3BWXnZO4IdyxdJEXDQmDhZZeDWAbIam.jpg',1,0,2,'2026-05-12 01:44:12','2026-05-12 01:44:35'),(416,6,72,'Anise Tea - ينسون',NULL,45.00,'products/images/1Ra9Wv8sxu6eE6PiPY85JctVjCe1t10AOEr3XjGb.jpg',1,0,3,'2026-05-12 01:44:12','2026-05-12 01:44:42'),(417,6,72,'Herbal Mix - ميكس أعشاب',NULL,45.00,'products/images/Wnqek0c9WAUIq89w82TMxC49tIChsdFMlBGRs738.jpg',1,0,4,'2026-05-12 01:44:12','2026-05-12 01:44:56'),(418,6,72,'Moroccan Tea - شاي مغربي',NULL,55.00,'products/images/fvHku0zzhVc1i7DW8sIqVAPJWXN3WKBllu72ynGg.jpg',1,0,5,'2026-05-12 01:44:12','2026-05-12 01:45:04'),(421,6,72,'Karak Tea - شاي كرك',NULL,100.00,'products/images/WA5MjhFIeuRrx8Q8sFwl4c33x37JA4bUmMa0qerj.webp',1,0,8,'2026-05-12 01:44:12','2026-05-12 01:45:25'),(423,6,72,'Special Sahlab - سحلب مميز',NULL,110.00,'products/images/RUyWjhnYDZoyDbQ4kl4U38HJrwjSj9ZzyEV5twLx.webp',1,0,10,'2026-05-12 01:44:12','2026-05-12 01:45:42'),(425,6,72,'Hot Chocolate Marshmallow - هوت شوكولاتة مارشميلو',NULL,85.00,'products/images/dCDLodUOhHmaOL9HpigDBQuwi9oTKBIYZS7Eos3j.jpg',1,0,12,'2026-05-12 01:44:12','2026-05-12 01:45:55'),(429,6,94,'Affogato Coffee - أفوجاتو كوفي',NULL,80.00,'products/images/y6xiDXmYepDjoUA67Neyy5CbZw0g1PmkOTlv14pA.jpg',1,0,16,'2026-05-12 01:44:12','2026-05-14 09:43:27'),(431,6,72,'Hot Cider - هوت سيدر',NULL,85.00,'products/images/DoSncynkzOKCUb5sJtWl5EgsTjHZNHejkD2eekKI.jpg',1,0,18,'2026-05-12 01:44:12','2026-05-12 01:59:03'),(432,6,94,'Turkish Coffee Single - قهوة تركي سنجل',NULL,50.00,'products/images/E17nwLvhYxDmppQoRb0WJJQoCJE4i9beChY2lZAc.jpg',1,0,19,'2026-05-12 01:44:12','2026-05-14 09:31:19'),(433,6,94,'Turkish Coffee Double - قهوة تركي دبل',NULL,70.00,'products/images/SxNxEHVxaSbsnOuxPtHQu5wKlYZ6JXHtqsWLDlHO.jpg',1,0,20,'2026-05-12 01:44:12','2026-05-14 09:31:42'),(434,6,94,'Espresso Single - إسبرسو سنجل',NULL,55.00,'products/images/PHd7oJqVfp2dBScwZceimKuWk3XAoNhJ5DDpiTSg.jpg',1,0,21,'2026-05-12 01:44:12','2026-05-14 09:32:02'),(435,6,94,'Espresso Double - إسبرسو دبل',NULL,75.00,'products/images/Q4unDxUynrKouOujeKo6G7z0XbgO2VWIHQZHM1YZ.jpg',1,0,22,'2026-05-12 01:44:12','2026-05-14 09:32:18'),(436,6,94,'Macchiato Single - ميكاتو سنجل',NULL,60.00,'products/images/WiPal6ujzjdXfi1WkwbLqUYKE2QNn0DG1qLgcXtg.jpg',1,0,23,'2026-05-12 01:44:12','2026-05-14 09:32:34'),(437,6,94,'Macchiato Double - ميكاتو دبل',NULL,80.00,'products/images/8YWrmxeZnQ1m4HC12Yvyw5PdBuM2kSETZIGnyjAg.jpg',1,0,24,'2026-05-12 01:44:12','2026-05-14 09:32:51'),(438,6,94,'American Coffee - أمريكان كوفي',NULL,95.00,'products/images/TJ1zfnGqe7Rq3yetQNUN4IIw2QQzqq3rWC2ruRy4.webp',1,0,25,'2026-05-12 01:44:12','2026-05-21 21:37:07'),(439,6,94,'French Coffee - قهوة فرنساوي',NULL,75.00,'products/images/2JLfK0wY78xSXf1zbK6lNm2HN7rmKjO8hTM1A9hm.jpg',1,0,26,'2026-05-12 01:44:12','2026-05-14 09:33:34'),(440,6,94,'Hazelnut Coffee - قهوة بندق',NULL,80.00,'products/images/LIVFPKKqNvGRrhGGGwoS4PPAS6RkUIdZ26SQ8iqE.jpg',1,0,27,'2026-05-12 01:44:12','2026-05-14 09:33:49'),(441,6,94,'Cortado - كورتادو',NULL,80.00,'products/images/lqWSUTMjFgdFdZiTPoMXkVfzhF4qMXKj75Ru6ypV.jpg',1,0,28,'2026-05-12 01:44:12','2026-05-14 09:34:49'),(442,6,94,'Nescafe - نسكافيه',NULL,95.00,'products/images/7DkXuvuoPQHIwNIQAaCe7FQHUrbDMjAXVaMUu1gh.webp',1,0,29,'2026-05-12 01:44:12','2026-05-21 21:37:40'),(443,6,94,'Latte - لاتيه',NULL,95.00,'products/images/c6hQnS47daoydlQZrL9Mm6B6ZQZrdnO1mHov12nZ.jpg',1,0,30,'2026-05-12 01:44:12','2026-05-21 21:38:01'),(444,6,94,'Cappuccino - كابتشينو',NULL,105.00,'products/images/qwUA9IePRRJD2abp1ZnmOYHPMYFxeCODGDyqXt7R.jpg',1,0,31,'2026-05-12 01:44:12','2026-05-21 21:38:30'),(445,6,94,'Spanish Latte - سبانش لاتيه',NULL,110.00,'products/images/1g1PLH6LXD4WvANs1jXh3dyyRFjHjHEYx7llDXaZ.webp',1,0,32,'2026-05-12 01:44:12','2026-05-21 21:38:44'),(448,6,95,'Matcha Latte - ماتشا لاتيه',NULL,95.00,'products/images/RTvgTxnq7GUOZ1I3cdpp4JXEN39hfQKwzHwcKhNy.jpg',1,0,35,'2026-05-12 01:44:12','2026-05-14 09:47:46'),(449,6,94,'Mocha - موكا',NULL,110.00,'products/images/ir3SWBOnpLOeYNsho7Y3LJJ8r0kn4zIvgJzl8z2H.jpg',1,0,36,'2026-05-12 01:44:12','2026-05-21 21:39:15'),(450,6,73,'Iced Latte - آيس لاتيه',NULL,95.00,'products/images/zPq7utNEBwLmZA0TitxKDsjLXwR6mQ5lsTgwH4Cm.webp',1,0,1,'2026-05-12 01:44:12','2026-05-21 21:40:37'),(451,6,73,'Iced Cappuccino - آيس كابتشينو',NULL,105.00,'products/images/iG9zqa66EDPeNqMSaCxIcVsgXphLH47TSmBmw9No.jpg',1,0,2,'2026-05-12 01:44:12','2026-05-21 21:41:00'),(452,6,73,'Iced Chocolate - آيس شوكولاتة',NULL,140.00,'products/images/rQoYqiaW1NHNL7lUS0WitJ0Wf4fQzf1eZSsrrKvM.jpg',1,0,3,'2026-05-12 01:44:12','2026-05-21 21:42:05'),(453,6,95,'Iced Matcha Latte - آيس ماتشا لاتيه',NULL,125.00,'products/images/x88g04zY4ApdUIYNZilzl0eEUE5nkjYI0EAf2fE2.jpg',1,0,4,'2026-05-12 01:44:12','2026-05-21 21:53:15'),(454,6,96,'Iced Boba Latte - آيس بوبا لاتيه',NULL,130.00,'products/images/bQ9yusUWKEkthRgUDyz1ZvCsu8bOh6qkiZ3CZff8.jpg',1,0,5,'2026-05-12 01:44:12','2026-05-14 09:50:28'),(455,6,73,'Iced Americano - آيس أمريكانو',NULL,100.00,'products/images/Rt4CM3u22q1UtXOODoOfYNoFFW59uKbktfgvNu1m.jpg',1,0,6,'2026-05-12 01:44:12','2026-05-21 21:43:03'),(457,6,73,'Iced Mocha - آيس موكا',NULL,110.00,'products/images/vtdzaEThPLMVR93gl2xvjLHEMJscK7Jcxg4ypFI3.webp',1,0,8,'2026-05-12 01:44:12','2026-05-21 21:47:28'),(458,6,73,'Iced Spanish Latte - آيس سبانش لاتيه',NULL,140.00,'products/images/nocegArmCxEnPWqlCTXrdyGwNi8RTjD6C3TZ7IQB.jpg',1,0,9,'2026-05-12 01:44:12','2026-05-21 21:43:30'),(460,6,73,'Frappe - فرابيه',NULL,135.00,'products/images/TPUMn4gwLueOZzwbFMIEcTRuUTgm8s2AFhZn0tR5.jpg',1,0,11,'2026-05-12 01:44:12','2026-05-21 21:47:51'),(461,6,74,'Mojito - موخيتو',NULL,105.00,'products/images/g7q24VUBUw6Voo0TKoIErcXkmIHDvgNvuxi1iBm3.webp',1,0,1,'2026-05-12 01:44:12','2026-05-12 02:21:27'),(464,6,74,'Pina Colada - بينا كولادا',NULL,125.00,'products/images/X8ZnqJF8tNrL4fE5O2WkrCfICYF8lyYF0CXGXv5B.webp',1,0,4,'2026-05-12 01:44:12','2026-05-14 09:55:17'),(465,6,74,'Green Lagoon - جرين لاجون',NULL,105.00,'products/images/LUtLnGMC0sEv3j7JSP4XZOA51vAfSKvGzKGE3fO4.webp',1,0,5,'2026-05-12 01:44:12','2026-05-12 02:23:51'),(466,6,74,'Sunshine - صن شاين',NULL,105.00,'products/images/mcAaS6QkTHHwLVROj2j4F49LlPeDxfW7p6CXLCkz.jpg',1,0,6,'2026-05-12 01:44:12','2026-05-12 02:24:35'),(469,6,74,'sun set - صن سيت',NULL,135.00,'products/images/seed_photo_photo-1513558161293-cdaf765ed2fd.jpg',1,0,9,'2026-05-12 01:44:12','2026-05-28 04:59:48'),(470,6,74,'blue smile - بلو سمايل',NULL,145.00,'products/images/dZAw7xwZxgmIdi3VKsEG33ECfEAysfw0THxULjM9.webp',1,0,10,'2026-05-12 01:44:12','2026-05-14 10:02:28'),(471,6,74,'mojato Redbull - موهيتو طاقة',NULL,165.00,'products/images/seed_photo_photo-1513558161293-cdaf765ed2fd.jpg',1,0,11,'2026-05-12 01:44:12','2026-05-28 04:59:48'),(474,6,75,'Mango - مانجو',NULL,105.00,'products/images/9cA698JtbDfEtoRfxlakG6jfwYWgduX0VnZ7ggSh.jpg',1,0,1,'2026-05-12 01:44:12','2026-05-21 21:48:11'),(475,6,75,'Orange - برتقال',NULL,95.00,'products/images/LtY5DZkAArjzggoWWNi6VB3arJ1T65CIj0JIXabG.jpg',1,0,2,'2026-05-12 01:44:12','2026-05-21 21:48:29'),(476,6,75,'Guava - جوافة',NULL,95.00,'products/images/SkmUy17HUk1vUiuyBIXkT94SMqLswcjxrwvaOBEB.jpg',1,0,3,'2026-05-12 01:44:12','2026-05-21 21:48:48'),(477,6,75,'Strawberry - فراولة',NULL,95.00,'products/images/ZGEj5gFi09lNqHrvBZM6beR5vcUac0XqcCWJUrlq.jpg',1,0,4,'2026-05-12 01:44:12','2026-05-21 21:49:41'),(478,6,75,'Lemon Mint - ليمون نعناع',NULL,85.00,'products/images/ZPMQZgC9ODDKnnmUqXPuRc9bLiHzHLMgwCkb9UCW.jpg',1,0,5,'2026-05-12 01:44:12','2026-05-21 21:49:59'),(480,6,75,'Avocado - أفوكادو',NULL,175.00,'products/images/Uro6nYAVljBKWvwKa0KkNarmaRWUAK7qRSKyx6Ba.webp',1,0,7,'2026-05-12 01:44:12','2026-05-21 21:50:37'),(483,6,75,'Watermelon - بطيخ',NULL,105.00,'products/images/4uKpArl65SGVJ1fXaGUzCRQ6ExmFD8lamMyj3bR8.jpg',1,0,10,'2026-05-12 01:44:12','2026-05-21 21:50:58'),(484,6,75,'Banana with Milk - موز بلبن',NULL,115.00,'products/images/UDpNYlFbp1zsB7RTNgongxPt2BnKwrFCIkaVE0bc.jpg',1,0,11,'2026-05-12 01:44:12','2026-05-21 21:51:21'),(485,6,76,'Mango Smoothie - سموذي مانجو',NULL,130.00,'products/images/CemDHhg0cmfqRbvg7piNB0elVpzFAhXEPhs84HYK.jpg',1,0,1,'2026-05-12 01:44:12','2026-05-21 21:54:01'),(486,6,76,'Strawberry Smoothie - سموذي فراولة',NULL,130.00,'products/images/e2kFh7bRe6GKE8ckwxeCsWwbFZgs3Ral29JxSpxs.jpg',1,0,2,'2026-05-12 01:44:12','2026-05-21 21:54:27'),(487,6,76,'Mango Kiwi Smoothie - سموذي مانجو كيوي',NULL,145.00,'products/images/seed_photo_photo-1553530979-7ee52a2670c4.jpg',1,0,3,'2026-05-12 01:44:12','2026-05-28 05:08:38'),(488,6,76,'Pineapple Smoothie - سموذي أناناس',NULL,135.00,'products/images/seed_photo_photo-1553530979-7ee52a2670c4.jpg',1,0,4,'2026-05-12 01:44:12','2026-05-28 05:08:38'),(489,6,76,'Kiwi Smoothie - سموذي كيوي',NULL,145.00,'products/images/seed_photo_photo-1553530979-7ee52a2670c4.jpg',1,0,5,'2026-05-12 01:44:12','2026-05-28 05:08:38'),(491,6,76,'Passion Smoothie - سموذي باشون',NULL,140.00,'products/images/seed_photo_photo-1553530979-7ee52a2670c4.jpg',1,0,7,'2026-05-12 01:44:12','2026-05-28 05:08:38'),(492,6,76,'Peach Smoothie - سموذي خوخ',NULL,140.00,'products/images/seed_photo_photo-1553530979-7ee52a2670c4.jpg',1,0,8,'2026-05-12 01:44:12','2026-05-28 05:08:38'),(493,6,76,'Lemon Mint Smoothie - سموذي ليمون نعناع',NULL,115.00,'products/images/seed_photo_photo-1553530979-7ee52a2670c4.jpg',1,0,9,'2026-05-12 01:44:12','2026-05-28 05:08:38'),(494,6,76,'Watermelon Smoothie - سموذي بطيخ',NULL,119.99,'products/images/seed_photo_photo-1553530979-7ee52a2670c4.jpg',1,0,10,'2026-05-12 01:44:12','2026-05-28 05:08:38'),(495,6,77,'Oreo Milkshake - ميلك شيك أوريو',NULL,150.00,'products/images/seed_photo_photo-1572490122747-3968b75cc699.jpg',1,0,1,'2026-05-12 01:44:12','2026-05-28 04:59:48'),(499,6,77,'Brownies Milkshake - ميلك شيك براونيز',NULL,180.00,'products/images/seed_photo_photo-1572490122747-3968b75cc699.jpg',1,0,5,'2026-05-12 01:44:12','2026-05-28 04:59:48'),(500,6,77,'Vanilla Milkshake - ميلك شيك فانيلا',NULL,145.00,'products/images/seed_photo_photo-1572490122747-3968b75cc699.jpg',1,0,6,'2026-05-12 01:44:12','2026-05-28 04:59:48'),(501,6,77,'Chocolate Milkshake - ميلك شيك شوكولاتة',NULL,145.00,'products/images/seed_photo_photo-1572490122747-3968b75cc699.jpg',1,0,7,'2026-05-12 01:44:12','2026-05-28 04:59:48'),(502,6,77,'Mango Milkshake - ميلك شيك مانجو',NULL,145.00,'products/images/seed_photo_photo-1572490122747-3968b75cc699.jpg',1,0,8,'2026-05-12 01:44:12','2026-05-28 04:59:48'),(503,6,77,'Strawberry Milkshake - ميلك شيك فراولة',NULL,145.00,'products/images/seed_photo_photo-1572490122747-3968b75cc699.jpg',1,0,9,'2026-05-12 01:44:12','2026-05-28 04:59:48'),(508,6,77,'Cheesecake Milkshake - ميلك شيك تشيز كيك',NULL,195.00,'products/images/seed_photo_photo-1572490122747-3968b75cc699.jpg',1,0,14,'2026-05-12 01:44:12','2026-05-28 04:59:48'),(509,6,78,'Waffle - وافل',NULL,165.00,'products/images/seed_photo_photo-1551024506-0bccd828d307.jpg',1,0,1,'2026-05-12 01:44:12','2026-05-28 04:59:48'),(511,6,78,'Classic Crepe - كريب كلاسيك',NULL,155.00,'products/images/seed_photo_photo-1551024506-0bccd828d307.jpg',1,0,3,'2026-05-12 01:44:12','2026-05-28 04:59:48'),(515,6,78,'Om Ali - أم علي',NULL,185.00,'products/images/seed_photo_photo-1551024506-0bccd828d307.jpg',1,0,7,'2026-05-12 01:44:12','2026-05-28 04:59:48'),(516,6,78,'Molten Cake - مولتن كيك',NULL,175.00,'products/images/seed_photo_photo-1578985545062-69928b1d9587.jpg',1,0,8,'2026-05-12 01:44:12','2026-05-28 04:59:48'),(517,6,78,'Brownies - براونيز',NULL,155.00,'products/images/seed_photo_photo-1551024506-0bccd828d307.jpg',1,0,9,'2026-05-12 01:44:12','2026-05-28 04:59:48'),(518,6,78,'Cheesecake - تشيز كيك',NULL,160.00,'products/images/seed_photo_photo-1578985545062-69928b1d9587.jpg',1,0,10,'2026-05-12 01:44:12','2026-05-28 04:59:48'),(519,6,78,'Tiramisu - تيراميسو',NULL,155.00,'products/images/seed_photo_photo-1551024506-0bccd828d307.jpg',1,0,11,'2026-05-12 01:44:12','2026-05-28 04:59:48'),(522,6,78,'Croissant - كرواسون',NULL,95.00,'products/images/seed_photo_photo-1551024506-0bccd828d307.jpg',1,0,14,'2026-05-12 01:44:12','2026-05-28 04:59:48'),(525,6,78,'Chocolate vadj - شوكولاتة فادج',NULL,160.00,'products/images/seed_photo_photo-1551024506-0bccd828d307.jpg',1,0,17,'2026-05-12 01:44:12','2026-05-28 04:59:48'),(526,6,78,'Oreo Madness - أوريو مادنس',NULL,160.00,'products/images/seed_photo_photo-1551024506-0bccd828d307.jpg',1,0,18,'2026-05-12 01:44:12','2026-05-28 04:59:48'),(528,6,78,'Cheese Madness - تشيز مادنس',NULL,215.00,'products/images/seed_photo_photo-1551024506-0bccd828d307.jpg',1,0,20,'2026-05-12 01:44:12','2026-05-28 04:59:48'),(529,6,78,'Fruit Salad - فروت سالاد',NULL,160.00,'products/images/seed_photo_photo-1551024506-0bccd828d307.jpg',1,0,21,'2026-05-12 01:44:12','2026-05-28 04:59:48'),(531,6,79,'Plain Omelette - أومليت سادة',NULL,135.00,'products/images/seed_photo_photo-1482049016688-2d3e1b311543.jpg',1,0,1,'2026-05-12 01:44:12','2026-05-28 04:59:48'),(532,6,79,'Spanish Omelette - أومليت إسباني',NULL,160.00,'products/images/seed_photo_photo-1482049016688-2d3e1b311543.jpg',1,0,3,'2026-05-12 01:44:12','2026-05-28 04:59:48'),(533,6,79,'Cheese Omelette - أومليت جبنة',NULL,155.00,'products/images/seed_photo_photo-1482049016688-2d3e1b311543.jpg',1,0,3,'2026-05-12 01:44:12','2026-05-28 04:59:48'),(534,6,79,'Turkey and Cheese Omelette - تركي أند تشيز أومليت',NULL,180.00,'products/images/seed_photo_photo-1482049016688-2d3e1b311543.jpg',1,0,2,'2026-05-12 01:44:12','2026-05-28 04:59:48'),(535,6,79,'American Breakfast - أمريكان بريكفاست',NULL,260.00,'products/images/seed_photo_photo-1525351484163-7529414344d8.jpg',1,0,5,'2026-05-12 01:44:12','2026-05-28 04:59:48'),(536,6,79,'Baladi Breakfast - بلدي بريكفاست',NULL,250.00,'products/images/seed_photo_photo-1525351484163-7529414344d8.jpg',1,0,6,'2026-05-12 01:44:12','2026-05-28 04:59:48'),(537,6,79,'Continental Breakfast - كونتيننتال بريكفاست',NULL,220.00,'products/images/seed_photo_photo-1525351484163-7529414344d8.jpg',1,0,7,'2026-05-12 01:44:12','2026-05-28 04:59:48'),(538,6,79,'Breakfast Crepe - كريب بريكفاست',NULL,240.00,'products/images/seed_photo_photo-1525351484163-7529414344d8.jpg',1,0,8,'2026-05-12 01:44:12','2026-05-28 04:59:48'),(540,6,79,'Mixed Croissant -فطار كرواسون',NULL,140.00,'products/images/seed_photo_photo-1525351484163-7529414344d8.jpg',1,0,10,'2026-05-12 01:44:12','2026-05-28 04:59:48'),(541,6,79,'Plain Croissant - كرواسان سادة',NULL,100.00,'products/images/seed_photo_photo-1525351484163-7529414344d8.jpg',1,0,11,'2026-05-12 01:44:12','2026-05-28 04:59:48'),(542,6,79,'Cheese Croissant - كرواسان جبنة',NULL,125.00,'products/images/seed_photo_photo-1525351484163-7529414344d8.jpg',1,0,12,'2026-05-12 01:44:12','2026-05-28 04:59:48'),(543,6,79,'Oriental Breakfast - أورينتال بريكفاست',NULL,210.00,'products/images/seed_photo_photo-1525351484163-7529414344d8.jpg',1,0,13,'2026-05-12 01:44:12','2026-05-28 04:59:48'),(546,6,80,'Chicken Milanese Sandwich-ساندوتش دجاج ميلانو','* صدور الدجاج الكرسبي مع الخس والطماطم والجبنة الشيدر.',280.00,'products/images/seed_photo_photo-1509722747041-616f39b57569.jpg',1,0,3,'2026-05-12 01:44:12','2026-05-28 05:08:38'),(547,6,80,'Chicken Tortilla-تشيكين تورتلا','* قطع الدجاج الكرسبي مع الخس والطماطم والجبنة الموزاريلا.',255.00,'products/images/seed_photo_photo-1509722747041-616f39b57569.jpg',1,0,4,'2026-05-12 01:44:12','2026-05-28 05:08:38'),(548,6,80,'Super Supreme Sandwich-سوبر سوبريم ساندوتش','* قطع الدجاج المشوي مع الفلفل الألوان والمشروم والبيف بيكون والتركي المدخن والجبنة الموزاريلا.',265.00,'products/images/seed_photo_photo-1509722747041-616f39b57569.jpg',1,0,1,'2026-05-12 01:44:12','2026-05-28 05:08:38'),(549,6,80,'Beef Fajita Sandwich-بيف فاهيتا ساندوتش','* شرائح اللحم والفلفل الألوان والبصل والمشروم مع صوص الديميجلاس والجبنة.',285.00,'products/images/seed_photo_photo-1509722747041-616f39b57569.jpg',1,0,2,'2026-05-12 01:44:12','2026-05-28 05:08:38'),(551,6,80,'Smoked Salmon Ciabatta - سالمون مدخن شيباتا',NULL,275.00,'products/images/seed_photo_photo-1509722747041-616f39b57569.jpg',1,0,4,'2026-05-12 01:44:12','2026-05-28 05:08:38'),(552,6,82,'Classic Burger-كلاسيك برجر','قطعة برجر مع جبنة شيدر، خس، طماطم، خيار مخلل، وصوص كوكتيل',300.00,'products/images/seed_photo_photo-1568901346375-23c9450c58cd.jpg',1,0,1,'2026-05-12 01:44:12','2026-05-28 04:59:49'),(553,6,82,'American Burger-امريكان برجر','قطعة برجر مميزة مع بيف بيكون، بصل مكرمل، وصوص شيدر.',305.00,'products/images/seed_photo_photo-1568901346375-23c9450c58cd.jpg',1,0,2,'2026-05-12 01:44:12','2026-05-28 04:59:49'),(554,6,82,'Smoke Burger-سموك برجر','قطعة برجر مع اسموكي تركي، سلامي، بيف بيكون، خس، طماطم، مخلل، وصوص شيدر.',325.00,'products/images/seed_photo_photo-1568901346375-23c9450c58cd.jpg',1,0,3,'2026-05-12 01:44:12','2026-05-28 04:59:49'),(555,6,82,'Mushroom Burger - مشروم برجر','قطعة برجر مع مشروم طازج، خس، طماطم، خيار مخلل، وصوص شيدر',320.00,'products/images/seed_photo_photo-1568901346375-23c9450c58cd.jpg',1,0,4,'2026-05-12 01:44:12','2026-05-28 04:59:49'),(556,6,82,'Fred Chicken Burger-فريد تشيكن برجر',': صدور دجاج مقلية، بيف بيكون، طماطم، خس، حلقات بصل، وصوص جبنة شيدر',295.00,'products/images/seed_photo_photo-1568901346375-23c9450c58cd.jpg',1,0,5,'2026-05-12 01:44:12','2026-05-28 04:59:49'),(557,6,83,'Margherita Pizza - مارجريتا','صوص البيتزا، جبنة موزاريلا، وزعتر',255.00,'products/images/seed_photo_photo-1513104890138-7c749659a591.jpg',1,0,1,'2026-05-12 01:44:12','2026-05-28 04:59:49'),(558,6,83,'Vegetables Pizza - خضار بيتزا','صوص بيتزا، موزاريلا، مشروم، فلفل ألوان، زيتون، وبصل.',285.00,'products/images/seed_photo_photo-1513104890138-7c749659a591.jpg',1,0,2,'2026-05-12 01:44:12','2026-05-28 04:59:49'),(559,6,83,'Pepperoni Pizza - بيبروني بيتزا','صوص بيتزا، بيبيروني، موزاريلا، وزيتون',305.00,'products/images/seed_photo_photo-1513104890138-7c749659a591.jpg',1,0,3,'2026-05-12 01:44:12','2026-05-28 04:59:49'),(560,6,83,'Four Cheese Pizza - فور تشيز بيتزا',NULL,320.00,'products/images/seed_photo_photo-1513104890138-7c749659a591.jpg',1,0,4,'2026-05-12 01:44:12','2026-05-28 04:59:49'),(561,6,83,'BBQ Chicken Pizza - بي بي كيو تشيكن بيتزا','قطع دجاج، فلفل ألوان، زيتون، موزاريلا، وصوص باربيكيو',320.00,'products/images/seed_photo_photo-1513104890138-7c749659a591.jpg',1,0,5,'2026-05-12 01:44:12','2026-05-28 04:59:49'),(562,6,83,'Ranch Chicken Pizza - رانش تشيكن بيتزا','(اختيارك من دجاج مقلي أو مشوي)، فلفل ألوان، موزاريلا، زيتون، وصوص رانش',320.00,'products/images/seed_photo_photo-1513104890138-7c749659a591.jpg',1,0,6,'2026-05-12 01:44:12','2026-05-28 04:59:49'),(563,6,83,'Super Supreme Pizza - سوبر سوبريم بيتزا','صوص بيتزا، موزاريلا، تركي مدخن، فلفل ألوان، زيتون، سلامي، ولحم مفروم',320.00,'products/images/seed_photo_photo-1513104890138-7c749659a591.jpg',1,0,7,'2026-05-12 01:44:12','2026-05-28 04:59:49'),(564,6,84,'Lentil Soup - شوربة عدس',NULL,115.00,'products/images/seed_photo_photo-1594756202469-9ff9799b2e4e.jpg',1,0,1,'2026-05-12 01:44:12','2026-05-28 05:08:38'),(565,6,84,'Mushroom Soup - شوربة مشروم',NULL,155.00,'products/images/seed_photo_photo-1594756202469-9ff9799b2e4e.jpg',1,0,2,'2026-05-12 01:44:12','2026-05-28 05:08:38'),(566,6,84,'Chicken Soup - شوربة دجاج',NULL,165.00,'products/images/seed_photo_photo-1603105037880-880cd4edfb0d.jpg',1,0,3,'2026-05-12 01:44:12','2026-05-28 04:59:51'),(567,6,84,'Seafood Soup - شوربة فواكه البحر',NULL,190.00,'products/images/seed_photo_photo-1534422298391-e4f8c172dddb.jpg',1,0,4,'2026-05-12 01:44:12','2026-05-28 04:59:51'),(568,6,85,'Crispy Chicken - دجاج مقرمش','قطع الدجاج المقرمشة تقدم مع صوص الشيدر',255.00,'products/images/seed_photo_photo-1562967914-608f82629710.jpg',1,0,1,'2026-05-12 01:44:12','2026-05-28 04:59:52'),(569,6,85,'Fried Mozzarella - موزاريلا مقلية','أصابع الموزاريلا المقلية تقدم مع صوص السويت شيلي',210.00,'products/images/seed_photo_photo-1606755962773-d324e0a13086.jpg',1,0,2,'2026-05-12 01:44:12','2026-05-28 05:08:39'),(570,6,85,'Meat Sambosak -سمبوسك لحمة','رقائق السمبوسة المحشوة باللحم المفروم المتبل',175.00,'products/images/seed_photo_photo-1610192244261-3f33de3f55e4.jpg',1,0,3,'2026-05-12 01:44:12','2026-05-28 05:08:39'),(571,6,85,'Sambosak Cheese  -  سمبوسك جبنة','رقائق السمبوسة المحشوة بميكس الجبن المميز',134.99,'products/images/seed_photo_photo-1610192244261-3f33de3f55e4.jpg',1,0,4,'2026-05-12 01:44:12','2026-05-28 05:08:39'),(575,6,86,'Greek Salad - جريك سالاد','فلفل ألوان، خيار، طماطم، خس كابوتشي، زيتون، جبنة فيتا',245.00,'products/images/seed_photo_photo-1540420773420-3366772f4999.jpg',1,0,4,'2026-05-12 01:44:12','2026-05-28 04:59:54'),(576,6,86,'Chicken Caesar Salad - تشيكن سيزر سالاد','قطع الدجاج المشوي، خس كابوتشي، خبز كروتون، طماطم شيري، جبنة بارميزان.',275.00,'products/images/seed_photo_photo-1550304943-4f24f54ddde9.jpg',1,0,5,'2026-05-12 01:44:12','2026-05-28 04:59:55'),(577,6,86,'Tuna Salad - سلطة تونة','قطع التونة، خس كابوتشي، فلفل ألوان، بصل، جرجير',290.00,'products/images/seed_photo_photo-1546069901-ba9599a7e63c.jpg',1,0,6,'2026-05-12 01:44:12','2026-05-28 04:59:55'),(578,6,86,'Taco Salad - تاكو سلاد','قطع الدجاج المشوي، ذرة حلوة، فاصوليا حمراء، كابوتشي، عين جمل، مع الصوص المكسيكي.',280.00,'products/images/seed_photo_photo-1513456852971-30c0b8199d4d.jpg',1,0,7,'2026-05-12 01:44:12','2026-05-28 04:59:55'),(581,6,87,'Beef Piccata-بيف بيكاتا','قطع لحم بتلو مشوي مع اختيارك من الصوص (مشروم، بيبير، ريكفورد).',570.00,'products/images/seed_photo_photo-1544025162-d76694265947.jpg',1,0,1,'2026-05-12 01:44:12','2026-05-28 04:59:55'),(582,6,87,'Meat Escalope - إسكالوب بيف','قطعتين من اللحم البتلو المقلي',550.00,'products/images/seed_photo_photo-1598515214211-89d3c73ae83b.jpg',1,0,2,'2026-05-12 01:44:12','2026-05-28 04:59:55'),(583,6,87,'Grilled fillet-جريلد فيليه','قطعة فيليه بقري مع اختيارك من الصوص (مشروم، بيبير، ريكفورد)',550.00,'products/images/seed_photo_photo-1544025162-d76694265947.jpg',1,0,3,'2026-05-12 01:44:12','2026-05-28 04:59:55'),(584,6,87,'Beef Mexican-بيف ميكسكان','شرائح اللحم المشوي مع الخضار وصوص السويت شيلي مع عين جمل',555.00,'products/images/seed_photo_photo-1544025162-d76694265947.jpg',1,0,4,'2026-05-12 01:44:12','2026-05-28 04:59:55'),(585,6,88,'Cordon Bleu - كوردون بلو','صدور الدجاج المقلية المحشوة بـ (بيف بيكون، تركي مدخن، ميكس جبن) مع صوص الشيدر.',480.00,'products/images/seed_photo_photo-1623653387945-2fd25214f8fc.jpg',1,1,1,'2026-05-12 01:44:12','2026-05-28 04:59:55'),(586,6,88,'Chicken Grill-تشيكين جريلد','صدور الدجاج المشوية مع اختيارك من الصوص (مشروم، ليمون، بيبير، ريكفورد).',455.00,'products/images/seed_photo_photo-1532550907401-a500c9a57435.jpg',1,0,2,'2026-05-12 01:44:12','2026-05-28 04:59:55'),(587,6,88,'Chicken Sweet and Sour-تشيكن سويت اند ساور','قطع الدجاج المشوي مع فلفل ألوان، بصل، صوص السويت شيلي، وعين جمل',465.00,'products/images/seed_photo_photo-1604908176997-125f25cc6f3d.jpg',1,0,3,'2026-05-12 01:44:12','2026-05-28 04:59:55'),(588,6,88,'Chicken Country-تشيكن كانترى','قطع الصدور المقرمشة مع التركي المدخن وصوص الجبنة الشيدر والبيستو',475.00,'products/images/seed_photo_photo-1532550907401-a500c9a57435.jpg',1,0,4,'2026-05-12 01:44:12','2026-05-28 04:59:55'),(589,6,88,'French Style Chicken-فرنش ستايل تشيكن','صدور الدجاج المشوي مع السلامي والمشروم والفلفل الحار وطماطم شيري وصوص الكريمة.',480.00,'products/images/seed_photo_photo-1532550907401-a500c9a57435.jpg',1,0,5,'2026-05-12 01:44:12','2026-05-28 04:59:55'),(590,6,88,'Grilled salmon fillet-جريلد سلمون فيليه','قطعة السالمون المتبلة مع صوص الليمون والشبت',565.00,'products/images/seed_photo_photo-1519708227418-c8fd9a32b7a2.jpg',1,0,6,'2026-05-12 01:44:12','2026-05-28 04:59:55'),(591,6,88,'Grilled shrimp-جمبرى مشوى','مشوي يقدم مع صوص الليمون',530.00,'products/images/seed_photo_photo-1565557623262-b51c2513a641.jpg',1,0,7,'2026-05-12 01:44:12','2026-05-28 04:59:55'),(592,6,88,'Mixed seafood-ميكس سى فود','جمبري، كالماري، وكابوريا يقدم مع صوص السي فود',560.00,'products/images/seed_photo_photo-1534422298391-e4f8c172dddb.jpg',1,0,8,'2026-05-12 01:44:12','2026-05-28 04:59:55'),(594,6,89,'Chicken Fajita - فاهيتا دجاج',NULL,455.00,'products/images/seed_photo_photo-1534939561126-855b8675edd7.jpg',1,0,1,'2026-05-12 01:44:12','2026-05-28 04:59:55'),(595,6,89,'Beef Fajita - فاهيتا لحم',NULL,555.00,'products/images/seed_photo_photo-1565299585323-38d6b0865b47.jpg',1,0,2,'2026-05-12 01:44:12','2026-05-28 04:59:55'),(596,6,89,'Combo Fajita - فاهيتا كومبو',NULL,575.00,'products/images/seed_photo_photo-1534939561126-855b8675edd7.jpg',1,0,3,'2026-05-12 01:44:12','2026-05-28 04:59:55'),(598,6,89,'Shrimp Fajita - فاهيتا جمبري',NULL,450.00,'products/images/seed_photo_photo-1551504734-5ee1c4a1479b.jpg',1,0,5,'2026-05-12 01:44:12','2026-05-28 04:59:55'),(599,6,90,'Penne Arrabbiata - بينا أرابياتا','مكرونة بينا مع فلفل ألوان، زيتون، صوص طماطم، وجبنة بارميزان',215.00,'products/images/seed_photo_photo-1563379091339-03b21ab4a4f8.jpg',1,0,1,'2026-05-12 01:44:12','2026-05-28 04:59:55'),(600,6,90,'Spaghetti Bolognese - اسباجتي بولونيز','مكرونة اسباجيتي مع صوص البلونيز (لحم مفروم) وجبنة بارميزان',270.00,'products/images/seed_photo_photo-1546549032-9571cd6b27df.jpg',1,0,2,'2026-05-12 01:44:12','2026-05-28 04:59:55'),(601,6,90,'Chicken Pesto Pasta - بيستو باستا دجاج',': مكرونة بينا مع المشروم وصدور الدجاج المشوية وصوص البيستو جبنة بارميزان',285.00,'products/images/seed_photo_photo-1473093295043-cdd812d0e601.jpg',1,0,3,'2026-05-12 01:44:12','2026-05-28 04:59:55'),(602,6,90,'Beef Stroganoff Pasta - بيف ستراجنوف باستا','مكرونة بينا مع شرائح اللحم البقري، المشروم، صوص البراون، وجبنة بارميزان',400.00,'products/images/seed_photo_photo-1546549032-9571cd6b27df.jpg',1,0,4,'2026-05-12 01:44:12','2026-05-28 04:59:55'),(603,6,90,'Alfredo Pasta - ألفريدو','مكرونة بينا مع المشروم وصدور الدجاج المشوية وجبنة بارميزان',295.00,'products/images/seed_photo_photo-1645112411341-6c4fd023714a.jpg',1,0,5,'2026-05-12 01:44:12','2026-05-28 04:59:55'),(604,6,90,'Chicken Negresco - تشيكن نيجرسكو','مكرونة بينا مع الصدور المشوية والمشروم والجبنة الموزاريلا',320.00,'products/images/seed_photo_photo-1563379091339-03b21ab4a4f8.jpg',1,0,6,'2026-05-12 01:44:12','2026-05-28 05:08:39'),(605,6,90,'Seafood Pasta - سي فود باستا','مكرونة بينا مع صوص مميز، جمبري، كالماري، وكابوريا',370.00,'products/images/seed_photo_photo-1563379091339-03b21ab4a4f8.jpg',1,0,7,'2026-05-12 01:44:12','2026-05-28 04:59:56'),(606,6,90,'Mac and Cheese Pasta-ماك اند تشيز باستا','مكرونة بينا مع الوايت صوص، جبنة تشيدر، بارميزان، وريكفورد',300.00,'products/images/seed_photo_photo-1543339308-43e59d6b73a6.jpg',1,0,8,'2026-05-12 01:44:12','2026-05-28 04:59:56'),(607,6,91,'1 Scoop - 1 بولة',NULL,45.00,'products/images/seed_photo_photo-1563805042-7684c019e1cb.jpg',1,0,1,'2026-05-12 01:44:12','2026-05-28 04:59:56'),(608,6,91,'2 Scoops - 2 بولة',NULL,75.00,'products/images/seed_photo_photo-1563805042-7684c019e1cb.jpg',1,0,2,'2026-05-12 01:44:12','2026-05-28 04:59:56'),(609,6,91,'3 Scoops - 3 بولة',NULL,90.00,'products/images/seed_photo_photo-1563805042-7684c019e1cb.jpg',1,0,3,'2026-05-12 01:44:12','2026-05-28 04:59:56'),(611,6,92,'Pepsi / 7Up / Diet - بيبسي / سفن / دايت',NULL,57.00,'products/images/seed_photo_photo-1622483767028-3f66f32aef97.jpg',1,0,1,'2026-05-12 01:44:12','2026-05-28 04:59:56'),(612,6,92,'Red Bull - ريدبول',NULL,125.00,'products/images/seed_photo_photo-1622483767028-3f66f32aef97.jpg',1,0,2,'2026-05-12 01:44:12','2026-05-28 04:59:56'),(613,6,92,'Water - مياه',NULL,28.00,'products/images/seed_photo_photo-1512446816042-444d641267d4.jpg',1,0,3,'2026-05-12 01:44:12','2026-05-28 05:08:40'),(614,6,93,'Regular Shisha - شيشة عادي',NULL,60.00,'products/images/LJ3v6JbszLvpli3IBiPN5TmV2G4nUAjp5EFZdYzE.jpg',1,0,1,'2026-05-12 01:44:12','2026-05-28 05:05:10'),(615,6,93,'Fruit Shisha - شيشة فواكه',NULL,215.00,'products/images/88uy7paNmsn4zBq3YbsF7HuoUZb5z0QLuHwyNdli.jpg',1,0,2,'2026-05-12 01:44:12','2026-05-28 05:04:56'),(616,6,93,'لى طبى',NULL,28.00,'products/images/4Y9pS5OxBmdaNrpUMIap2AzW5XDqH2NANin6dXHT.jpg',1,0,3,'2026-05-12 01:44:12','2026-05-28 05:05:00'),(617,6,94,'Flat White',NULL,120.00,'products/images/seed_photo_photo-1541167760496-1628856ab772.jpg',1,0,37,'2026-05-14 09:40:32','2026-05-28 04:59:57'),(618,6,84,'شوربة بصل Onion soup',NULL,115.00,'products/images/seed_photo_photo-1594756202469-9ff9799b2e4e.jpg',1,0,38,'2026-05-14 15:17:11','2026-05-28 05:08:38'),(619,6,84,'Carrot soup with gingerشوربة جزر بالجنزبيل',NULL,155.00,'products/images/seed_photo_photo-1594756202469-9ff9799b2e4e.jpg',1,0,39,'2026-05-14 15:18:18','2026-05-28 05:08:38'),(620,6,85,'كاساديا- Cassadea','قطع الفراخ المشوية مع فلفل الألوان والمشروم والجبنة الموتزاريلا',280.00,'products/images/seed_photo_photo-1565299585323-38d6b0865b47.jpg',1,0,5,'2026-05-14 15:33:02','2026-05-28 04:59:54'),(621,6,85,'onion rings- حلقات البصل','حلقات البصل المقرمشة مع صوص السويت شيلي',145.00,'products/images/2ZgRVWqoIUegRGkHVC4Jh3uj4L1pVjsCYyx6ZjQi.jpg',1,0,6,'2026-05-14 15:35:39','2026-05-28 05:09:53'),(623,6,80,'Chicken Fajita Sandwich-تشيكين فاهيتا ساندوتش','شرائح الدجاج المشوي والفلفل الألوان والزيتون والبصل والمشروم مع صوص الكريمي.',255.00,'products/images/seed_photo_photo-1509722747041-616f39b57569.jpg',1,0,40,'2026-05-14 16:14:37','2026-05-28 05:08:38'),(624,6,80,'Crispy shrimp sandwich-جمبرى كرسبى ساندوتش','جمبرى كرسبى مع الخيار المخلل والجرجير والصوص المميز',310.00,'products/images/seed_photo_photo-1509722747041-616f39b57569.jpg',1,0,41,'2026-05-14 16:15:23','2026-05-28 05:08:38'),(625,6,80,'Viagra Sandwich-فياجرا ساندوتش','قطع الجمبري مع الكاليماري والكابوريا والفلفل الألوان وصوص الشيلي والجبنة الموزاريلا',340.00,'products/images/seed_photo_photo-1509722747041-616f39b57569.jpg',1,0,8,'2026-05-14 16:16:24','2026-05-28 05:08:38'),(626,6,83,'Tuna pizza-بيتزا تونة','صوص بيتزا، قطع تونة، فلفل ألوان، بصل، وزيتون',330.00,'products/images/seed_photo_photo-1571407970349-bc81e7e96d47.jpg',1,0,43,'2026-05-14 16:21:41','2026-05-28 04:59:49'),(627,6,87,'Grilled Rib Eye - ريب اي جرلد','قطعة لحم بقري طازجة مع اختيارك من الصوص (مشروم، بيبير، ريكفورد).',625.00,'products/images/seed_photo_photo-1544025162-d76694265947.jpg',1,1,44,'2026-05-14 16:38:15','2026-05-28 04:59:55'),(628,6,95,'Matcha Frappé-فرابية ماتشا',NULL,140.00,'products/images/seed_photo_photo-1536256263959-770b48d82b0a.jpg',1,0,45,'2026-05-14 17:08:33','2026-05-28 04:59:57'),(629,6,95,'Ice Matcha Fruity-ايس ماتشا فروتى',NULL,149.99,'products/images/seed_photo_photo-1536256263959-770b48d82b0a.jpg',1,0,46,'2026-05-14 17:18:29','2026-05-28 04:59:57'),(630,6,95,'Mangito Matcha-مانجيتو ماتشا',NULL,150.00,'products/images/seed_photo_photo-1536256263959-770b48d82b0a.jpg',1,0,47,'2026-05-14 17:19:30','2026-05-28 04:59:57'),(631,6,96,'Boba Mangitto-بوبا مانجيتو',NULL,165.00,'products/images/seed_photo_photo-1541658016709-82535e94bc69.jpg',1,0,48,'2026-05-14 17:21:13','2026-05-28 04:59:57'),(632,6,96,'Boba Mix-بوبا مكس',NULL,165.00,'products/images/seed_photo_photo-1541658016709-82535e94bc69.jpg',1,0,3,'2026-05-14 17:22:45','2026-05-28 04:59:57'),(633,6,96,'Boba Coconut-بوبا جوز هند',NULL,155.00,'products/images/seed_photo_photo-1541658016709-82535e94bc69.jpg',1,0,4,'2026-05-14 17:23:45','2026-05-28 04:59:57'),(634,6,81,'Mash potato',NULL,65.00,'products/images/seed_photo_photo-1576107232684-1279f390859f.jpg',1,0,1,'2026-05-14 17:56:38','2026-05-28 04:59:49'),(635,6,81,'white rice- ارز',NULL,59.99,'products/images/seed_photo_photo-1576107232684-1279f390859f.jpg',1,0,49,'2026-05-14 18:00:35','2026-05-28 04:59:49'),(636,6,81,'خضار سوتية -Sauteed Vegetables',NULL,80.00,'products/images/seed_photo_photo-1576107232684-1279f390859f.jpg',1,0,3,'2026-05-14 18:01:49','2026-05-28 04:59:49'),(637,6,81,'French Frise- بطاطس مقلية',NULL,70.00,'products/images/seed_photo_photo-1618040996337-56904b7850b9.jpg',1,0,50,'2026-05-14 18:02:46','2026-05-28 04:59:49'),(638,6,98,'Sip Signature -ساب سجنتشر',NULL,205.00,'products/images/u9R1F0p2JowiGYuX4tE0mMG2LX9rUZ5l6x7klWOp.jpg',1,0,1,'2026-05-16 17:53:18','2026-05-22 08:06:34'),(639,6,98,'Protein Shakes -بروتين شيكس',NULL,155.00,'products/images/seed_photo_photo-1579954115545-a95591f28bfc.jpg',1,0,2,'2026-05-16 17:54:21','2026-05-28 04:59:57'),(640,6,98,'Kiwi Mint -كيوى منت',NULL,165.00,'products/images/n7ACdoXdBBnXDD57NWc7MQNh8E0MPH5C6bHkkCMc.jpg',1,0,3,'2026-05-16 17:55:21','2026-05-22 08:07:06'),(641,6,98,'Fruit yogurt -زبادى فواكه',NULL,155.00,'products/images/seed_photo_photo-1488477181946-6428a0291777.jpg',1,0,4,'2026-05-16 17:58:17','2026-05-28 04:59:57'),(642,6,98,'Florida -فلوريدا',NULL,140.00,'products/images/seed_photo_photo-1513558161293-cdaf765ed2fd.jpg',1,0,5,'2026-05-16 17:58:59','2026-05-28 04:59:57'),(643,6,98,'Sunset Gold -صن سيت جولد',NULL,165.00,'products/images/seed_photo_photo-1513558161293-cdaf765ed2fd.jpg',1,0,6,'2026-05-16 17:59:42','2026-05-28 04:59:57'),(644,6,80,'تونة ساندوتش','* قطع التونة مع البصل والفلفل الألوان والجرجير وصوص السيزار.',265.00,'products/images/seed_photo_photo-1509722747041-616f39b57569.jpg',1,0,7,'2026-05-18 11:08:50','2026-05-28 05:08:38'),(1150,7,155,'شاي / Tea',NULL,50.00,NULL,1,0,0,'2026-05-27 08:52:56','2026-05-27 08:52:56'),(1151,7,155,'شاي أخضر / Green Tea',NULL,55.00,NULL,1,0,1,'2026-05-27 08:52:56','2026-05-27 08:52:56'),(1152,7,155,'ينسون / Anise',NULL,50.00,NULL,1,0,2,'2026-05-27 08:52:56','2026-05-27 08:52:56'),(1153,7,155,'أعشاب / Herbs',NULL,60.00,NULL,1,0,3,'2026-05-27 08:52:56','2026-05-27 08:52:56'),(1154,7,155,'هوت سيدر / Hot Cider',NULL,95.00,NULL,1,0,4,'2026-05-27 08:52:56','2026-05-27 08:52:56'),(1155,7,155,'شاي كرك / Karak Tea',NULL,100.00,NULL,1,0,5,'2026-05-27 08:52:56','2026-05-27 08:52:56'),(1156,7,155,'سحلب / Sahlab',NULL,110.00,NULL,1,0,6,'2026-05-27 08:52:56','2026-05-27 08:52:56'),(1157,7,155,'هوت شوكليت / Hot Chocolate',NULL,115.00,NULL,1,0,7,'2026-05-27 08:52:56','2026-05-27 08:52:56'),(1158,7,155,'هوت شوكليت مارشميلو / Hot Chocolate Marshmallow',NULL,160.00,NULL,1,0,8,'2026-05-27 08:52:56','2026-05-27 08:52:56'),(1159,7,156,'قهوة تركي / Turkish Coffee',NULL,60.00,NULL,1,0,0,'2026-05-27 08:52:56','2026-05-27 08:52:56'),(1160,7,156,'قهوة فرنساوي / French Coffee',NULL,90.00,NULL,1,0,1,'2026-05-27 08:52:56','2026-05-27 08:52:56'),(1161,7,156,'موكا / Mocha',NULL,119.00,NULL,1,0,2,'2026-05-27 08:52:56','2026-05-27 08:52:56'),(1162,7,156,'لاتيه / Latte',NULL,95.00,NULL,1,0,3,'2026-05-27 08:52:56','2026-05-27 08:52:56'),(1163,7,156,'نسكافيه / Nescafe',NULL,90.00,NULL,1,0,4,'2026-05-27 08:52:56','2026-05-27 08:52:56'),(1164,7,156,'أمريكان كوفي / American Coffee',NULL,95.00,NULL,1,0,5,'2026-05-27 08:52:56','2026-05-27 08:52:56'),(1165,7,156,'بلاك كوفي / Black Coffee',NULL,95.00,NULL,1,0,6,'2026-05-27 08:52:56','2026-05-27 08:52:56'),(1166,7,156,'فلات وايت / Flat White',NULL,110.00,NULL,1,0,7,'2026-05-27 08:52:56','2026-05-27 08:52:56'),(1167,7,156,'كورتادو / Cortado',NULL,90.00,NULL,1,0,8,'2026-05-27 08:52:56','2026-05-27 08:52:56'),(1168,7,156,'كابتشينو / Cappuccino',NULL,90.00,NULL,1,0,9,'2026-05-27 08:52:56','2026-05-27 08:52:56'),(1169,7,156,'سبانش لاتيه / Spanish Latte',NULL,115.00,NULL,1,0,10,'2026-05-27 08:52:56','2026-05-27 08:52:56'),(1170,7,156,'قهوة بندق / Hazelnut Coffee',NULL,95.00,NULL,1,0,11,'2026-05-27 08:52:56','2026-05-27 08:52:56'),(1171,7,156,'ماكياتو / Macchiato',NULL,65.00,NULL,1,0,12,'2026-05-27 08:52:56','2026-05-27 08:52:56'),(1172,7,156,'إسبريسو سنجل / Single Espresso',NULL,65.00,NULL,1,0,13,'2026-05-27 08:52:56','2026-05-27 08:52:56'),(1173,7,156,'إسبريسو دبل / Double Espresso',NULL,80.00,NULL,1,0,14,'2026-05-27 08:52:56','2026-05-27 08:52:56'),(1174,7,156,'قهوة تركي دبل / Double Turkish Coffee',NULL,75.00,NULL,1,0,15,'2026-05-27 08:52:56','2026-05-27 08:52:56'),(1175,7,156,'نرويجي كوفي / Norwegian Coffee',NULL,105.00,NULL,1,0,16,'2026-05-27 08:52:56','2026-05-27 08:52:56'),(1176,7,156,'بيستاشيو لاتيه / Pistachio Latte',NULL,140.00,NULL,1,0,17,'2026-05-27 08:52:56','2026-05-27 08:52:56'),(1177,7,157,'مانجو / Mango Juice',NULL,100.00,NULL,1,0,0,'2026-05-27 08:52:56','2026-05-27 08:52:56'),(1178,7,157,'فراولة / Strawberry Juice',NULL,100.00,NULL,1,0,1,'2026-05-27 08:52:56','2026-05-27 08:52:56'),(1179,7,157,'جوافة / Guava Juice',NULL,100.00,NULL,1,0,2,'2026-05-27 08:52:56','2026-05-27 08:52:56'),(1180,7,157,'برتقال / Orange Juice',NULL,100.00,NULL,1,0,3,'2026-05-27 08:52:56','2026-05-27 08:52:56'),(1181,7,157,'ليمون نعناع / Lemon Mint',NULL,90.00,NULL,1,0,4,'2026-05-27 08:52:56','2026-05-27 08:52:56'),(1182,7,157,'ليمون / Lemon Juice',NULL,85.00,NULL,1,0,5,'2026-05-27 08:52:56','2026-05-27 08:52:56'),(1183,7,157,'كيوي / Kiwi Juice',NULL,115.00,NULL,1,0,6,'2026-05-27 08:52:56','2026-05-27 08:52:56'),(1184,7,157,'موز باللبن / Banana with Milk',NULL,110.00,NULL,1,0,7,'2026-05-27 08:52:56','2026-05-27 08:52:56'),(1185,7,157,'أفوكادو / Avocado Juice',NULL,160.00,NULL,1,0,8,'2026-05-27 08:52:56','2026-05-27 08:52:56'),(1186,7,157,'بطيخ / Watermelon Juice',NULL,95.00,NULL,1,0,9,'2026-05-27 08:52:56','2026-05-27 08:52:56'),(1187,7,158,'النرويجي كوكتيل / Norwegian Cocktail',NULL,140.00,NULL,1,0,0,'2026-05-27 08:52:56','2026-05-27 08:52:56'),(1188,7,158,'مانجو كوك / Mango Coke',NULL,129.00,NULL,1,0,1,'2026-05-27 08:52:56','2026-05-27 08:52:56'),(1189,7,158,'مانجو خوخ / Mango Peach',NULL,129.00,NULL,1,0,2,'2026-05-27 08:52:56','2026-05-27 08:52:56'),(1190,7,158,'فلوريدا / Florida',NULL,135.00,NULL,1,0,3,'2026-05-27 08:52:56','2026-05-27 08:52:56'),(1191,7,158,'آيس كاب / Iced Cap',NULL,135.00,NULL,1,0,4,'2026-05-27 08:52:56','2026-05-27 08:52:56'),(1192,7,158,'بيتلز / Beatles',NULL,140.00,NULL,1,0,5,'2026-05-27 08:52:56','2026-05-27 08:52:56'),(1193,7,158,'زبادي فواكه / Fruit Yogurt',NULL,135.00,NULL,1,0,6,'2026-05-27 08:52:56','2026-05-27 08:52:56'),(1194,7,159,'بيبسي / Pepsi',NULL,60.00,NULL,1,0,0,'2026-05-27 08:52:56','2026-05-27 08:52:56'),(1195,7,159,'سفن أب / Seven Up',NULL,60.00,NULL,1,0,1,'2026-05-27 08:52:56','2026-05-27 08:52:56'),(1196,7,159,'بيرل / Birell',NULL,71.00,NULL,1,0,2,'2026-05-27 08:52:56','2026-05-27 08:52:56'),(1197,7,159,'فيروز / Fayrouz',NULL,71.00,NULL,1,0,3,'2026-05-27 08:52:56','2026-05-27 08:52:56'),(1198,7,159,'شيري كولا / Cherry Cola',NULL,115.00,NULL,1,0,4,'2026-05-27 08:52:56','2026-05-27 08:52:56'),(1199,7,159,'ميرندا برتقال / Mirinda Orange',NULL,60.00,NULL,1,0,5,'2026-05-27 08:52:56','2026-05-27 08:52:56'),(1200,7,159,'مياه فوارة / Sparkling Water',NULL,85.00,NULL,1,0,6,'2026-05-27 08:52:56','2026-05-27 08:52:56'),(1201,7,159,'مياه صغيرة / Small Water',NULL,30.00,NULL,1,0,7,'2026-05-27 08:52:56','2026-05-27 08:52:56'),(1202,7,160,'صوص / Sauce',NULL,50.00,NULL,1,0,0,'2026-05-27 08:52:56','2026-05-27 08:52:56'),(1203,7,160,'فليفر / Flavor',NULL,40.00,NULL,1,0,1,'2026-05-27 08:52:56','2026-05-27 08:52:56'),(1204,7,160,'مكسرات / Nuts',NULL,50.00,NULL,1,0,2,'2026-05-27 08:52:56','2026-05-27 08:52:56'),(1205,7,160,'لبن / Milk',NULL,40.00,NULL,1,0,3,'2026-05-27 08:52:56','2026-05-27 08:52:56'),(1206,7,160,'شوت إسبريسو / Espresso Shot',NULL,40.00,NULL,1,0,4,'2026-05-27 08:52:56','2026-05-27 08:52:56'),(1207,7,160,'عسل / Honey',NULL,40.00,NULL,1,0,5,'2026-05-27 08:52:56','2026-05-27 08:52:56'),(1208,7,160,'نوتيلا / Nutella',NULL,50.00,NULL,1,0,6,'2026-05-27 08:52:56','2026-05-27 08:52:56'),(1209,7,160,'ويب كريم / Whipped Cream',NULL,40.00,NULL,1,0,7,'2026-05-27 08:52:56','2026-05-27 08:52:56'),(1210,7,161,'تشيز كيك / Cheesecake',NULL,165.00,NULL,1,0,0,'2026-05-27 08:52:56','2026-05-27 08:52:56'),(1211,7,161,'شوكليت كيك / Chocolate Cake',NULL,160.00,NULL,1,0,1,'2026-05-27 08:52:56','2026-05-27 08:52:56'),(1212,7,161,'براوني / Brownie',NULL,160.00,NULL,1,0,2,'2026-05-27 08:52:56','2026-05-27 08:52:56'),(1213,7,161,'مولتن كيك / Molten Cake',NULL,170.00,NULL,1,0,3,'2026-05-27 08:52:56','2026-05-27 08:52:56'),(1214,7,161,'مولتن نوتيلا / Molten Nutella',NULL,170.00,NULL,1,0,4,'2026-05-27 08:52:56','2026-05-27 08:52:56'),(1215,7,161,'تيراميسو / Tiramisu',NULL,180.00,NULL,1,0,5,'2026-05-27 08:52:56','2026-05-27 08:52:56'),(1216,7,161,'أوريو مادنس / Oreo Madness',NULL,155.00,NULL,1,0,6,'2026-05-27 08:52:56','2026-05-27 08:52:56'),(1217,7,161,'هوت كوكي / Hot Cookie',NULL,190.00,NULL,1,0,7,'2026-05-27 08:52:56','2026-05-27 08:52:56'),(1218,7,161,'كريب / Crepe',NULL,180.00,NULL,1,0,8,'2026-05-27 08:52:56','2026-05-27 08:52:56'),(1219,7,161,'بان كيك / Pancake',NULL,180.00,NULL,1,0,9,'2026-05-27 08:52:56','2026-05-27 08:52:56'),(1220,7,161,'وافل / Waffle',NULL,185.00,NULL,1,0,10,'2026-05-27 08:52:56','2026-05-27 08:52:56'),(1221,7,161,'آيس كريم مكس / Mixed Ice Cream',NULL,140.00,NULL,1,0,11,'2026-05-27 08:52:56','2026-05-27 08:52:56'),(1222,7,161,'آيس كريم 1 بولة / Ice Cream 1 Scoop',NULL,60.00,NULL,1,0,12,'2026-05-27 08:52:56','2026-05-27 08:52:56'),(1223,7,162,'شيشة فواكه / Fruit Shisha',NULL,185.00,NULL,1,0,0,'2026-05-27 08:52:56','2026-05-27 08:52:56'),(1224,7,162,'شيشة معسل / Maassel Shisha',NULL,65.00,NULL,1,0,1,'2026-05-27 08:52:56','2026-05-27 08:52:56'),(1225,7,162,'لي طبي / Medical Hose',NULL,27.00,NULL,1,0,2,'2026-05-27 08:52:56','2026-05-27 08:52:56'),(1226,8,163,'شاي / Tea',NULL,50.00,NULL,1,0,0,'2026-05-27 08:52:56','2026-05-27 08:52:56'),(1227,8,163,'شاي أخضر / Green Tea',NULL,55.00,NULL,1,0,1,'2026-05-27 08:52:56','2026-05-27 08:52:56'),(1228,8,163,'ينسون / Anise',NULL,50.00,NULL,1,0,2,'2026-05-27 08:52:56','2026-05-27 08:52:56'),(1229,8,163,'أعشاب / Herbs',NULL,60.00,NULL,1,0,3,'2026-05-27 08:52:56','2026-05-27 08:52:56'),(1230,8,163,'هوت سيدر / Hot Cider',NULL,95.00,NULL,1,0,4,'2026-05-27 08:52:56','2026-05-27 08:52:56'),(1231,8,163,'شاي كرك / Karak Tea',NULL,100.00,NULL,1,0,5,'2026-05-27 08:52:56','2026-05-27 08:52:56'),(1232,8,163,'سحلب / Sahlab',NULL,110.00,NULL,1,0,6,'2026-05-27 08:52:56','2026-05-27 08:52:56'),(1233,8,163,'هوت شوكليت / Hot Chocolate',NULL,115.00,NULL,1,0,7,'2026-05-27 08:52:56','2026-05-27 08:52:56'),(1234,8,163,'هوت شوكليت مارشميلو / Hot Chocolate Marshmallow',NULL,160.00,NULL,1,0,8,'2026-05-27 08:52:56','2026-05-27 08:52:56'),(1235,8,164,'قهوة تركي / Turkish Coffee',NULL,60.00,NULL,1,0,0,'2026-05-27 08:52:56','2026-05-27 08:52:56'),(1236,8,164,'قهوة فرنساوي / French Coffee',NULL,90.00,NULL,1,0,1,'2026-05-27 08:52:56','2026-05-27 08:52:56'),(1237,8,164,'موكا / Mocha',NULL,119.00,NULL,1,0,2,'2026-05-27 08:52:56','2026-05-27 08:52:56'),(1238,8,164,'لاتيه / Latte',NULL,95.00,NULL,1,0,3,'2026-05-27 08:52:56','2026-05-27 08:52:56'),(1239,8,164,'نسكافيه / Nescafe',NULL,90.00,NULL,1,0,4,'2026-05-27 08:52:56','2026-05-27 08:52:56'),(1240,8,164,'أمريكان كوفي / American Coffee',NULL,95.00,NULL,1,0,5,'2026-05-27 08:52:56','2026-05-27 08:52:56'),(1241,8,164,'بلاك كوفي / Black Coffee',NULL,95.00,NULL,1,0,6,'2026-05-27 08:52:56','2026-05-27 08:52:56'),(1242,8,164,'فلات وايت / Flat White',NULL,110.00,NULL,1,0,7,'2026-05-27 08:52:56','2026-05-27 08:52:56'),(1243,8,164,'كورتادو / Cortado',NULL,90.00,NULL,1,0,8,'2026-05-27 08:52:56','2026-05-27 08:52:56'),(1244,8,164,'كابتشينو / Cappuccino',NULL,90.00,NULL,1,0,9,'2026-05-27 08:52:56','2026-05-27 08:52:56'),(1245,8,164,'سبانش لاتيه / Spanish Latte',NULL,115.00,NULL,1,0,10,'2026-05-27 08:52:56','2026-05-27 08:52:56'),(1246,8,164,'قهوة بندق / Hazelnut Coffee',NULL,95.00,NULL,1,0,11,'2026-05-27 08:52:56','2026-05-27 08:52:56'),(1247,8,164,'ماكياتو / Macchiato',NULL,65.00,NULL,1,0,12,'2026-05-27 08:52:56','2026-05-27 08:52:56'),(1248,8,164,'إسبريسو سنجل / Single Espresso',NULL,65.00,NULL,1,0,13,'2026-05-27 08:52:56','2026-05-27 08:52:56'),(1249,8,164,'إسبريسو دبل / Double Espresso',NULL,80.00,NULL,1,0,14,'2026-05-27 08:52:56','2026-05-27 08:52:56'),(1250,8,164,'قهوة تركي دبل / Double Turkish Coffee',NULL,75.00,NULL,1,0,15,'2026-05-27 08:52:56','2026-05-27 08:52:56'),(1251,8,164,'نرويجي كوفي / Norwegian Coffee',NULL,105.00,NULL,1,0,16,'2026-05-27 08:52:56','2026-05-27 08:52:56'),(1252,8,164,'بيستاشيو لاتيه / Pistachio Latte',NULL,140.00,NULL,1,0,17,'2026-05-27 08:52:56','2026-05-27 08:52:56'),(1253,8,165,'مانجو / Mango Juice',NULL,100.00,NULL,1,0,0,'2026-05-27 08:52:56','2026-05-27 08:52:56'),(1254,8,165,'فراولة / Strawberry Juice',NULL,100.00,NULL,1,0,1,'2026-05-27 08:52:56','2026-05-27 08:52:56'),(1255,8,165,'جوافة / Guava Juice',NULL,100.00,NULL,1,0,2,'2026-05-27 08:52:56','2026-05-27 08:52:56'),(1256,8,165,'برتقال / Orange Juice',NULL,100.00,NULL,1,0,3,'2026-05-27 08:52:56','2026-05-27 08:52:56'),(1257,8,165,'ليمون نعناع / Lemon Mint',NULL,90.00,NULL,1,0,4,'2026-05-27 08:52:56','2026-05-27 08:52:56'),(1258,8,165,'ليمون / Lemon Juice',NULL,85.00,NULL,1,0,5,'2026-05-27 08:52:56','2026-05-27 08:52:56'),(1259,8,165,'كيوي / Kiwi Juice',NULL,115.00,NULL,1,0,6,'2026-05-27 08:52:56','2026-05-27 08:52:56'),(1260,8,165,'موز باللبن / Banana with Milk',NULL,110.00,NULL,1,0,7,'2026-05-27 08:52:56','2026-05-27 08:52:56'),(1261,8,165,'أفوكادو / Avocado Juice',NULL,160.00,NULL,1,0,8,'2026-05-27 08:52:56','2026-05-27 08:52:56'),(1262,8,165,'بطيخ / Watermelon Juice',NULL,95.00,NULL,1,0,9,'2026-05-27 08:52:56','2026-05-27 08:52:56'),(1263,8,166,'النرويجي كوكتيل / Norwegian Cocktail',NULL,140.00,NULL,1,0,0,'2026-05-27 08:52:56','2026-05-27 08:52:56'),(1264,8,166,'مانجو كوك / Mango Coke',NULL,129.00,NULL,1,0,1,'2026-05-27 08:52:56','2026-05-27 08:52:56'),(1265,8,166,'مانجو خوخ / Mango Peach',NULL,129.00,NULL,1,0,2,'2026-05-27 08:52:56','2026-05-27 08:52:56'),(1266,8,166,'فلوريدا / Florida',NULL,135.00,NULL,1,0,3,'2026-05-27 08:52:56','2026-05-27 08:52:56'),(1267,8,166,'آيس كاب / Iced Cap',NULL,135.00,NULL,1,0,4,'2026-05-27 08:52:56','2026-05-27 08:52:56'),(1268,8,166,'بيتلز / Beatles',NULL,140.00,NULL,1,0,5,'2026-05-27 08:52:56','2026-05-27 08:52:56'),(1269,8,166,'زبادي فواكه / Fruit Yogurt',NULL,135.00,NULL,1,0,6,'2026-05-27 08:52:56','2026-05-27 08:52:56'),(1270,8,167,'بيبسي / Pepsi',NULL,60.00,NULL,1,0,0,'2026-05-27 08:52:56','2026-05-27 08:52:56'),(1271,8,167,'سفن أب / Seven Up',NULL,60.00,NULL,1,0,1,'2026-05-27 08:52:56','2026-05-27 08:52:56'),(1272,8,167,'بريل / Birell',NULL,71.00,NULL,1,0,2,'2026-05-27 08:52:56','2026-05-27 09:12:19'),(1273,8,167,'فيروز / Fayrouz',NULL,71.00,NULL,1,0,3,'2026-05-27 08:52:56','2026-05-27 08:52:56'),(1274,8,167,'شيري كولا / Cherry Cola',NULL,115.00,NULL,1,0,4,'2026-05-27 08:52:56','2026-05-27 08:52:56'),(1275,8,167,'ميرندا برتقال / Mirinda Orange',NULL,60.00,NULL,1,0,5,'2026-05-27 08:52:56','2026-05-27 08:52:56'),(1276,8,167,'مياه فوارة / Sparkling Water',NULL,85.00,NULL,1,0,6,'2026-05-27 08:52:56','2026-05-27 08:52:56'),(1277,8,167,'مياه صغيرة / Small Water',NULL,30.00,NULL,1,0,7,'2026-05-27 08:52:56','2026-05-27 08:52:56'),(1278,8,168,'صوص / Sauce',NULL,50.00,NULL,1,0,0,'2026-05-27 08:52:56','2026-05-27 08:52:56'),(1279,8,168,'فليفر / Flavor',NULL,40.00,NULL,1,0,1,'2026-05-27 08:52:56','2026-05-27 08:52:56'),(1280,8,168,'مكسرات / Nuts',NULL,50.00,NULL,1,0,2,'2026-05-27 08:52:56','2026-05-27 08:52:56'),(1281,8,168,'لبن / Milk',NULL,40.00,NULL,1,0,3,'2026-05-27 08:52:56','2026-05-27 08:52:56'),(1282,8,168,'شوت إسبريسو / Espresso Shot',NULL,40.00,NULL,1,0,4,'2026-05-27 08:52:57','2026-05-27 08:52:57'),(1283,8,168,'عسل / Honey',NULL,40.00,NULL,1,0,5,'2026-05-27 08:52:57','2026-05-27 08:52:57'),(1284,8,168,'نوتيلا / Nutella',NULL,50.00,NULL,1,0,6,'2026-05-27 08:52:57','2026-05-27 08:52:57'),(1285,8,168,'ويب كريم / Whipped Cream',NULL,40.00,NULL,1,0,7,'2026-05-27 08:52:57','2026-05-27 08:52:57'),(1286,8,169,'تشيز كيك / Cheesecake',NULL,165.00,NULL,1,0,0,'2026-05-27 08:52:57','2026-05-27 08:52:57'),(1287,8,169,'شوكليت كيك / Chocolate Cake',NULL,160.00,NULL,1,0,1,'2026-05-27 08:52:57','2026-05-27 08:52:57'),(1288,8,169,'براوني / Brownie',NULL,160.00,NULL,1,0,2,'2026-05-27 08:52:57','2026-05-27 08:52:57'),(1289,8,169,'مولتن كيك / Molten Cake',NULL,170.00,NULL,1,0,3,'2026-05-27 08:52:57','2026-05-27 08:52:57'),(1290,8,169,'مولتن نوتيلا / Molten Nutella',NULL,170.00,NULL,1,0,4,'2026-05-27 08:52:57','2026-05-27 08:52:57'),(1291,8,169,'تيراميسو / Tiramisu',NULL,180.00,NULL,1,0,5,'2026-05-27 08:52:57','2026-05-27 08:52:57'),(1292,8,169,'أوريو مادنس / Oreo Madness',NULL,155.00,NULL,1,0,6,'2026-05-27 08:52:57','2026-05-27 08:52:57'),(1293,8,169,'هوت كوكي / Hot Cookie',NULL,190.00,NULL,1,0,7,'2026-05-27 08:52:57','2026-05-27 08:52:57'),(1294,8,169,'كريب / Crepe',NULL,180.00,NULL,1,0,8,'2026-05-27 08:52:57','2026-05-27 08:52:57'),(1295,8,169,'بان كيك / Pancake',NULL,180.00,NULL,1,0,9,'2026-05-27 08:52:57','2026-05-27 08:52:57'),(1296,8,169,'وافل / Waffle',NULL,185.00,NULL,1,0,10,'2026-05-27 08:52:57','2026-05-27 08:52:57'),(1297,8,169,'آيس كريم مكس / Mixed Ice Cream',NULL,140.00,NULL,1,0,11,'2026-05-27 08:52:57','2026-05-27 08:52:57'),(1298,8,169,'آيس كريم 1 بولة / Ice Cream 1 Scoop',NULL,60.00,NULL,1,0,12,'2026-05-27 08:52:57','2026-05-27 08:52:57'),(1299,8,170,'شيشة فواكه / Fruit Shisha',NULL,185.00,NULL,1,0,0,'2026-05-27 08:52:57','2026-05-27 08:52:57'),(1300,8,170,'شيشة معسل / Maassel Shisha',NULL,65.00,NULL,1,0,1,'2026-05-27 08:52:57','2026-05-27 08:52:57'),(1301,8,170,'لي طبي / Medical Hose',NULL,27.00,NULL,1,0,2,'2026-05-27 08:52:57','2026-05-27 08:52:57'),(1302,8,171,'سموزي خوخ',NULL,150.00,NULL,1,0,0,'2026-05-27 09:19:27','2026-05-27 09:19:27'),(1303,8,171,'سموزي مانجو',NULL,150.00,NULL,1,0,1,'2026-05-27 09:19:27','2026-05-27 09:19:27'),(1304,8,171,'سموزي باشن فروت',NULL,150.00,NULL,1,0,2,'2026-05-27 09:19:27','2026-05-27 09:19:27'),(1305,8,171,'سموزي كيوي',NULL,150.00,NULL,1,0,3,'2026-05-27 09:19:27','2026-05-27 09:19:27'),(1306,8,171,'سموزي بطيخ',NULL,150.00,NULL,1,0,4,'2026-05-27 09:19:27','2026-05-27 09:19:27'),(1307,8,171,'سموزي ليمون نعناع',NULL,150.00,NULL,1,0,5,'2026-05-27 09:19:27','2026-05-27 09:19:27'),(1308,8,171,'سموزي ليمون',NULL,150.00,NULL,1,0,6,'2026-05-27 09:19:27','2026-05-27 09:19:27'),(1309,8,171,'سموزي مكس بيري',NULL,150.00,NULL,1,0,7,'2026-05-27 09:19:27','2026-05-27 09:19:27'),(1310,8,171,'سموزي نرويجي',NULL,150.00,NULL,1,0,8,'2026-05-27 09:19:27','2026-05-27 09:19:27'),(1311,8,172,'ميلك شيك فانيليا',NULL,160.00,NULL,1,0,0,'2026-05-27 09:19:27','2026-05-27 09:19:27'),(1312,8,172,'ميلك شيك شوكولاتة',NULL,160.00,NULL,1,0,1,'2026-05-27 09:19:27','2026-05-27 09:19:27'),(1313,8,172,'ميلك شيك فراولة',NULL,160.00,NULL,1,0,2,'2026-05-27 09:19:27','2026-05-27 09:19:27'),(1314,8,172,'ميلك شيك مانجو',NULL,160.00,NULL,1,0,3,'2026-05-27 09:19:27','2026-05-27 09:19:27'),(1315,8,172,'ميلك شيك أوريو',NULL,180.00,NULL,1,0,4,'2026-05-27 09:19:27','2026-05-27 09:19:27'),(1316,8,172,'ميلك شيك سنيكرز',NULL,200.00,NULL,1,0,5,'2026-05-27 09:19:27','2026-05-27 09:19:27'),(1317,8,172,'ميلك شيك براوني',NULL,200.00,NULL,1,0,6,'2026-05-27 09:19:27','2026-05-27 09:19:27'),(1318,8,172,'ميلك شيك تشيز كيك',NULL,200.00,NULL,1,0,7,'2026-05-27 09:19:27','2026-05-27 09:19:27'),(1319,8,172,'ميلك شيك كراميل',NULL,160.00,NULL,1,0,8,'2026-05-27 09:19:27','2026-05-27 09:19:27'),(1320,8,172,'ميلك شيك نوتيلا',NULL,170.00,NULL,1,0,9,'2026-05-27 09:19:27','2026-05-27 09:19:27'),(1321,8,172,'ميلك شيك مالتيزرز',NULL,180.00,NULL,1,0,10,'2026-05-27 09:19:27','2026-05-27 09:19:27'),(1322,8,172,'ميلك شيك لوتس',NULL,180.00,NULL,1,0,11,'2026-05-27 09:19:27','2026-05-27 09:19:27'),(1323,8,173,'آيس لاتيه',NULL,100.00,NULL,1,0,0,'2026-05-27 09:19:27','2026-05-27 09:19:27'),(1324,8,173,'آيس كابتشينو',NULL,110.00,NULL,1,0,1,'2026-05-27 09:19:27','2026-05-27 09:19:27'),(1325,8,173,'آيس سبانش لاتيه',NULL,130.00,NULL,1,0,2,'2026-05-27 09:19:27','2026-05-27 09:19:27'),(1326,8,173,'آيس موكا',NULL,140.00,NULL,1,0,3,'2026-05-27 09:19:27','2026-05-27 09:19:27'),(1327,8,173,'فرابتشينو',NULL,120.00,NULL,1,0,4,'2026-05-27 09:19:27','2026-05-27 09:19:27'),(1328,8,173,'كراميل فرابيه',NULL,130.00,NULL,1,0,5,'2026-05-27 09:19:27','2026-05-27 09:19:27'),(1329,8,173,'موكا فرابيه',NULL,130.00,NULL,1,0,6,'2026-05-27 09:19:27','2026-05-27 09:19:27'),(1330,8,173,'آيس بيستاشيو لاتيه',NULL,140.00,NULL,1,0,7,'2026-05-27 09:19:27','2026-05-27 09:19:27'),(1331,8,173,'آيس شوكولاتة',NULL,130.00,NULL,1,0,8,'2026-05-27 09:19:27','2026-05-27 09:19:27'),(1332,8,174,'موهيتو كلاسيك',NULL,110.00,NULL,1,0,0,'2026-05-27 09:19:27','2026-05-27 09:19:27'),(1333,8,174,'موهيتو خوخ',NULL,130.00,NULL,1,0,1,'2026-05-27 09:19:27','2026-05-27 09:19:27'),(1334,8,174,'موهيتو بلوبيري',NULL,130.00,NULL,1,0,2,'2026-05-27 09:19:27','2026-05-27 09:19:27'),(1335,8,174,'موهيتو باشن فروت',NULL,130.00,NULL,1,0,3,'2026-05-27 09:19:27','2026-05-27 09:19:27'),(1336,8,174,'موهيتو مانجو',NULL,130.00,NULL,1,0,4,'2026-05-27 09:19:27','2026-05-27 09:19:27'),(1337,8,174,'موهيتو فراولة',NULL,130.00,NULL,1,0,5,'2026-05-27 09:19:27','2026-05-27 09:19:27'),(1338,8,174,'موهيتو راسبيري',NULL,130.00,NULL,1,0,6,'2026-05-27 09:19:27','2026-05-27 09:19:27'),(1339,8,174,'موهيتو كيوي',NULL,130.00,NULL,1,0,7,'2026-05-27 09:19:27','2026-05-27 09:19:27'),(1340,8,174,'صن شاين',NULL,150.00,NULL,1,0,8,'2026-05-27 09:19:27','2026-05-27 09:19:27'),(1341,8,174,'موهيتو ريد بول',NULL,180.00,NULL,1,0,9,'2026-05-27 09:19:27','2026-05-27 09:19:27'),(1342,8,174,'هامر هيد',NULL,185.00,NULL,1,0,10,'2026-05-27 09:19:27','2026-05-27 09:19:27'),(1348,8,175,'بوبا باشن فروت',NULL,130.00,NULL,1,0,0,'2026-05-27 09:20:35','2026-05-27 09:20:35'),(1349,8,175,'بوبا بلوبيري',NULL,130.00,NULL,1,0,1,'2026-05-27 09:20:35','2026-05-27 09:20:35'),(1350,8,175,'بوبا كولا',NULL,130.00,NULL,1,0,2,'2026-05-27 09:20:36','2026-05-27 09:20:36'),(1351,8,175,'بوبا بطيخ',NULL,130.00,NULL,1,0,3,'2026-05-27 09:20:36','2026-05-27 09:20:36'),(1352,8,175,'بوبا فراولة',NULL,130.00,NULL,1,0,4,'2026-05-27 09:20:36','2026-05-27 09:20:36'),(1353,3,176,'قص الشعر / Haircut','قص وتصفيف الشعر بأحدث الصيحات العالمية',150.00,NULL,1,0,1,'2026-05-28 04:56:13','2026-05-28 04:56:13'),(1354,3,176,'قص الشعر للأطفال / Kids Haircut','من سن سنة إلى 8 سنوات بأجواء ممتعة ومريحة للأطفال',100.00,NULL,1,0,2,'2026-05-28 04:56:13','2026-05-28 04:56:13'),(1355,3,176,'قص ذقن / Beard Trim','تحديد وتهذيب اللحية بشكل متناسق مع ملامح الوجه',100.00,NULL,1,0,3,'2026-05-28 04:56:13','2026-05-28 04:56:13'),(1356,3,176,'شعر + ذقن / Hair & Beard Cut','العرض الأساسي لقص الشعر وتحديد اللحية',200.00,NULL,1,0,4,'2026-05-28 04:56:13','2026-05-28 04:56:13'),(1357,3,176,'شعر + ذقن + سيشوار أو ويفي / Hair, Beard & Styling','باقة متكاملة للحلاقة مع التصفيف الاحترافي سيشوار أو ويفي',300.00,NULL,1,0,5,'2026-05-28 04:56:13','2026-05-28 04:56:13'),(1358,3,176,'سيشوار / Blowdry','تصفيف وتجفيف الشعر بالسيشوار لمظهر أنيق',150.00,NULL,1,0,6,'2026-05-28 04:56:13','2026-05-28 04:56:13'),(1359,3,176,'ويفي / Wavy Styling','عمل تموجات ويفي مميزة للشعر',150.00,NULL,1,0,7,'2026-05-28 04:56:13','2026-05-28 04:56:13'),(1360,3,176,'كيرلي / Curly Styling','تصفيف الشعر كيرلي بشكل طبيعي وجذاب',200.00,NULL,1,0,8,'2026-05-28 04:56:13','2026-05-28 04:56:13'),(1361,3,176,'بيبيليس / Babyliss','فرد وتنعيم الشعر باستخدام البيبيليس',150.00,NULL,1,0,9,'2026-05-28 04:56:13','2026-05-28 04:56:13'),(1362,3,176,'دريد (ضفائر) / Dreadlocks & Braids','عمل ضفائر ودريد لوكس احترافية - السعر يبدأ من 1000 ج.م ويحدد حسب الطول والكثافة',1000.00,NULL,1,0,10,'2026-05-28 04:56:13','2026-05-28 04:56:13'),(1363,3,177,'بروتين بالجرام / Protein Per Gram','فرد الشعر بالبروتين العلاجي الخالي من الفورمالين (سعر الجرام الواحد)',15.00,NULL,1,0,1,'2026-05-28 04:56:13','2026-05-28 04:56:13'),(1364,3,177,'كيراتين بالجرام / Keratin Per Gram','علاج وتنعيم الشعر بالكيراتين الأصلي (سعر الجرام الواحد)',15.00,NULL,1,0,2,'2026-05-28 04:56:13','2026-05-28 04:56:13'),(1365,3,177,'خدمة بروتين أو كيراتين / Service Fee','تكلفة تطبيق وفرد جلسة البروتين/الكيراتين داخل الصالون',500.00,NULL,1,0,3,'2026-05-28 04:56:13','2026-05-28 04:56:13'),(1366,3,177,'مكواة فرد الشعر / Hair Straightening','فرد الشعر المؤقت بجودة عالية',200.00,NULL,1,0,4,'2026-05-28 04:56:13','2026-05-28 04:56:13'),(1367,3,177,'مكواة فرد اللحية / Beard Straightening','تهذيب وفرد شعر اللحية بالمكواة الحرارية',100.00,NULL,1,0,5,'2026-05-28 04:56:13','2026-05-28 04:56:13'),(1368,3,177,'حمام زيت / Hot Oil Treatment','حمام زيت دافئ مغذي لبصيلات الشعر لعلاج التقصف والتساقط',250.00,NULL,1,0,6,'2026-05-28 04:56:13','2026-05-28 04:56:13'),(1369,3,177,'فرد شعر / Hair Relaxing','جلسة فرد شعر كيميائي خفيف وآمن',150.00,NULL,1,0,7,'2026-05-28 04:56:13','2026-05-28 04:56:13'),(1370,3,177,'اسبراي لون / Color Spray','تلوين مؤقت للشعر سهل الغسيل بالماء',50.00,NULL,1,0,8,'2026-05-28 04:56:13','2026-05-28 04:56:13'),(1371,3,178,'صبغة الشعر سيلفر أو أبيض / Silver & White Dye','صبغ الشعر باللون السيلفر أو الأبيض الثلجي الفاخر',700.00,NULL,1,0,1,'2026-05-28 04:56:13','2026-05-28 04:56:13'),(1372,3,178,'صبغة الشعر أسود / Black Dye','تلوين كامل للشعر باللون الأسود الطبيعي لإخفاء الشيب',400.00,NULL,1,0,2,'2026-05-28 04:56:13','2026-05-28 04:56:13'),(1373,3,178,'صبغة ذقن / Beard Dyeing','تحديد وصبغ اللحية لإخفاء عيوب الفراغات والشيب',150.00,NULL,1,0,3,'2026-05-28 04:56:13','2026-05-28 04:56:13'),(1374,3,178,'توبيك / Toppik Fibers','إخفاء الفراغات وتكثيف مظهر الشعر الفراغي بشكل فوري وطبيعي',100.00,NULL,1,0,4,'2026-05-28 04:56:13','2026-05-28 04:56:13'),(1375,3,179,'تنظيف بشرة / Deep Skin Cleansing','تنظيف عميق للبشرة لإزالة الرؤوس السوداء والدهون وتفتيح البشرة',400.00,NULL,1,0,1,'2026-05-28 04:56:13','2026-05-28 04:56:13'),(1376,3,179,'هايدفشيال للبشرة / Hydrafacial Treatment','جلسة الهايدفشيال المتكاملة لتقشير البشرة وترطيبها وتجديد النضارة',700.00,NULL,1,0,2,'2026-05-28 04:56:13','2026-05-28 04:56:13'),(1377,3,179,'ديرما بن للوجه / Derma Pen Treatment','جلسة ديرما بن لتحفيز الكولاجين وعلاج آثار الحبوب والندبات بالبشرة',150.00,NULL,1,0,3,'2026-05-28 04:56:13','2026-05-28 04:56:13'),(1378,3,180,'شمع كامل للوجه / Full Face Waxing','إزالة شعر الوجه الزائد بالكامل باستخدام الشمع الطبيعي لراحة أطول',150.00,NULL,1,0,1,'2026-05-28 04:56:13','2026-05-28 04:56:13'),(1379,3,180,'شمع أنف أو أذن / Ear & Nose Waxing','إزالة شعر الأنف أو الأذن الزائد بالشمع بطريقة سريعة وبدون ألم',100.00,NULL,1,0,2,'2026-05-28 04:56:13','2026-05-28 04:56:13'),(1380,3,180,'ماسك الوجه / Face Mask Treatment','ماسك مغذي ومرطب مخصص لنوع بشرتك لإعطاء مظهر مشرق وخالٍ من الإرهاق',100.00,NULL,1,0,3,'2026-05-28 04:56:13','2026-05-28 04:56:13'),(1381,3,180,'مساج للوجه والاسترخاء / Relaxing Massage','مساج مهدئ لعضلات الوجه والرقبة لتنشيط الدورة الدموية والاسترخاء',100.00,NULL,1,0,4,'2026-05-28 04:56:13','2026-05-28 04:56:13'),(1382,3,181,'باديكير اليدين / Manicure','تنظيف وتقليم الأظافر وترطيب اليدين ومساج خفيف لراحة اليدين',300.00,NULL,1,0,1,'2026-05-28 04:56:13','2026-05-28 04:56:13'),(1383,3,181,'باديكير القدمين / Pedicure','جلسة تنظيف عميق وتقشير لكعب القدمين وإزالة الجلد الميت وترطيب القدمين',400.00,NULL,1,0,2,'2026-05-28 04:56:13','2026-05-28 04:56:13'),(1384,3,181,'مانيكير وباديكير متكامل / Manicure & Pedicure','جلسة دبل متكاملة لتنظيف وعلاج أظافر اليدين والقدمين معاً بسعر مخفض',600.00,NULL,1,0,3,'2026-05-28 04:56:13','2026-05-28 04:56:13'),(1385,3,182,'باكيدج العريس (داخل الصالون) / Groom Package (In-Salon)','باقة الزفاف المتكاملة وتشمل: قص + ذقن + حمام زيت مغذي + تنظيف بشرة عميق + باديكير كامل لليدين والقدمين + فينش العريس المميز داخل الصالون',2500.00,NULL,1,1,1,'2026-05-28 04:56:13','2026-05-28 04:56:13'),(1386,3,182,'باكيدج العريس (خارج الصالون) / Groom Package (Out-Salon)','باقة الزفاف المتكاملة وتشمل: قص + ذقن + حمام زيت مغذي + تنظيف بشرة عميق + باديكير كامل لليدين والقدمين + فينش العريس المميز (خدمة خارجية في مكان العريس)',3500.00,NULL,1,1,2,'2026-05-28 04:56:13','2026-05-28 04:56:13'),(1387,3,183,'باقة النرويجي الكلاسيكية / El-Nerwegy Basic Package','تشمل: قص شعر + قص ذقن + حمام زيت مغذي + تنظيف بشرة (عرض خاص بدلاً من 1250 ج.م)',1000.00,NULL,1,1,1,'2026-05-28 04:56:13','2026-05-28 04:56:13'),(1388,3,183,'باقة النرويجي الذهبية / El-Nerwegy Premium Package','تشمل: قص شعر + قص ذقن + حمام زيت مغذي + تنظيف بشرة + باديكير يدين وقدمين (عرض خاص بدلاً من 1800 ج.م)',1300.00,NULL,1,1,2,'2026-05-28 04:56:13','2026-05-28 04:56:13'),(1389,3,184,'قص شعر إضافي / Special Haircut','قص وتصميم قصات خاصة وتدريج متقدم للشعر',200.00,NULL,1,0,1,'2026-05-28 04:56:13','2026-05-28 04:56:13'),(1390,3,184,'تصفيف استشوار احترافي / Premium Blowdry','تصفيف كامل للشعر بالاستشوار للمناسبات الخاصة',300.00,NULL,1,0,2,'2026-05-28 04:56:13','2026-05-28 04:56:13'),(1391,3,184,'تنعيم بالمكواة / Hair Flat Ironing','جلسة فرد بالمكواة السيراميك لحماية ولمعان أطول للشعر',300.00,NULL,1,0,3,'2026-05-28 04:56:13','2026-05-28 04:56:13'),(1392,3,184,'باديكير يد خاص / Special Manicure','تنظيف وترطيب متطور لأطراف اليدين',300.00,NULL,1,0,4,'2026-05-28 04:56:13','2026-05-28 04:56:13'),(1393,3,184,'باديكير قدم خاص / Special Pedicure','تنظيف وتقشير متطور لأطراف وقدمين العميل',400.00,NULL,1,0,5,'2026-05-28 04:56:13','2026-05-28 04:56:13'),(1394,3,184,'باديكير يدين وقدمين خاص / Special Mani-Pedi','الجمع بين خدمات العناية بالأطراف في جلسة واحدة فاخرة',600.00,NULL,1,0,6,'2026-05-28 04:56:13','2026-05-28 04:56:13'),(1395,3,184,'تنظيف بشرة (6 مراحل) / 6-Step Facial','تنظيف بشرة بمواد طبيعية على 6 مراحل متتالية لإشراقة سريعة',400.00,NULL,1,0,7,'2026-05-28 04:56:13','2026-05-28 04:56:13'),(1396,3,184,'تنظيف بشرة (12 مراحل) / 12-Step Premium Facial','جلسة تنظيف بشرة وعلاج الخلايا التالفة على 12 مرحلة كاملة متخصصة',700.00,NULL,1,0,8,'2026-05-28 04:56:13','2026-05-28 04:56:13'),(1397,3,184,'تركيب أظافر مؤقتة / Fake Nails','تركيب وتنسيق أظافر مؤقتة لمظهر أيدي مميز',300.00,NULL,1,0,9,'2026-05-28 04:56:13','2026-05-28 04:56:13'),(1398,3,184,'تهذيب وجه وحواجب / Face & Brows Threading','إزالة وجه وحواجب بالخيط بشكل جمالي ناعم',150.00,NULL,1,0,10,'2026-05-28 04:56:13','2026-05-28 04:56:13'),(1399,3,184,'إزالة لاصق (قطعة واحدة) / Hair Patch Removal (1 Pc)','إزالة وتنظيف قطعة لاصقة من الشعر المستعار أو بروتيز',150.00,NULL,1,0,11,'2026-05-28 04:56:13','2026-05-28 04:56:13'),(1400,3,184,'إزالة لاصق (أكثر من قطعة) / Hair Patch Removal (Multi)','إزالة وتنظيف متعدد للقطع اللاصقة للشعر المستعار',250.00,NULL,1,0,12,'2026-05-28 04:56:13','2026-05-28 04:56:13'),(1401,3,185,'عرض الأب والابن / Father & Son Offer','احلق أنت وابنك داخل الصالون واحصل على حلاقة ابنك بنصف الثمن تماماً!',0.00,NULL,1,1,1,'2026-05-28 04:56:13','2026-05-28 04:56:13'),(1402,3,185,'خصم قائمة الانتظار / Waiting List Discount','إذا كنت في قائمة الانتظار، استمتع بخصم 25% على جميع مشروبات الكافيه الخاص بالصالون',0.00,NULL,1,0,2,'2026-05-28 04:56:13','2026-05-28 04:56:13'),(1403,3,185,'عرض الساعة السعيدة / Happy Hour Offer','احجز خدماتك من الساعة 12 صباحاً إلى 4 عصراً، واحصل على خصم 25% على التكلفة الكلية للخدمات',0.00,NULL,1,1,3,'2026-05-28 04:56:13','2026-05-28 04:56:13'),(1404,6,85,'Combo SIP CHILL- كومبو ساب شيل',NULL,325.00,'products/images/6rBNr1gsINfBVaOubmMlppydAbCkTcKFisYRuyBE.jpg',1,0,51,'2026-05-28 05:06:28','2026-05-28 05:09:47');
/*!40000 ALTER TABLE `products` ENABLE KEYS */;
UNLOCK TABLES;

--
-- Table structure for table `restaurants`
--

DROP TABLE IF EXISTS `restaurants`;
/*!40101 SET @saved_cs_client     = @@character_set_client */;
/*!50503 SET character_set_client = utf8mb4 */;
CREATE TABLE `restaurants` (
  `id` bigint unsigned NOT NULL AUTO_INCREMENT,
  `name` varchar(255) CHARACTER SET utf8mb4 COLLATE utf8mb4_unicode_ci NOT NULL,
  `phone` varchar(30) CHARACTER SET utf8mb4 COLLATE utf8mb4_unicode_ci DEFAULT NULL,
  `address` varchar(255) CHARACTER SET utf8mb4 COLLATE utf8mb4_unicode_ci DEFAULT NULL,
  `logo_path` varchar(255) CHARACTER SET utf8mb4 COLLATE utf8mb4_unicode_ci DEFAULT NULL,
  `banner_path` varchar(255) CHARACTER SET utf8mb4 COLLATE utf8mb4_unicode_ci DEFAULT NULL,
  `description` text CHARACTER SET utf8mb4 COLLATE utf8mb4_unicode_ci,
  `permanent_qr_code` varchar(64) CHARACTER SET utf8mb4 COLLATE utf8mb4_unicode_ci DEFAULT NULL,
  `subscription_status` varchar(20) CHARACTER SET utf8mb4 COLLATE utf8mb4_unicode_ci NOT NULL DEFAULT 'active',
  `subscription_starts_at` timestamp NULL DEFAULT NULL,
  `subscription_ends_at` timestamp NULL DEFAULT NULL,
  `created_at` timestamp NULL DEFAULT NULL,
  `updated_at` timestamp NULL DEFAULT NULL,
  PRIMARY KEY (`id`),
  UNIQUE KEY `restaurants_permanent_qr_code_unique` (`permanent_qr_code`),
  KEY `restaurants_permanent_qr_code_index` (`permanent_qr_code`)
) ENGINE=InnoDB AUTO_INCREMENT=9 DEFAULT CHARSET=utf8mb4 COLLATE=utf8mb4_unicode_ci;
/*!40101 SET character_set_client = @saved_cs_client */;

--
-- Dumping data for table `restaurants`
--

LOCK TABLES `restaurants` WRITE;
/*!40000 ALTER TABLE `restaurants` DISABLE KEYS */;
INSERT INTO `restaurants` VALUES (1,'مشويات نوح','01206628718',NULL,NULL,NULL,NULL,'rest_dpnpzhlfl0','active','2026-04-19 14:00:00','2028-10-19 14:00:00','2026-04-20 04:30:36','2026-05-11 07:29:31'),(2,'The tree','+201144806748',NULL,NULL,NULL,'مطعم وكافيه','rest_ax6on6awko','active','2026-04-20 04:39:57','2026-05-20 04:39:57','2026-04-20 04:42:49','2026-04-20 04:42:49'),(3,'صالون النرويجي / El-Nerwegy Barber Shop','01206628719','الإسكندرية','restaurants/logos/rXGEA4wjHh4sV9K376i6Hev3hLjS8h2vkPyOiVCb.jpg','restaurants/banners/e2EvM4w2PSMffoDoN7hiY7Fq8smlI0zKXiI5IDxQ.png','أرقى خدمات العناية بالشعر والوجه والبشرة للرجال / Premium Hair, Face & Skin Care Services for Men','rest_v3mzlrbwdb','active','2026-05-28 04:56:12','2026-06-28 04:56:12','2026-04-20 05:30:19','2026-05-28 04:56:12'),(4,'sds','01206628714',NULL,NULL,NULL,NULL,'rest_fjhee9a3wd','active','2026-04-20 06:51:34','2026-05-20 06:51:34','2026-04-20 06:51:50','2026-04-20 06:51:50'),(5,'THE - TREE','01278455666',NULL,'restaurants/logos/ZBtM5oSjDEMK4OH9l8phWM4IHWrWGTnVHJAdR0Nq.png','restaurants/banners/1L3mTBrtdIAjab1LmrRRwvxLWFic7RgJaaACWzgQ.png','Restaurant & Cafe','rest_gbsbaz0i5s','active','2026-04-25 14:00:00','2027-01-01 16:00:00','2026-04-26 06:19:57','2026-05-11 07:25:35'),(6,'Sip Chill','01202669559',NULL,'restaurants/logos/y3yw3PG201FvK2OO7xDSTshBNHWCf2JCjZwSG1Ge.jpg','restaurants/banners/npWZI66SEK1TazjRkrpZJTv2qRtAgeeo03WhgMkp.jpg',NULL,'rest_qum2truoui','active','2026-05-12 00:14:10','2026-06-11 00:14:10','2026-05-12 00:15:13','2026-05-12 00:15:13'),(7,'النرويجي كوفي','01206628718','الإسكندرية، مصر','restaurants/logos/C29K4sudjcqDqjfUcgpkjFAjYGH8i7n4qot4S94V.jpg',NULL,'THE ART OF BREWING - فن تحضير القهوة الفاخرة والمشروبات المميزة','rest_ivqcxknjwa','suspended','2026-05-26 14:00:00','2026-06-25 14:00:00','2026-05-27 04:58:40','2026-05-27 09:04:47'),(8,'النرويجي كوفي','01206628719','الإسكندرية، مصر','restaurants/logos/C29K4sudjcqDqjfUcgpkjFAjYGH8i7n4qot4S94V.jpg',NULL,'THE ART OF BREWING - فن تحضير القهوة الفاخرة والمشروبات المميزة','rest_f755kywtdd','active','2026-05-26 14:00:00','2026-06-10 14:00:00','2026-05-27 05:39:15','2026-05-27 09:05:52');
/*!40000 ALTER TABLE `restaurants` ENABLE KEYS */;
UNLOCK TABLES;

--
-- Table structure for table `sessions`
--

DROP TABLE IF EXISTS `sessions`;
/*!40101 SET @saved_cs_client     = @@character_set_client */;
/*!50503 SET character_set_client = utf8mb4 */;
CREATE TABLE `sessions` (
  `id` varchar(255) CHARACTER SET utf8mb4 COLLATE utf8mb4_unicode_ci NOT NULL,
  `user_id` bigint unsigned DEFAULT NULL,
  `ip_address` varchar(45) CHARACTER SET utf8mb4 COLLATE utf8mb4_unicode_ci DEFAULT NULL,
  `user_agent` text CHARACTER SET utf8mb4 COLLATE utf8mb4_unicode_ci,
  `payload` longtext CHARACTER SET utf8mb4 COLLATE utf8mb4_unicode_ci NOT NULL,
  `last_activity` int NOT NULL,
  PRIMARY KEY (`id`),
  KEY `sessions_user_id_index` (`user_id`),
  KEY `sessions_last_activity_index` (`last_activity`)
) ENGINE=InnoDB DEFAULT CHARSET=utf8mb4 COLLATE=utf8mb4_unicode_ci;
/*!40101 SET character_set_client = @saved_cs_client */;

--
-- Dumping data for table `sessions`
--

LOCK TABLES `sessions` WRITE;
/*!40000 ALTER TABLE `sessions` DISABLE KEYS */;
INSERT INTO `sessions` VALUES ('3lwgvv9urmVK4yHcEp2cImBIc4VYWMiXrZ1wVjPZ',NULL,'172.64.200.87','Mozilla/5.0 (Windows NT 10.0; Win64; x64) AppleWebKit/537.36 (KHTML, like Gecko) Chrome/139.0.0.0 Safari/537.36','eyJfdG9rZW4iOiJ0MXVzMGlzUVlibGNuZWhmUUFaTDh4MVp3dk9Tc21GWWg3VmJ1TENJIiwiX3ByZXZpb3VzIjp7InVybCI6Imh0dHBzOlwvXC9tZW51Lm9zaXJpeC5vbmxpbmVcL2xvZ2luIiwicm91dGUiOiJsb2dpbiJ9LCJfZmxhc2giOnsib2xkIjpbXSwibmV3IjpbXX19',1779925043),('5wg9wAZjV5mzHN8oY5RjDoLQAsMGHaYRYFigxBKE',NULL,'172.71.130.107','Mozilla/5.0 (Linux; Android 10; K) AppleWebKit/537.36 (KHTML, like Gecko) Chrome/138.0.0.0 Mobile Safari/537.36 (compatible; Google-Read-Aloud; +https://support.google.com/webmasters/answer/1061943)','eyJfdG9rZW4iOiJPQUNQTEQ1dng5NkFhYTBIcWpkNFd2VTBFSnAyWkVybkljT0tDUnM3IiwiX3ByZXZpb3VzIjp7InVybCI6Imh0dHBzOlwvXC9tZW51Lm9zaXJpeC5vbmxpbmVcL21lbnVcL3RoZS10cmVlIiwicm91dGUiOiJtZW51LnNob3cifSwiX2ZsYXNoIjp7Im9sZCI6W10sIm5ldyI6W119fQ==',1779919283),('7Pg3wDCYpT8Wr5oa2fUCsIteqrPiaf2mLtETcDm9',NULL,'172.69.150.101','Mozilla/5.0 (Windows NT 10.0; Win64; x64) AppleWebKit/537.36 (KHTML, like Gecko) Chrome/139.0.0.0 Safari/537.36','eyJfdG9rZW4iOiIwOW9GOHhhQ3ZyOTNpT2p3OHdSNklEdWVtS1RCUE40UVBITG8yWkRCIiwiX3ByZXZpb3VzIjp7InVybCI6Imh0dHBzOlwvXC9tZW51Lm9zaXJpeC5vbmxpbmVcL3JlZ2lzdGVyIiwicm91dGUiOiJyZWdpc3RlciJ9LCJfZmxhc2giOnsib2xkIjpbXSwibmV3IjpbXX19',1779925041),('aIMksavgYo3o1RvhfcSq5oZFGfRCPAc3FWEvbkuJ',12,'162.159.122.86','Mozilla/5.0 (Windows NT 10.0; Win64; x64) AppleWebKit/537.36 (KHTML, like Gecko) Chrome/148.0.0.0 Safari/537.36 Edg/148.0.0.0','eyJfdG9rZW4iOiJOZjg4V1J4a29aZkxNWDlsV1pLN0FMWlpYVmp5ZDFDWU5BcFJzUjRpIiwiX2ZsYXNoIjp7Im9sZCI6W10sIm5ldyI6W119LCJfcHJldmlvdXMiOnsidXJsIjoiaHR0cHM6XC9cL21lbnUub3Npcml4Lm9ubGluZVwvc2V0dGluZ3NcL21lbnVcL3FyLWRlc2lnbiIsInJvdXRlIjoic2V0dGluZ3MubWVudS5xci1kZXNpZ24ucHJldmlldyJ9LCJsb2dpbl93ZWJfNTliYTM2YWRkYzJiMmY5NDAxNTgwZjAxNGM3ZjU4ZWE0ZTMwOTg5ZCI6MTJ9',1779925314),('Aw1JI80NlyuXL2VzJRBvTo62fMRc9B2gVwAORG5r',NULL,'172.71.130.107','Mozilla/5.0 (Linux; Android 10; K) AppleWebKit/537.36 (KHTML, like Gecko) Chrome/138.0.0.0 Mobile Safari/537.36 (compatible; Google-Read-Aloud; +https://support.google.com/webmasters/answer/1061943)','eyJfdG9rZW4iOiJZQzMxa1paUTRFMHBqSFZCdHIzQnlqZXc4Z0FySVlid2ltSzNHNUx4IiwiX3ByZXZpb3VzIjp7InVybCI6Imh0dHBzOlwvXC9tZW51Lm9zaXJpeC5vbmxpbmVcL21lbnVcL3RoZS10cmVlIiwicm91dGUiOiJtZW51LnNob3cifSwiX2ZsYXNoIjp7Im9sZCI6W10sIm5ldyI6W119fQ==',1779919334),('bpe5S526QlNdFhhjs1dLYTgjKbjNhc31bu1GWpB9',NULL,'172.71.127.28','Mozilla/5.0 (Linux; Android 10; K) AppleWebKit/537.36 (KHTML, like Gecko) Chrome/138.0.0.0 Mobile Safari/537.36 (compatible; Google-Read-Aloud; +https://support.google.com/webmasters/answer/1061943)','eyJfdG9rZW4iOiJPOTk3TXRKcnJmOGc3ZE1saG9SemJPQ0plOTNvZTB6dGFEc3F5Y21rIiwiX3ByZXZpb3VzIjp7InVybCI6Imh0dHBzOlwvXC9tZW51Lm9zaXJpeC5vbmxpbmVcL21lbnVcL3RoZS10cmVlIiwicm91dGUiOiJtZW51LnNob3cifSwiX2ZsYXNoIjp7Im9sZCI6W10sIm5ldyI6W119fQ==',1779919335),('crDu4LigewwLAi4KLcKAI5Pz583mHatdjCNoyOfN',NULL,'172.70.108.87','Mozilla/5.0 (Windows NT 10.0; Win64; x64) AppleWebKit/537.36 (KHTML, like Gecko) Chrome/148.0.0.0 Safari/537.36 Edg/148.0.0.0','eyJfdG9rZW4iOiIyVWtjbkh6NmJZamtnemx1T29RaXZEUWhWdkc1UVZKRFV3eDh0ck0zIiwiX3ByZXZpb3VzIjp7InVybCI6Imh0dHBzOlwvXC9tZW51Lm9zaXJpeC5vbmxpbmVcL21lbnVcL3NpcC1jaGlsbCIsInJvdXRlIjoibWVudS5zaG93In0sIl9mbGFzaCI6eyJvbGQiOltdLCJuZXciOltdfX0=',1779921155),('drKnVHYZEpF2qVe2LRQNKm0hqx4P054uwa45TbBz',NULL,'172.69.68.60','Mozilla/5.0 (iPhone; CPU iPhone OS 18_7 like Mac OS X) AppleWebKit/605.1.15 (KHTML, like Gecko) Version/26.1 Mobile/15E148 Safari/604.1','eyJfdG9rZW4iOiJvQ1JoMWdid20wS0NWZjB4YjVObzBxRVkyNnc2QTZicG5oZzJKcFF6IiwiX3ByZXZpb3VzIjp7InVybCI6Imh0dHBzOlwvXC9tZW51Lm9zaXJpeC5vbmxpbmVcL21lbnVcL3RoZS10cmVlIiwicm91dGUiOiJtZW51LnNob3cifSwiX2ZsYXNoIjp7Im9sZCI6W10sIm5ldyI6W119fQ==',1779924157),('fgWZMMPybWR3cdhNZsyvdc259OsXNF9KtOtkSxs1',NULL,'172.68.151.17','Mozilla/5.0 (Linux; Android 10; K) AppleWebKit/537.36 (KHTML, like Gecko) Chrome/138.0.0.0 Mobile Safari/537.36 (compatible; Google-Read-Aloud; +https://support.google.com/webmasters/answer/1061943)','eyJfdG9rZW4iOiJvbkpSZUJjR0x1dGVmT0RGSHVpUUhZRmxIU1IyTkJHVGphODJMT3RWIiwiX3ByZXZpb3VzIjp7InVybCI6Imh0dHBzOlwvXC9tZW51Lm9zaXJpeC5vbmxpbmVcL21lbnVcL3RoZS10cmVlIiwicm91dGUiOiJtZW51LnNob3cifSwiX2ZsYXNoIjp7Im9sZCI6W10sIm5ldyI6W119fQ==',1779919286),('hEDAuLhhvhG4MzAdFU8axvYEX8h7GsGVzK9NMoNG',NULL,'141.101.97.3','Mozilla/5.0 (Linux; Android 10; K) AppleWebKit/537.36 (KHTML, like Gecko) Chrome/138.0.0.0 Mobile Safari/537.36 (compatible; Google-Read-Aloud; +https://support.google.com/webmasters/answer/1061943)','eyJfdG9rZW4iOiJIV3NDM2VBcGRUMldHRnFSNW9wem9VRW8yWmhtT2Y0OWpPOG5DZURKIiwiX3ByZXZpb3VzIjp7InVybCI6Imh0dHBzOlwvXC9tZW51Lm9zaXJpeC5vbmxpbmVcL21lbnVcL3RoZS10cmVlIiwicm91dGUiOiJtZW51LnNob3cifSwiX2ZsYXNoIjp7Im9sZCI6W10sIm5ldyI6W119fQ==',1779919284),('hnONBmZ0gLLQFYxyBFMKcPgmf5BWe0QTjWQhWpVa',NULL,'172.71.127.28','Mozilla/5.0 (Linux; Android 10; K) AppleWebKit/537.36 (KHTML, like Gecko) Chrome/138.0.0.0 Mobile Safari/537.36 (compatible; Google-Read-Aloud; +https://support.google.com/webmasters/answer/1061943)','eyJfdG9rZW4iOiJNQ3RnODNSRTNZU0Z3WDhYZ2czOGNQQkJzREM2NFRKZ2s1RDhIcXJpIiwiX3ByZXZpb3VzIjp7InVybCI6Imh0dHBzOlwvXC9tZW51Lm9zaXJpeC5vbmxpbmVcL21lbnVcL3RoZS10cmVlIiwicm91dGUiOiJtZW51LnNob3cifSwiX2ZsYXNoIjp7Im9sZCI6W10sIm5ldyI6W119fQ==',1779919290),('HQBH81e9nx9Iz7JufGwbuVuNDOXv7guxmStCErc8',NULL,'172.70.108.87','Mozilla/5.0 (Linux; Android 10; K) AppleWebKit/537.36 (KHTML, like Gecko) SamsungBrowser/30.0 Chrome/143.0.0.0 Mobile Safari/537.36','eyJfdG9rZW4iOiJpdTU4WVpRVjZ5ZHlUT3ZvUDJmeUM2SkJRdjcxcHFpN3ExQ1FGMFJkIiwiX3ByZXZpb3VzIjp7InVybCI6Imh0dHBzOlwvXC9tZW51Lm9zaXJpeC5vbmxpbmVcL21lbnVcL3NpcC1jaGlsbCIsInJvdXRlIjoibWVudS5zaG93In0sIl9mbGFzaCI6eyJvbGQiOltdLCJuZXciOltdfX0=',1779921741),('Hxdledw5yNYrqsHcFJ7DOLWmSXaHwJyPWWBe8OvS',NULL,'162.158.22.171','Mozilla/5.0 (iPhone; CPU iPhone OS 16_5_1 like Mac OS X) AppleWebKit/605.1.15 (KHTML, like Gecko) Version/16.5.1 Mobile/15E148 Safari/604.1','eyJfdG9rZW4iOiJja0hXUkZmcjNUUGhKbVkzelBIc3NjcktLY1V5U2NodzlTamxtdmpmIiwiX3ByZXZpb3VzIjp7InVybCI6Imh0dHBzOlwvXC9tZW51Lm9zaXJpeC5vbmxpbmVcL21lbnVcL25nIiwicm91dGUiOiJtZW51LnNob3cifSwiX2ZsYXNoIjp7Im9sZCI6W10sIm5ldyI6W119fQ==',1779921543),('IhT8NxRMaSgbMkyTeWo7KOb6VKfvX4FsR5S6XuFi',NULL,'172.69.71.81','Mozilla/5.0 (Linux; Android 10; K) AppleWebKit/537.36 (KHTML, like Gecko) Chrome/138.0.0.0 Mobile Safari/537.36 (compatible; Google-Read-Aloud; +https://support.google.com/webmasters/answer/1061943)','eyJfdG9rZW4iOiJ1Y25vdnhZUkRGTmZ3NHU3alBtOFJDaGxXWGcwR0VFMHJFVGdNRUtQIiwiX3ByZXZpb3VzIjp7InVybCI6Imh0dHBzOlwvXC9tZW51Lm9zaXJpeC5vbmxpbmVcL21lbnVcL3RoZS10cmVlIiwicm91dGUiOiJtZW51LnNob3cifSwiX2ZsYXNoIjp7Im9sZCI6W10sIm5ldyI6W119fQ==',1779920217),('JDNGG3bBQwOkkCUWUimhYsuSKOEdevBfCbVtPBs8',NULL,'172.68.151.17','Mozilla/5.0 (Linux; Android 10; K) AppleWebKit/537.36 (KHTML, like Gecko) Chrome/138.0.0.0 Mobile Safari/537.36 (compatible; Google-Read-Aloud; +https://support.google.com/webmasters/answer/1061943)','eyJfdG9rZW4iOiJ1VnhoMGZPcGVnU0UwQm5jcldLZmtEU2Q5N3hlY3lXZm1UeHJEdGRGIiwiX3ByZXZpb3VzIjp7InVybCI6Imh0dHBzOlwvXC9tZW51Lm9zaXJpeC5vbmxpbmVcL21lbnVcL3RoZS10cmVlIiwicm91dGUiOiJtZW51LnNob3cifSwiX2ZsYXNoIjp7Im9sZCI6W10sIm5ldyI6W119fQ==',1779919271),('jiZQIZ3wlO6szmBTUOTwsbScfyr4R5iF3b91eAbT',NULL,'172.71.232.20','Mozilla/5.0 (Linux; Android 10; K) AppleWebKit/537.36 (KHTML, like Gecko) Chrome/138.0.0.0 Mobile Safari/537.36 (compatible; Google-Read-Aloud; +https://support.google.com/webmasters/answer/1061943)','eyJfdG9rZW4iOiJHTkJDQXNxdGdUaUpXTmE3RkRUVmk2Z0FaYUd6VTIxNHVrMEU2M0JjIiwiX3ByZXZpb3VzIjp7InVybCI6Imh0dHBzOlwvXC9tZW51Lm9zaXJpeC5vbmxpbmVcL21lbnVcL3RoZS10cmVlIiwicm91dGUiOiJtZW51LnNob3cifSwiX2ZsYXNoIjp7Im9sZCI6W10sIm5ldyI6W119fQ==',1779919283),('JPnbuPMOhQMURdoO6sjuKKj6Okp2fkN99iHE3nO1',NULL,'172.70.216.78','Mozilla/5.0 (Linux; Android 10; K) AppleWebKit/537.36 (KHTML, like Gecko) Chrome/148.0.0.0 Mobile Safari/537.36','eyJfdG9rZW4iOiJnQ2JBQzlneGVWbEFFRmFHSHZCd1JFS1lDNGRQa3VZQmlLVHV1cGJaIiwiX3ByZXZpb3VzIjp7InVybCI6Imh0dHBzOlwvXC9tZW51Lm9zaXJpeC5vbmxpbmVcL21lbnVcL3RoZS10cmVlIiwicm91dGUiOiJtZW51LnNob3cifSwiX2ZsYXNoIjp7Im9sZCI6W10sIm5ldyI6W119fQ==',1779918981),('JVkGAXbakRBtYxFm0fnOEi0cKnTjtnLR113Xd0vW',NULL,'162.158.22.171','Mozilla/5.0 (iPhone; CPU iPhone OS 18_7_1 like Mac OS X) AppleWebKit/605.1.15 (KHTML, like Gecko) Version/18.7 Mobile/15E148 Safari/604.1','eyJfdG9rZW4iOiJVRUo5bHBUZWVKWk9hSFBnTmNBMXNZYm5RQ0NOZnNuMmRZSlBoRFJIIiwiX3ByZXZpb3VzIjp7InVybCI6Imh0dHBzOlwvXC9tZW51Lm9zaXJpeC5vbmxpbmVcL21lbnVcL3NpcC1jaGlsbCIsInJvdXRlIjoibWVudS5zaG93In0sIl9mbGFzaCI6eyJvbGQiOltdLCJuZXciOltdfX0=',1779923363),('Kr0FFGCvQNfjsGuEbVLfnBrSKx2frNqEnirmtzVX',NULL,'162.158.22.171','Mozilla/5.0 (iPhone; CPU iPhone OS 18_7 like Mac OS X) AppleWebKit/605.1.15 (KHTML, like Gecko) Version/26.4 Mobile/15E148 Safari/604.1','eyJfdG9rZW4iOiJ3QlY2ZVNiMURGRVdPT3NPSHdJUnhTQ2lGMFZNaFUxUUtoTE1Cb0dCIiwiX3ByZXZpb3VzIjp7InVybCI6Imh0dHBzOlwvXC9tZW51Lm9zaXJpeC5vbmxpbmVcL21lbnVcL3RoZS10cmVlIiwicm91dGUiOiJtZW51LnNob3cifSwiX2ZsYXNoIjp7Im9sZCI6W10sIm5ldyI6W119fQ==',1779920349),('L99taay3UVwtNVTUMEszvK2RktTXDYm86pSH37zR',NULL,'172.70.108.87','Mozilla/5.0 (Linux; Android 10; K) AppleWebKit/537.36 (KHTML, like Gecko) Chrome/148.0.0.0 Mobile Safari/537.36','eyJfdG9rZW4iOiJ3ZWl1TXN5d1VnMDRJeU5lcm5wNW5CZW9kalB0N3NqYVZTa3lVRGV4IiwiX3ByZXZpb3VzIjp7InVybCI6Imh0dHBzOlwvXC9tZW51Lm9zaXJpeC5vbmxpbmVcL21lbnVcL3NpcC1jaGlsbCIsInJvdXRlIjoibWVudS5zaG93In0sIl9mbGFzaCI6eyJvbGQiOltdLCJuZXciOltdfX0=',1779924011),('NieQmVR0du9bW6e63F4f4KFhWIaNW4TJQhyOdQvD',NULL,'162.158.130.35','Mozilla/5.0 (iPhone; CPU iPhone OS 26_0_0 like Mac OS X) AppleWebKit/605.1.15 (KHTML, like Gecko) GSA/422.5.916665746 Mobile/15E148 Safari/604.1','eyJfdG9rZW4iOiJQVFRNYTFDNTRvVFhIZkxUY2MyS0xaQlJOZmg1N2lmMG4xcVBEZkYxIiwiX3ByZXZpb3VzIjp7InVybCI6Imh0dHBzOlwvXC9tZW51Lm9zaXJpeC5vbmxpbmVcL21lbnVcL3RoZS10cmVlIiwicm91dGUiOiJtZW51LnNob3cifSwiX2ZsYXNoIjp7Im9sZCI6W10sIm5ldyI6W119fQ==',1779920185),('NmFXlFSkHX75oUe2lwD3TjfVz13ukD5pZ222D1Z4',NULL,'104.23.245.190','Mozilla/5.0 (Linux; Android 10; K) AppleWebKit/537.36 (KHTML, like Gecko) Chrome/138.0.0.0 Mobile Safari/537.36 (compatible; Google-Read-Aloud; +https://support.google.com/webmasters/answer/1061943)','eyJfdG9rZW4iOiJIRm1lY25vVW91NWFNc1hRdjZKdkFxMTVITnk3MWMxZDNxUTZjZjdnIiwiX3ByZXZpb3VzIjp7InVybCI6Imh0dHBzOlwvXC9tZW51Lm9zaXJpeC5vbmxpbmVcL21lbnVcL3RoZS10cmVlIiwicm91dGUiOiJtZW51LnNob3cifSwiX2ZsYXNoIjp7Im9sZCI6W10sIm5ldyI6W119fQ==',1779919335),('oFElt18YpxcQCunlXAy76uRuVP1lLMkgXE2YbgIj',NULL,'172.68.151.17','Mozilla/5.0 (Linux; Android 10; K) AppleWebKit/537.36 (KHTML, like Gecko) Chrome/138.0.0.0 Mobile Safari/537.36 (compatible; Google-Read-Aloud; +https://support.google.com/webmasters/answer/1061943)','eyJfdG9rZW4iOiJ3cVpVbzJLaWZOU0VYbU5Nc0RNaTlFdklWUU1kMmNFcWNGbUswa2s0IiwiX3ByZXZpb3VzIjp7InVybCI6Imh0dHBzOlwvXC9tZW51Lm9zaXJpeC5vbmxpbmVcL21lbnVcL3RoZS10cmVlIiwicm91dGUiOiJtZW51LnNob3cifSwiX2ZsYXNoIjp7Im9sZCI6W10sIm5ldyI6W119fQ==',1779919270),('OfKKi7EgIzs7rZpvy2OKqt9jq49I1qeeu38Sg9q0',NULL,'162.158.130.36','Mozilla/5.0 (iPhone; CPU iPhone OS 18_7 like Mac OS X) AppleWebKit/605.1.15 (KHTML, like Gecko) Version/26.5 Mobile/15E148 Safari/604.1','eyJfdG9rZW4iOiJFVG9McXBXQTFWdTJTc01xZTJOUVZyZXphYVdhY2RPTldHV0VlekJWIiwiX3ByZXZpb3VzIjp7InVybCI6Imh0dHBzOlwvXC9tZW51Lm9zaXJpeC5vbmxpbmVcL21lbnVcL3RoZS10cmVlIiwicm91dGUiOiJtZW51LnNob3cifSwiX2ZsYXNoIjp7Im9sZCI6W10sIm5ldyI6W119fQ==',1779920493),('pBuMkioDNtIvGFTUKy3yC2tYPG4vB7hY4g7CLAeE',NULL,'172.69.68.82','Mozilla/5.0 (iPhone; CPU iPhone OS 18_7 like Mac OS X) AppleWebKit/605.1.15 (KHTML, like Gecko) Version/26.3 Mobile/15E148 Safari/604.1','eyJfdG9rZW4iOiJVdnN5cVFabXFSZEkwb3NtZ2ZWUDlkZnBFVEV4T0JZTTBLQ1JsTWVVIiwiX3ByZXZpb3VzIjp7InVybCI6Imh0dHBzOlwvXC9tZW51Lm9zaXJpeC5vbmxpbmVcL21lbnVcL3RoZS10cmVlIiwicm91dGUiOiJtZW51LnNob3cifSwiX2ZsYXNoIjp7Im9sZCI6W10sIm5ldyI6W119fQ==',1779919066),('PKsVL85lyGF2yGUSVlnq4SRSsM19ugcoUPopATmm',NULL,'172.68.151.17','Mozilla/5.0 (Linux; Android 10; K) AppleWebKit/537.36 (KHTML, like Gecko) Chrome/138.0.0.0 Mobile Safari/537.36 (compatible; Google-Read-Aloud; +https://support.google.com/webmasters/answer/1061943)','eyJfdG9rZW4iOiJFUkJ0TkJPYzZtWUlWelNQYU12NWlxRk1VcXUxYUhlMDdwbVVINHFFIiwiX3ByZXZpb3VzIjp7InVybCI6Imh0dHBzOlwvXC9tZW51Lm9zaXJpeC5vbmxpbmVcL21lbnVcL3RoZS10cmVlIiwicm91dGUiOiJtZW51LnNob3cifSwiX2ZsYXNoIjp7Im9sZCI6W10sIm5ldyI6W119fQ==',1779919289),('QagEwqdGOnaDbklNPEqBgmzKubnLfMygjUVwCIM0',NULL,'172.70.108.86','Mozilla/5.0 (iPhone; CPU iPhone OS 18_7 like Mac OS X) AppleWebKit/605.1.15 (KHTML, like Gecko) Version/26.5 Mobile/15E148 Safari/604.1','eyJfdG9rZW4iOiJ5bnR5aXgwOHdGMjd6S2pVa09namtBd2tUeDliZFFvbk8waUF4RFRtIiwiX3ByZXZpb3VzIjp7InVybCI6Imh0dHBzOlwvXC9tZW51Lm9zaXJpeC5vbmxpbmVcL21lbnVcL25nIiwicm91dGUiOiJtZW51LnNob3cifSwiX2ZsYXNoIjp7Im9sZCI6W10sIm5ldyI6W119fQ==',1779919031),('Qd14ANgITjdYbK3QaZ2CI5jodRt4YzQFkqLAtBt3',NULL,'162.159.122.86','Mozilla/5.0 (iPhone; CPU iPhone OS 18_7 like Mac OS X) AppleWebKit/605.1.15 (KHTML, like Gecko) Version/26.4 Mobile/15E148 Safari/604.1','eyJfdG9rZW4iOiJ4OHFmVGpOVHdHYlRDUURFcWp6TjlpT2Z6VXRlUDlLdkNDWEkxVUdWIiwiX3ByZXZpb3VzIjp7InVybCI6Imh0dHBzOlwvXC9tZW51Lm9zaXJpeC5vbmxpbmVcL21lbnVcL3NpcC1jaGlsbCIsInJvdXRlIjoibWVudS5zaG93In0sIl9mbGFzaCI6eyJvbGQiOltdLCJuZXciOltdfX0=',1779919836),('R8s8edq0aA88WOk85YChX4wbM09ZKfQHCiiXUjJ3',NULL,'172.70.216.79','Mozilla/5.0 (iPhone; CPU iPhone OS 18_7 like Mac OS X) AppleWebKit/605.1.15 (KHTML, like Gecko) Version/26.3 Mobile/15E148 Safari/604.1','eyJfdG9rZW4iOiJVY2dRb054WHBkT3V4Z3REbzNTdzhHQ0hQbm5ia1RTQXJIMVp4Q3lqIiwiX3ByZXZpb3VzIjp7InVybCI6Imh0dHBzOlwvXC9tZW51Lm9zaXJpeC5vbmxpbmVcL21lbnVcL3RoZS10cmVlIiwicm91dGUiOiJtZW51LnNob3cifSwiX2ZsYXNoIjp7Im9sZCI6W10sIm5ldyI6W119fQ==',1779919037),('RG9vTGQaX11SNoxN3rRtaHEkJO88CceI82BN2d0v',NULL,'172.68.234.9','WhatsApp/2.23.20.0','eyJfdG9rZW4iOiI5RFhSSTIxcUVCSG5nWjFVbjRKUjJHZVpDQU1QanJnZGY3TFlnRVRwIiwiX3ByZXZpb3VzIjp7InVybCI6Imh0dHBzOlwvXC9tZW51Lm9zaXJpeC5vbmxpbmUiLCJyb3V0ZSI6ImhvbWUifSwiX2ZsYXNoIjp7Im9sZCI6W10sIm5ldyI6W119fQ==',1779925249),('rpMfv3PuFUifRTrZKndqarA2O2jtruSZ52o2MmdI',NULL,'172.68.151.16','Mozilla/5.0 (Linux; Android 10; K) AppleWebKit/537.36 (KHTML, like Gecko) Chrome/138.0.0.0 Mobile Safari/537.36 (compatible; Google-Read-Aloud; +https://support.google.com/webmasters/answer/1061943)','eyJfdG9rZW4iOiJkTDBBQnladExrQlIxbG1oSWJRTUFENmpTYUkwVmw2UGxDdGhRcGwzIiwiX3ByZXZpb3VzIjp7InVybCI6Imh0dHBzOlwvXC9tZW51Lm9zaXJpeC5vbmxpbmVcL21lbnVcL3RoZS10cmVlIiwicm91dGUiOiJtZW51LnNob3cifSwiX2ZsYXNoIjp7Im9sZCI6W10sIm5ldyI6W119fQ==',1779920216),('sENGa0WSE3R48N24samg9tqL6HgfAW42CuPsPHxh',NULL,'172.71.131.195','Mozilla/5.0 (Linux; Android 10; K) AppleWebKit/537.36 (KHTML, like Gecko) Chrome/138.0.0.0 Mobile Safari/537.36 (compatible; Google-Read-Aloud; +https://support.google.com/webmasters/answer/1061943)','eyJfdG9rZW4iOiJpVU9HUGozMW9QZjRPOFRrSjFZdWozblNsdUhYSHhhN0ExM042MjdlIiwiX3ByZXZpb3VzIjp7InVybCI6Imh0dHBzOlwvXC9tZW51Lm9zaXJpeC5vbmxpbmVcL21lbnVcL3RoZS10cmVlIiwicm91dGUiOiJtZW51LnNob3cifSwiX2ZsYXNoIjp7Im9sZCI6W10sIm5ldyI6W119fQ==',1779919286),('uRhB0F5nVoYxTzw71SQ3e6LjjnxiNNUDPqZGPPOu',NULL,'172.71.23.84','Mozilla/5.0 (Linux; Android 10; K) AppleWebKit/537.36 (KHTML, like Gecko) Chrome/138.0.0.0 Mobile Safari/537.36 (compatible; Google-Read-Aloud; +https://support.google.com/webmasters/answer/1061943)','eyJfdG9rZW4iOiJ2RnJlRGp6NlUyVEdiU25tRlJZM0RpdnRKRVljVjdGSDBvd04ya2xMIiwiX3ByZXZpb3VzIjp7InVybCI6Imh0dHBzOlwvXC9tZW51Lm9zaXJpeC5vbmxpbmVcL21lbnVcL3RoZS10cmVlIiwicm91dGUiOiJtZW51LnNob3cifSwiX2ZsYXNoIjp7Im9sZCI6W10sIm5ldyI6W119fQ==',1779920217),('uVrkPEoKdmGCTJH7PkDjFThDGnEwctHxH1JY3JiG',NULL,'172.70.216.79','Mozilla/5.0 (iPhone; CPU iPhone OS 18_0_1 like Mac OS X) AppleWebKit/605.1.15 (KHTML, like Gecko) Version/18.0.1 Mobile/15E148 Safari/604.1','eyJfdG9rZW4iOiJnOWdwdnYwYW5VcTRMV2JFR3BISzh2SmNZTUEzTVk2WmVxY29sa3hXIiwiX3ByZXZpb3VzIjp7InVybCI6Imh0dHBzOlwvXC9tZW51Lm9zaXJpeC5vbmxpbmVcL21lbnVcL3NpcC1jaGlsbCIsInJvdXRlIjoibWVudS5zaG93In0sIl9mbGFzaCI6eyJvbGQiOltdLCJuZXciOltdfX0=',1779922538),('wFls9LY0s5Ul2r1TloNwSXOtgBsEpZidmtDat0aN',NULL,'172.69.9.68','Mozilla/5.0 (iPhone; CPU iPhone OS 17_6_1 like Mac OS X) AppleWebKit/605.1.15 (KHTML, like Gecko) Version/17.6 Mobile/15E148 Safari/604.1','eyJfdG9rZW4iOiJwckFSOTloSG44a09zQ1FiekZmWDA3Q2duZXc0bDBYMndxUmtSVUdEIiwiX3ByZXZpb3VzIjp7InVybCI6Imh0dHBzOlwvXC9tZW51Lm9zaXJpeC5vbmxpbmVcL21lbnVcL3NpcC1jaGlsbCIsInJvdXRlIjoibWVudS5zaG93In0sIl9mbGFzaCI6eyJvbGQiOltdLCJuZXciOltdfX0=',1779923167),('WlsW1WEuNUqNariTZGdX8Z2EsV9Gyl1sFSUkAV2Q',NULL,'172.71.232.21','Mozilla/5.0 (Linux; Android 10; K) AppleWebKit/537.36 (KHTML, like Gecko) Chrome/138.0.0.0 Mobile Safari/537.36 (compatible; Google-Read-Aloud; +https://support.google.com/webmasters/answer/1061943)','eyJfdG9rZW4iOiJlQ2xEMm1qUzRUcDdSNkpOQlQyd1NkZjNMZWw2TXd3UldXRzFaZlpDIiwiX3ByZXZpb3VzIjp7InVybCI6Imh0dHBzOlwvXC9tZW51Lm9zaXJpeC5vbmxpbmVcL21lbnVcL3RoZS10cmVlIiwicm91dGUiOiJtZW51LnNob3cifSwiX2ZsYXNoIjp7Im9sZCI6W10sIm5ldyI6W119fQ==',1779919290),('wvrXrB5EgjxeIs0rcCrBRouhZdT0D0E7JVkD08a0',NULL,'172.71.118.175','Mozilla/5.0 (Windows NT 10.0; Win64; x64) AppleWebKit/537.36 (KHTML, like Gecko) Chrome/139.0.0.0 Safari/537.36','eyJfdG9rZW4iOiJDYmhEcWdQTHhaU2x4dFZxYzFsRFk4UlUzbDUyUzN3SWFTc1RiV3RqIiwiX3ByZXZpb3VzIjp7InVybCI6Imh0dHBzOlwvXC9tZW51Lm9zaXJpeC5vbmxpbmUiLCJyb3V0ZSI6ImhvbWUifSwiX2ZsYXNoIjp7Im9sZCI6W10sIm5ldyI6W119fQ==',1779921604),('ZBd0Fji8RCtIpTO08Woa6qYxFTmjFGNZTvpxgJIf',NULL,'172.68.151.17','Mozilla/5.0 (Linux; Android 10; K) AppleWebKit/537.36 (KHTML, like Gecko) Chrome/138.0.0.0 Mobile Safari/537.36 (compatible; Google-Read-Aloud; +https://support.google.com/webmasters/answer/1061943)','eyJfdG9rZW4iOiIxc3NWVzVXMjltaHBDTUVIVTlLVk8wS2VIdmxsZDNLRlBHQmpLU1R2IiwiX3ByZXZpb3VzIjp7InVybCI6Imh0dHBzOlwvXC9tZW51Lm9zaXJpeC5vbmxpbmVcL21lbnVcL3RoZS10cmVlIiwicm91dGUiOiJtZW51LnNob3cifSwiX2ZsYXNoIjp7Im9sZCI6W10sIm5ldyI6W119fQ==',1779919286),('zfhJKbxDGqFYfWhTGy5KbK33g94kQqSP5wOrBN6L',NULL,'162.158.22.170','Mozilla/5.0 (Linux; Android 10; K) AppleWebKit/537.36 (KHTML, like Gecko) Chrome/144.0.0.0 Mobile Safari/537.36','eyJfdG9rZW4iOiJUQ0hXcEJDQ0xJVjdFaU1QMDRudGlVMXVDN3VObGV6V2NPN0o1eVp4IiwiX3ByZXZpb3VzIjp7InVybCI6Imh0dHBzOlwvXC9tZW51Lm9zaXJpeC5vbmxpbmVcL21lbnVcL3NpcC1jaGlsbCIsInJvdXRlIjoibWVudS5zaG93In0sIl9mbGFzaCI6eyJvbGQiOltdLCJuZXciOltdfX0=',1779919877),('ZFmTZJy4ZKmRDly0ldfkeqtqjmy0Z2PLk18JTgFt',NULL,'141.101.97.3','Mozilla/5.0 (Linux; Android 10; K) AppleWebKit/537.36 (KHTML, like Gecko) Chrome/138.0.0.0 Mobile Safari/537.36 (compatible; Google-Read-Aloud; +https://support.google.com/webmasters/answer/1061943)','eyJfdG9rZW4iOiJuSlRlUHRCeEtHS3h4YWJuZVJTUzlxQW4wT0FHZG9takRMVXpHTGNyIiwiX3ByZXZpb3VzIjp7InVybCI6Imh0dHBzOlwvXC9tZW51Lm9zaXJpeC5vbmxpbmVcL21lbnVcL3RoZS10cmVlIiwicm91dGUiOiJtZW51LnNob3cifSwiX2ZsYXNoIjp7Im9sZCI6W10sIm5ldyI6W119fQ==',1779919271);
/*!40000 ALTER TABLE `sessions` ENABLE KEYS */;
UNLOCK TABLES;

--
-- Table structure for table `users`
--

DROP TABLE IF EXISTS `users`;
/*!40101 SET @saved_cs_client     = @@character_set_client */;
/*!50503 SET character_set_client = utf8mb4 */;
CREATE TABLE `users` (
  `id` bigint unsigned NOT NULL AUTO_INCREMENT,
  `restaurant_id` bigint unsigned DEFAULT NULL,
  `name` varchar(255) CHARACTER SET utf8mb4 COLLATE utf8mb4_unicode_ci NOT NULL,
  `email` varchar(255) CHARACTER SET utf8mb4 COLLATE utf8mb4_unicode_ci NOT NULL,
  `phone` varchar(255) CHARACTER SET utf8mb4 COLLATE utf8mb4_unicode_ci DEFAULT NULL,
  `email_verified_at` timestamp NULL DEFAULT NULL,
  `password` varchar(255) CHARACTER SET utf8mb4 COLLATE utf8mb4_unicode_ci NOT NULL,
  `is_super_admin` tinyint(1) NOT NULL DEFAULT '0',
  `remember_token` varchar(100) CHARACTER SET utf8mb4 COLLATE utf8mb4_unicode_ci DEFAULT NULL,
  `created_at` timestamp NULL DEFAULT NULL,
  `updated_at` timestamp NULL DEFAULT NULL,
  PRIMARY KEY (`id`),
  UNIQUE KEY `users_email_unique` (`email`),
  UNIQUE KEY `users_phone_unique` (`phone`),
  KEY `users_restaurant_id_foreign` (`restaurant_id`),
  CONSTRAINT `users_restaurant_id_foreign` FOREIGN KEY (`restaurant_id`) REFERENCES `restaurants` (`id`) ON DELETE SET NULL
) ENGINE=InnoDB AUTO_INCREMENT=13 DEFAULT CHARSET=utf8mb4 COLLATE=utf8mb4_unicode_ci;
/*!40101 SET character_set_client = @saved_cs_client */;

--
-- Dumping data for table `users`
--

LOCK TABLES `users` WRITE;
/*!40000 ALTER TABLE `users` DISABLE KEYS */;
INSERT INTO `users` VALUES (1,1,'ibrahim','ibrahim@gmail.com','01206628718',NULL,'$2y$12$mxkJo/0Nms0JB0TvOlsynO2gpI2GOgLVeGJ779Krj5Z1.o5IkTmEC',1,NULL,'2026-04-20 04:30:30','2026-04-20 04:30:36'),(2,2,'Ibrahim Mohamed','im116121@gmail.com','201144806748',NULL,'$2y$12$GtCN4YTJVL.TERONIYsme.7j8z/3MmjCIHFH43xhpsIQFodASaz/G',0,NULL,'2026-04-20 04:39:57','2026-04-20 04:42:49'),(3,NULL,'امين موني','aminmouny1988@gmail.com','01210004441',NULL,'$2y$12$xUK5Xz/Guivnf90ngsnTF.TS7pypfbOEijt/pKaPrJaxb.OEE1RFy',0,NULL,'2026-04-20 04:42:33','2026-04-20 04:42:33'),(4,3,'Ibrahim','ihax@gmail.com','01206628717',NULL,'$2y$12$b5lRGRRMeOWeSe63dKN1IuCASw0E3Nu9hHkew7yuQTB5eudq3N7ka',1,NULL,'2026-04-20 05:30:01','2026-04-20 05:30:19'),(5,4,'Semo','semo@gmail.com','01200954830',NULL,'$2y$12$R1TvaU3lV7xVa.d.bIrfyeQQ4KassByQtJZTJlv7fO9w/uW.q.45G',0,NULL,'2026-04-20 06:51:34','2026-04-20 06:51:50'),(6,5,'The Tree','thetree.2026@gmail.com','01278455666',NULL,'$2y$12$h5jQV92fVAbsiEtN6B9S3uv4QkxUNlbXnXZ7ed4jclkKa2pmVb4Xq',0,'5sbR0NMdumsZnzHjQF5EcvQrkWgUc37s6Oy0Q8JMHXle5Pfl6zYabiPc9Dth','2026-04-26 06:15:30','2026-04-26 06:19:57'),(7,6,'Sip chill','huuhkinn@gmail.com','01202669559',NULL,'$2y$12$RdcKAJvFWyuVyNA8k4JsGu9Mt.UKWBskgz4W/Xmlh3YgsaGfWRAxe',0,'7C2vRvuauzKamcx8E1MD75shEE2TLBA3BCziWbM3tB8HlKDbg9vR21SjfgBZ','2026-05-12 00:14:10','2026-05-12 00:15:13'),(8,7,'ibrahim mahmoud mohamed','mse6322@gmail.com','01206628713',NULL,'$2y$12$KIDPMJQWVV0imqA7qi7MZOxAYV9zrl6NdQHri.JTxbb1OQKcJRiFu',0,NULL,'2026-05-27 04:58:18','2026-05-27 04:58:40'),(9,8,'ng','ng@gmail.com','01206628719',NULL,'$2y$12$m4UneMOqAPuJsjBkEnvX6.fpSnSOpmJsxMOM70vuClEMUtBzzufRK',0,'GjI7ytzYaaoHK8Xf4EqmSh9xXLgky9luer8NE5dbmYi3Clili9TYfvp4Jd1J','2026-05-27 05:39:15','2026-05-27 08:54:57'),(10,NULL,'Super Admin','admin@gmail.com','01000000000',NULL,'$2y$12$nhvO5DrS5dOrqfRmTaxz1.sB29eVFe128OE70qEQ8ub/BfafBwRmC',1,NULL,'2026-05-27 09:02:43','2026-05-27 09:02:43'),(11,3,'noah nony','noha1@gmail.com','01206628716',NULL,'$2y$12$hYSuS/Q/oJmjCwGbMeZmkuGqkD5vkttPxcz8McO2Et5xThB5ZgwVC',0,NULL,'2026-05-28 04:56:12','2026-05-28 04:56:12'),(12,3,'El-Nerwegy','ng1@gmail.com','01099999999',NULL,'$2y$12$sLRTpil0fKnZY6Cll6b1rutz3.gU.Jyf9F1XgXkdCyUUVmeDTMQLq',0,NULL,'2026-05-28 04:56:13','2026-05-28 06:38:53');
/*!40000 ALTER TABLE `users` ENABLE KEYS */;
UNLOCK TABLES;
/*!40103 SET TIME_ZONE=@OLD_TIME_ZONE */;

/*!40101 SET SQL_MODE=@OLD_SQL_MODE */;
/*!40014 SET FOREIGN_KEY_CHECKS=@OLD_FOREIGN_KEY_CHECKS */;
/*!40014 SET UNIQUE_CHECKS=@OLD_UNIQUE_CHECKS */;
/*!40101 SET CHARACTER_SET_CLIENT=@OLD_CHARACTER_SET_CLIENT */;
/*!40101 SET CHARACTER_SET_RESULTS=@OLD_CHARACTER_SET_RESULTS */;
/*!40101 SET COLLATION_CONNECTION=@OLD_COLLATION_CONNECTION */;
/*!40111 SET SQL_NOTES=@OLD_SQL_NOTES */;

-- Dump completed on 2026-05-27 16:42:23
