-- MySQL dump 10.13  Distrib 8.4.3, for Win64 (x86_64)
--
-- Host: localhost    Database: menu_saas
-- ------------------------------------------------------
-- Server version	8.4.3

/*!40101 SET @OLD_CHARACTER_SET_CLIENT=@@CHARACTER_SET_CLIENT */;
/*!40101 SET @OLD_CHARACTER_SET_RESULTS=@@CHARACTER_SET_RESULTS */;
/*!40101 SET @OLD_COLLATION_CONNECTION=@@COLLATION_CONNECTION */;
/*!50503 SET NAMES utf8mb4 */;
/*!40103 SET @OLD_TIME_ZONE=@@TIME_ZONE */;
/*!40103 SET TIME_ZONE='+00:00' */;
/*!40014 SET @OLD_UNIQUE_CHECKS=@@UNIQUE_CHECKS, UNIQUE_CHECKS=0 */;
/*!40014 SET @OLD_FOREIGN_KEY_CHECKS=@@FOREIGN_KEY_CHECKS, FOREIGN_KEY_CHECKS=0 */;
/*!40101 SET @OLD_SQL_MODE=@@SQL_MODE, SQL_MODE='NO_AUTO_VALUE_ON_ZERO' */;
/*!40111 SET @OLD_SQL_NOTES=@@SQL_NOTES, SQL_NOTES=0 */;

--
-- Table structure for table `cache`
--

DROP TABLE IF EXISTS `cache`;
/*!40101 SET @saved_cs_client     = @@character_set_client */;
/*!50503 SET character_set_client = utf8mb4 */;
CREATE TABLE `cache` (
  `key` varchar(255) CHARACTER SET utf8mb4 COLLATE utf8mb4_unicode_ci NOT NULL,
  `value` mediumtext CHARACTER SET utf8mb4 COLLATE utf8mb4_unicode_ci NOT NULL,
  `expiration` bigint NOT NULL,
  PRIMARY KEY (`key`),
  KEY `cache_expiration_index` (`expiration`)
) ENGINE=InnoDB DEFAULT CHARSET=utf8mb4 COLLATE=utf8mb4_unicode_ci;
/*!40101 SET character_set_client = @saved_cs_client */;

--
-- Dumping data for table `cache`
--

LOCK TABLES `cache` WRITE;
/*!40000 ALTER TABLE `cache` DISABLE KEYS */;
INSERT INTO `cache` VALUES ('laravel-cache-164237daa1de3acee2e898ef4aa94413c088914f','i:1;',1780160614),('laravel-cache-164237daa1de3acee2e898ef4aa94413c088914f:timer','i:1780160614;',1780160614),('laravel-cache-2b2d388c2b1bca4ac10a7fe3737af9346279e496','i:1;',1780161162),('laravel-cache-2b2d388c2b1bca4ac10a7fe3737af9346279e496:timer','i:1780161162;',1780161162),('laravel-cache-45c4dadb22ef0336e4cea7a98cfccce1b2aacf07','i:1;',1780158177),('laravel-cache-45c4dadb22ef0336e4cea7a98cfccce1b2aacf07:timer','i:1780158177;',1780158177),('laravel-cache-490410e83a18c1110f1f5cf81f8778280fe46c9e','i:1;',1780160551),('laravel-cache-490410e83a18c1110f1f5cf81f8778280fe46c9e:timer','i:1780160551;',1780160551),('laravel-cache-52742f1b1f93c097471ddafda78e639b14aec02e','i:1;',1780161018),('laravel-cache-52742f1b1f93c097471ddafda78e639b14aec02e:timer','i:1780161018;',1780161018),('laravel-cache-8f71448aace1d34e314b2c10c6d88e80e01def13','i:1;',1780161393),('laravel-cache-8f71448aace1d34e314b2c10c6d88e80e01def13:timer','i:1780161393;',1780161393),('laravel-cache-b877b4eb378d66bfd7879e7dbe3b66725569a5e1','i:2;',1780158589),('laravel-cache-b877b4eb378d66bfd7879e7dbe3b66725569a5e1:timer','i:1780158589;',1780158589),('laravel-cache-f74fcdb7d6ab2b9887dd73c06b2a677e7c15f1c4','i:1;',1780161282),('laravel-cache-f74fcdb7d6ab2b9887dd73c06b2a677e7c15f1c4:timer','i:1780161282;',1780161282);
/*!40000 ALTER TABLE `cache` ENABLE KEYS */;
UNLOCK TABLES;

--
-- Table structure for table `cache_locks`
--

DROP TABLE IF EXISTS `cache_locks`;
/*!40101 SET @saved_cs_client     = @@character_set_client */;
/*!50503 SET character_set_client = utf8mb4 */;
CREATE TABLE `cache_locks` (
  `key` varchar(255) CHARACTER SET utf8mb4 COLLATE utf8mb4_unicode_ci NOT NULL,
  `owner` varchar(255) CHARACTER SET utf8mb4 COLLATE utf8mb4_unicode_ci NOT NULL,
  `expiration` bigint NOT NULL,
  PRIMARY KEY (`key`),
  KEY `cache_locks_expiration_index` (`expiration`)
) ENGINE=InnoDB DEFAULT CHARSET=utf8mb4 COLLATE=utf8mb4_unicode_ci;
/*!40101 SET character_set_client = @saved_cs_client */;

--
-- Dumping data for table `cache_locks`
--

LOCK TABLES `cache_locks` WRITE;
/*!40000 ALTER TABLE `cache_locks` DISABLE KEYS */;
/*!40000 ALTER TABLE `cache_locks` ENABLE KEYS */;
UNLOCK TABLES;

--
-- Table structure for table `categories`
--

DROP TABLE IF EXISTS `categories`;
/*!40101 SET @saved_cs_client     = @@character_set_client */;
/*!50503 SET character_set_client = utf8mb4 */;
CREATE TABLE `categories` (
  `id` bigint unsigned NOT NULL AUTO_INCREMENT,
  `restaurant_id` bigint unsigned NOT NULL,
  `name_ar` varchar(255) CHARACTER SET utf8mb4 COLLATE utf8mb4_unicode_ci NOT NULL,
  `name_en` varchar(255) CHARACTER SET utf8mb4 COLLATE utf8mb4_unicode_ci DEFAULT NULL,
  `sort_order` int unsigned NOT NULL DEFAULT '0',
  `is_active` tinyint(1) NOT NULL DEFAULT '1',
  `created_at` timestamp NULL DEFAULT NULL,
  `updated_at` timestamp NULL DEFAULT NULL,
  `deleted_at` timestamp NULL DEFAULT NULL,
  PRIMARY KEY (`id`),
  KEY `categories_restaurant_id_is_active_index` (`restaurant_id`,`is_active`),
  KEY `categories_sort_order_index` (`sort_order`),
  KEY `categories_is_active_index` (`is_active`),
  CONSTRAINT `categories_restaurant_id_foreign` FOREIGN KEY (`restaurant_id`) REFERENCES `restaurants` (`id`) ON DELETE CASCADE
) ENGINE=InnoDB AUTO_INCREMENT=186 DEFAULT CHARSET=utf8mb4 COLLATE=utf8mb4_unicode_ci;
/*!40101 SET character_set_client = @saved_cs_client */;

--
-- Dumping data for table `categories`
--

LOCK TABLES `categories` WRITE;
/*!40000 ALTER TABLE `categories` DISABLE KEYS */;
INSERT INTO `categories` VALUES (26,5,'Hot Drinks','Beverage',1,1,'2026-04-26 23:58:29','2026-04-26 23:58:29',NULL),(27,5,'Coffee','Beverage',2,1,'2026-04-26 23:58:29','2026-04-26 23:58:29',NULL),(28,5,'Tea & Coffee Iced','Beverage',3,1,'2026-04-26 23:58:29','2026-04-26 23:58:29',NULL),(29,5,'Fresh Juice','Beverage',4,1,'2026-04-26 23:58:29','2026-04-26 23:58:29',NULL),(30,5,'Smoothie','Beverage',5,1,'2026-04-26 23:58:29','2026-04-26 23:58:29',NULL),(31,5,'Cocktail','Beverage',6,1,'2026-04-26 23:58:29','2026-04-26 23:58:29',NULL),(32,5,'Milk Shake','Beverage',7,1,'2026-04-26 23:58:29','2026-04-26 23:58:29',NULL),(33,5,'Soft Drink','Beverage',8,1,'2026-04-26 23:58:29','2026-04-26 23:58:29',NULL),(34,5,'Desserts','Beverage',9,1,'2026-04-26 23:58:29','2026-04-26 23:58:29',NULL),(35,5,'Adds Bar','Beverage',10,1,'2026-04-26 23:58:29','2026-04-26 23:58:29',NULL),(36,5,'Breakfast','Food',11,1,'2026-04-26 23:58:29','2026-04-26 23:58:29',NULL),(37,5,'Salad','Food',12,1,'2026-04-26 23:58:29','2026-04-26 23:58:29',NULL),(38,5,'Pizza','Food',13,1,'2026-04-26 23:58:29','2026-04-26 23:58:29',NULL),(39,5,'Chicken Main Course','Food',14,1,'2026-04-26 23:58:29','2026-04-26 23:58:29',NULL),(40,5,'Beef Main Course','Food',15,1,'2026-04-26 23:58:29','2026-04-26 23:58:29',NULL),(41,5,'Pasta','Food',16,1,'2026-04-26 23:58:29','2026-04-26 23:58:29',NULL),(42,5,'Apptizers','Food',17,1,'2026-04-26 23:58:29','2026-04-26 23:58:29',NULL),(43,5,'Soup','Food',18,1,'2026-04-26 23:58:29','2026-04-26 23:58:29',NULL),(44,5,'Seafood Main Course','Food',19,1,'2026-04-26 23:58:29','2026-04-26 23:58:29',NULL),(45,5,'Grilled','Food',20,1,'2026-04-26 23:58:29','2026-04-26 23:58:29',NULL),(46,5,'Sandwiches','Food',21,1,'2026-04-26 23:58:29','2026-04-26 23:58:29',NULL),(47,5,'Kids Corner','Food',22,1,'2026-04-26 23:58:29','2026-04-26 23:58:29',NULL),(48,5,'Adds Kit','Food',23,1,'2026-04-26 23:58:29','2026-04-26 23:58:29',NULL),(49,5,'Shisha','Food',24,1,'2026-04-26 23:58:29','2026-04-26 23:58:29',NULL),(72,6,'Hot Drinks','Hot Drinks',15,1,'2026-05-12 01:44:12','2026-05-14 15:59:59',NULL),(73,6,'Iced Coffee','Iced Coffee',17,1,'2026-05-12 01:44:12','2026-05-14 16:00:21',NULL),(74,6,'Mocktails','Mocktails',24,1,'2026-05-12 01:44:12','2026-05-14 17:54:35',NULL),(75,6,'Fresh Juices','Fresh Juices',18,1,'2026-05-12 01:44:12','2026-05-14 17:51:33',NULL),(76,6,'Smoothies','Smoothies',21,1,'2026-05-12 01:44:12','2026-05-14 16:01:17',NULL),(77,6,'Milkshakes','Milkshakes',22,1,'2026-05-12 01:44:12','2026-05-14 16:01:39',NULL),(78,6,'Desserts','Desserts',25,1,'2026-05-12 01:44:12','2026-05-14 17:55:05',NULL),(79,6,'Breakfast','Breakfast',1,1,'2026-05-12 01:44:12','2026-05-14 15:03:08',NULL),(80,6,'Sandwiches','Sandwiches',7,1,'2026-05-12 01:44:12','2026-05-14 17:49:28',NULL),(81,6,'طبق جانبي','Side Dish',14,1,'2026-05-12 01:44:12','2026-05-14 18:04:16',NULL),(82,6,'Burgers','Burgers',8,1,'2026-05-12 01:44:12','2026-05-14 15:57:29',NULL),(83,6,'Pizza','Pizza',6,1,'2026-05-12 01:44:12','2026-05-14 17:49:40',NULL),(84,6,'Soups','Soups',4,1,'2026-05-12 01:44:12','2026-05-14 17:38:35',NULL),(85,6,'Appetizers','Appetizers',2,1,'2026-05-12 01:44:12','2026-05-14 17:38:25',NULL),(86,6,'Salads','Salads',3,1,'2026-05-12 01:44:12','2026-05-14 15:03:42',NULL),(87,6,'Meat Dishes','Meat Dishes',11,1,'2026-05-12 01:44:12','2026-05-14 15:59:03',NULL),(88,6,'Chicken Dishes','Chicken Dishes',10,1,'2026-05-12 01:44:12','2026-05-14 15:59:15',NULL),(89,6,'فاهيتا مكسيكية','Mexican fajitas',13,1,'2026-05-12 01:44:12','2026-05-14 17:49:08',NULL),(90,6,'Pasta','Pasta',5,1,'2026-05-12 01:44:12','2026-05-14 15:04:27',NULL),(91,6,'Ice Cream','Ice Cream',26,1,'2026-05-12 01:44:12','2026-05-14 17:55:14',NULL),(92,6,'Soft Drinks','Soft Drinks',19,1,'2026-05-12 01:44:12','2026-05-14 17:50:46',NULL),(93,6,'Shisha','Shisha',28,1,'2026-05-12 01:44:12','2026-05-14 17:54:01',NULL),(94,6,'هوت كوفى','HOT COFFE',16,1,'2026-05-14 09:30:42','2026-05-14 16:00:10',NULL),(95,6,'ماتشا','Matcha',20,1,'2026-05-14 09:47:23','2026-05-14 17:51:02',NULL),(96,6,'بوبا','BoBa',23,1,'2026-05-14 09:49:06','2026-05-14 17:54:46',NULL),(97,6,'مينى كورس سى فود','Main Course Seafood',12,1,'2026-05-14 17:47:18','2026-05-14 17:50:07',NULL),(98,6,'كوكتيل','cocktail',27,1,'2026-05-16 17:51:17','2026-05-16 17:51:17',NULL),(155,7,'المشروبات الساخنة','Hot Drinks',0,1,'2026-05-27 08:52:56','2026-05-27 08:52:56',NULL),(156,7,'القهوة','Coffee',1,1,'2026-05-27 08:52:56','2026-05-27 08:52:56',NULL),(157,7,'العصائر','Juices',2,1,'2026-05-27 08:52:56','2026-05-27 08:52:56',NULL),(158,7,'الكوكتيل','Cocktails',3,1,'2026-05-27 08:52:56','2026-05-27 08:52:56',NULL),(159,7,'سوفت درينكس','Soft Drinks',4,1,'2026-05-27 08:52:56','2026-05-27 08:52:56',NULL),(160,7,'الإضافات','Add-ons',5,1,'2026-05-27 08:52:56','2026-05-27 08:52:56',NULL),(161,7,'الحلويات','Desserts',6,1,'2026-05-27 08:52:56','2026-05-27 08:52:56',NULL),(162,7,'الشيشة','Shisha',7,1,'2026-05-27 08:52:56','2026-05-27 08:52:56',NULL),(163,8,'المشروبات الساخنة','Hot Drinks',0,1,'2026-05-27 08:52:56','2026-05-27 08:52:56',NULL),(164,8,'القهوة','Coffee',1,1,'2026-05-27 08:52:56','2026-05-27 08:52:56',NULL),(165,8,'العصائر','Juices',2,1,'2026-05-27 08:52:56','2026-05-27 08:52:56',NULL),(166,8,'الكوكتيل','Cocktails',8,1,'2026-05-27 08:52:56','2026-05-27 09:20:36',NULL),(167,8,'سوفت درينكس','Soft Drinks',9,1,'2026-05-27 08:52:56','2026-05-27 09:20:36',NULL),(168,8,'الإضافات','Add-ons',10,1,'2026-05-27 08:52:56','2026-05-27 09:20:36',NULL),(169,8,'الحلويات','Desserts',11,1,'2026-05-27 08:52:57','2026-05-27 09:20:36',NULL),(170,8,'الشيشة','Shisha',12,1,'2026-05-27 08:52:57','2026-05-27 09:20:36',NULL),(171,8,'سموزي','Smoothies',3,1,'2026-05-27 09:19:27','2026-05-27 09:20:36',NULL),(172,8,'ميلك شيك','Milkshakes',4,1,'2026-05-27 09:19:27','2026-05-27 09:20:36',NULL),(173,8,'آيس كوفي','Ice Coffee',5,1,'2026-05-27 09:19:27','2026-05-27 09:20:36',NULL),(174,8,'موهيتو','Mojito',6,1,'2026-05-27 09:19:27','2026-05-27 09:20:36',NULL),(175,8,'البوبا','Boba',7,1,'2026-05-27 09:20:35','2026-05-27 09:20:36',NULL),(176,3,'العناية بالشعر','Hair Care',1,1,'2026-05-28 04:56:13','2026-05-28 04:56:13',NULL),(177,3,'تنعيم وفرد الشعر','Hair Smoothing & Treatments',2,1,'2026-05-28 04:56:13','2026-05-28 04:56:13',NULL),(178,3,'صبغة الشعر واللحية','Hair & Beard Coloring',3,1,'2026-05-28 04:56:13','2026-05-28 04:56:13',NULL),(179,3,'العناية بالبشرة والوجه','Skin & Face Care',5,1,'2026-05-28 04:56:13','2026-05-28 09:18:04',NULL),(180,3,'إزالة الشعر بالشمع والماسكات','Waxing & Face Masks',4,1,'2026-05-28 04:56:13','2026-05-28 09:17:46',NULL),(181,3,'العناية باليدين والقدمين','Pedicure & Manicure',6,1,'2026-05-28 04:56:13','2026-05-28 04:56:13',NULL),(182,3,'باقات العريس المتكاملة','Groom Packages',7,1,'2026-05-28 04:56:13','2026-05-28 04:56:13',NULL),(183,3,'باقات صالون النرويجي الخاصة','El-Nerwegy Specials',8,1,'2026-05-28 04:56:13','2026-05-28 04:56:13',NULL),(184,3,'خاص بالسيدات','Additional Barber Services',9,1,'2026-05-28 04:56:13','2026-05-28 09:19:24',NULL),(185,3,'العروض الحصرية والمميزات','Exclusive Offers',10,1,'2026-05-28 04:56:13','2026-05-28 04:56:13',NULL);
/*!40000 ALTER TABLE `categories` ENABLE KEYS */;
UNLOCK TABLES;

--
-- Table structure for table `failed_jobs`
--

DROP TABLE IF EXISTS `failed_jobs`;
/*!40101 SET @saved_cs_client     = @@character_set_client */;
/*!50503 SET character_set_client = utf8mb4 */;
CREATE TABLE `failed_jobs` (
  `id` bigint unsigned NOT NULL AUTO_INCREMENT,
  `uuid` varchar(255) CHARACTER SET utf8mb4 COLLATE utf8mb4_unicode_ci NOT NULL,
  `connection` text CHARACTER SET utf8mb4 COLLATE utf8mb4_unicode_ci NOT NULL,
  `queue` text CHARACTER SET utf8mb4 COLLATE utf8mb4_unicode_ci NOT NULL,
  `payload` longtext CHARACTER SET utf8mb4 COLLATE utf8mb4_unicode_ci NOT NULL,
  `exception` longtext CHARACTER SET utf8mb4 COLLATE utf8mb4_unicode_ci NOT NULL,
  `failed_at` timestamp NOT NULL DEFAULT CURRENT_TIMESTAMP,
  PRIMARY KEY (`id`),
  UNIQUE KEY `failed_jobs_uuid_unique` (`uuid`)
) ENGINE=InnoDB DEFAULT CHARSET=utf8mb4 COLLATE=utf8mb4_unicode_ci;
/*!40101 SET character_set_client = @saved_cs_client */;

--
-- Dumping data for table `failed_jobs`
--

LOCK TABLES `failed_jobs` WRITE;
/*!40000 ALTER TABLE `failed_jobs` DISABLE KEYS */;
/*!40000 ALTER TABLE `failed_jobs` ENABLE KEYS */;
UNLOCK TABLES;

--
-- Table structure for table `job_batches`
--

DROP TABLE IF EXISTS `job_batches`;
/*!40101 SET @saved_cs_client     = @@character_set_client */;
/*!50503 SET character_set_client = utf8mb4 */;
CREATE TABLE `job_batches` (
  `id` varchar(255) CHARACTER SET utf8mb4 COLLATE utf8mb4_unicode_ci NOT NULL,
  `name` varchar(255) CHARACTER SET utf8mb4 COLLATE utf8mb4_unicode_ci NOT NULL,
  `total_jobs` int NOT NULL,
  `pending_jobs` int NOT NULL,
  `failed_jobs` int NOT NULL,
  `failed_job_ids` longtext CHARACTER SET utf8mb4 COLLATE utf8mb4_unicode_ci NOT NULL,
  `options` mediumtext CHARACTER SET utf8mb4 COLLATE utf8mb4_unicode_ci,
  `cancelled_at` int DEFAULT NULL,
  `created_at` int NOT NULL,
  `finished_at` int DEFAULT NULL,
  PRIMARY KEY (`id`)
) ENGINE=InnoDB DEFAULT CHARSET=utf8mb4 COLLATE=utf8mb4_unicode_ci;
/*!40101 SET character_set_client = @saved_cs_client */;

--
-- Dumping data for table `job_batches`
--

LOCK TABLES `job_batches` WRITE;
/*!40000 ALTER TABLE `job_batches` DISABLE KEYS */;
/*!40000 ALTER TABLE `job_batches` ENABLE KEYS */;
UNLOCK TABLES;

--
-- Table structure for table `jobs`
--

DROP TABLE IF EXISTS `jobs`;
/*!40101 SET @saved_cs_client     = @@character_set_client */;
/*!50503 SET character_set_client = utf8mb4 */;
CREATE TABLE `jobs` (
  `id` bigint unsigned NOT NULL AUTO_INCREMENT,
  `queue` varchar(255) CHARACTER SET utf8mb4 COLLATE utf8mb4_unicode_ci NOT NULL,
  `payload` longtext CHARACTER SET utf8mb4 COLLATE utf8mb4_unicode_ci NOT NULL,
  `attempts` tinyint unsigned NOT NULL,
  `reserved_at` int unsigned DEFAULT NULL,
  `available_at` int unsigned NOT NULL,
  `created_at` int unsigned NOT NULL,
  PRIMARY KEY (`id`),
  KEY `jobs_queue_index` (`queue`)
) ENGINE=InnoDB DEFAULT CHARSET=utf8mb4 COLLATE=utf8mb4_unicode_ci;
/*!40101 SET character_set_client = @saved_cs_client */;

--
-- Dumping data for table `jobs`
--

LOCK TABLES `jobs` WRITE;
/*!40000 ALTER TABLE `jobs` DISABLE KEYS */;
/*!40000 ALTER TABLE `jobs` ENABLE KEYS */;
UNLOCK TABLES;

--
-- Table structure for table `menu_settings`
--

DROP TABLE IF EXISTS `menu_settings`;
/*!40101 SET @saved_cs_client     = @@character_set_client */;
/*!50503 SET character_set_client = utf8mb4 */;
CREATE TABLE `menu_settings` (
  `id` bigint unsigned NOT NULL AUTO_INCREMENT,
  `restaurant_id` bigint unsigned NOT NULL,
  `slug` varchar(255) CHARACTER SET utf8mb4 COLLATE utf8mb4_unicode_ci NOT NULL,
  `is_public` tinyint(1) NOT NULL DEFAULT '1',
  `theme` varchar(50) CHARACTER SET utf8mb4 COLLATE utf8mb4_unicode_ci NOT NULL DEFAULT 'classy',
  `created_at` timestamp NULL DEFAULT NULL,
  `updated_at` timestamp NULL DEFAULT NULL,
  PRIMARY KEY (`id`),
  UNIQUE KEY `menu_settings_restaurant_id_unique` (`restaurant_id`),
  UNIQUE KEY `menu_settings_slug_unique` (`slug`),
  KEY `menu_settings_is_public_index` (`is_public`),
  CONSTRAINT `menu_settings_restaurant_id_foreign` FOREIGN KEY (`restaurant_id`) REFERENCES `restaurants` (`id`) ON DELETE CASCADE
) ENGINE=InnoDB AUTO_INCREMENT=10 DEFAULT CHARSET=utf8mb4 COLLATE=utf8mb4_unicode_ci;
/*!40101 SET character_set_client = @saved_cs_client */;

--
-- Dumping data for table `menu_settings`
--

LOCK TABLES `menu_settings` WRITE;
/*!40000 ALTER TABLE `menu_settings` DISABLE KEYS */;
INSERT INTO `menu_settings` VALUES (1,1,'noah',1,'classy','2026-04-20 04:30:36','2026-04-20 04:30:36'),(2,2,'tree',1,'classy','2026-04-20 04:42:49','2026-04-20 04:42:49'),(3,3,'el-nerwegy',1,'paper','2026-04-20 05:30:19','2026-05-28 08:44:42'),(4,4,'ssa',1,'classy','2026-04-20 06:51:50','2026-04-20 06:51:50'),(5,5,'the-tree',1,'tree','2026-04-26 06:19:57','2026-04-27 21:58:28'),(6,6,'sip-chill',1,'sipchill','2026-05-12 00:15:13','2026-05-12 03:35:53'),(7,7,'elnerwegy',1,'ng','2026-05-27 04:58:40','2026-05-27 05:29:31'),(8,8,'ng',1,'ng','2026-05-27 05:39:15','2026-05-27 05:39:15'),(9,9,'tesst',1,'classy','2026-05-30 07:47:11','2026-05-30 07:47:11');
/*!40000 ALTER TABLE `menu_settings` ENABLE KEYS */;
UNLOCK TABLES;

--
-- Table structure for table `menu_visits`
--

DROP TABLE IF EXISTS `menu_visits`;
/*!40101 SET @saved_cs_client     = @@character_set_client */;
/*!50503 SET character_set_client = utf8mb4 */;
CREATE TABLE `menu_visits` (
  `id` bigint unsigned NOT NULL AUTO_INCREMENT,
  `restaurant_id` bigint unsigned NOT NULL,
  `menu_setting_id` bigint unsigned DEFAULT NULL,
  `visited_on` date NOT NULL,
  `visited_at` timestamp NOT NULL,
  `visitor_hash` char(64) COLLATE utf8mb4_unicode_ci NOT NULL,
  `ip_hash` char(64) COLLATE utf8mb4_unicode_ci DEFAULT NULL,
  `user_agent_hash` char(64) COLLATE utf8mb4_unicode_ci DEFAULT NULL,
  `device_type` varchar(20) COLLATE utf8mb4_unicode_ci NOT NULL DEFAULT 'unknown',
  `source` varchar(40) COLLATE utf8mb4_unicode_ci DEFAULT NULL,
  `path` varchar(255) COLLATE utf8mb4_unicode_ci DEFAULT NULL,
  `referer` text COLLATE utf8mb4_unicode_ci,
  `created_at` timestamp NULL DEFAULT NULL,
  `updated_at` timestamp NULL DEFAULT NULL,
  PRIMARY KEY (`id`),
  KEY `menu_visits_menu_setting_id_foreign` (`menu_setting_id`),
  KEY `menu_visits_restaurant_id_visited_on_index` (`restaurant_id`,`visited_on`),
  KEY `menu_visits_restaurant_id_visitor_hash_visited_at_index` (`restaurant_id`,`visitor_hash`,`visited_at`),
  KEY `menu_visits_visited_on_index` (`visited_on`),
  KEY `menu_visits_visited_at_index` (`visited_at`),
  KEY `menu_visits_visitor_hash_index` (`visitor_hash`),
  KEY `menu_visits_device_type_index` (`device_type`),
  KEY `menu_visits_source_index` (`source`),
  CONSTRAINT `menu_visits_menu_setting_id_foreign` FOREIGN KEY (`menu_setting_id`) REFERENCES `menu_settings` (`id`) ON DELETE SET NULL,
  CONSTRAINT `menu_visits_restaurant_id_foreign` FOREIGN KEY (`restaurant_id`) REFERENCES `restaurants` (`id`) ON DELETE CASCADE
) ENGINE=InnoDB AUTO_INCREMENT=239 DEFAULT CHARSET=utf8mb4 COLLATE=utf8mb4_unicode_ci;
/*!40101 SET character_set_client = @saved_cs_client */;

--
-- Dumping data for table `menu_visits`
--

LOCK TABLES `menu_visits` WRITE;
/*!40000 ALTER TABLE `menu_visits` DISABLE KEYS */;
INSERT INTO `menu_visits` VALUES (1,5,5,'2026-05-30','2026-05-30 08:14:32','549a350081c760d436c12db6b946b7a06daa77959954be3612b35db934242116','f59ec8294008664ceeca63a2ef8e399cf039391b054a0c82d33730af249fcc2b','6f70cced15460d04ca9847e12b558a4288872053173ccc2a9ac625d0da5e71df','desktop','other','menu/the-tree','https://menu.osirix.online/settings','2026-05-30 08:14:32','2026-05-30 08:14:32'),(2,5,5,'2026-05-30','2026-05-30 08:53:56','3c5bdf022ca83ddc8ad207ea9638d5846f79bab677f5348b61077844756cf586','7d4bcb9ba9366587dbc6ea962e474e3bfc9861c9ce7aa9253c4de865811dcb77','6f70cced15460d04ca9847e12b558a4288872053173ccc2a9ac625d0da5e71df','desktop','other','menu/the-tree','https://menu.osirix.online/dashboard','2026-05-30 08:53:56','2026-05-30 08:53:56'),(3,5,5,'2026-05-30','2026-05-30 08:58:27','008754746076d812c76388bf39cb16696259d84357d06cad3c0bced11019e0ff','5c3bed3c8872d03c013857b8f304b0a6e1ce483697da1b4884cad15f13473afd','6f70cced15460d04ca9847e12b558a4288872053173ccc2a9ac625d0da5e71df','desktop','other','menu/the-tree','https://menu.osirix.online/dashboard','2026-05-30 08:58:27','2026-05-30 08:58:27'),(4,6,6,'2026-05-30','2026-05-30 09:00:12','42fcee47531786e09a835806babcdd7f22b06f7590f2e700fab0cf9dca97c088','5c3bed3c8872d03c013857b8f304b0a6e1ce483697da1b4884cad15f13473afd','253c5caec5d96858a8ccc33576dc69d0374885445e96c0dd94b15a2054fc246e','mobile',NULL,'menu/sip-chill',NULL,'2026-05-30 09:00:12','2026-05-30 09:00:12'),(5,3,3,'2026-05-30','2026-05-30 09:02:57','d9c4998eaf04b506fa6c916c8b429b1db9ba09e91d719ae115cff883769d4792','e25cfa5399131ef073684c81b16ebed7db4a4400f0d10029e3b78d06abae9876','4f07689b02337ea9fd648ca07771a80bf36da99fe4f2c34fc09305b34a0c79dd','mobile',NULL,'menu/el-nerwegy',NULL,'2026-05-30 09:02:57','2026-05-30 09:02:57'),(6,5,5,'2026-05-30','2026-05-30 09:32:56','b75d5c5d58f593994cfff64749e05feec434507e10c9620494b5fa822ab5072b','5c3bed3c8872d03c013857b8f304b0a6e1ce483697da1b4884cad15f13473afd','6ad6adc15f502539b07e7d40bda4a3ca814bf575df3d723c213c29688720bf7e','mobile',NULL,'menu/the-tree',NULL,'2026-05-30 09:32:56','2026-05-30 09:32:56'),(7,5,5,'2026-05-30','2026-05-30 10:03:05','7850df8d5501f1601f0f65f9b883011c81732c18c919a0b9b65e6432c43e95c1','a3267c5e6ea60b19b2ae16615d374f00cbde264b106b1379e7591e982ff1e78c','146737d73ccfc7a59b29351985d574ec8ad04ccc48d2b700ac175e5c52388f14','mobile',NULL,'menu/the-tree',NULL,'2026-05-30 10:03:05','2026-05-30 10:03:05'),(8,6,6,'2026-05-30','2026-05-30 13:37:49','c44f190cf9dc09082c585533b8b73f0f43459373932ea13c79372c58ac1963c3','8d4ffd6c351d3f976d6125fd26d689a20f6a951e819bc006ec4b805d92a406f5','4f07689b02337ea9fd648ca07771a80bf36da99fe4f2c34fc09305b34a0c79dd','mobile',NULL,'menu/sip-chill',NULL,'2026-05-30 13:37:49','2026-05-30 13:37:49'),(9,6,6,'2026-05-30','2026-05-30 14:06:06','dd66a8de1389363a7e54081f41c200be317f310bb9a5d1d72504f7166d51c785','e25cfa5399131ef073684c81b16ebed7db4a4400f0d10029e3b78d06abae9876','79b113808bfda2f6943410f9d73facc07ecc55546aa9c3907bdcf3c887c5271e','mobile',NULL,'menu/sip-chill',NULL,'2026-05-30 14:06:06','2026-05-30 14:06:06'),(10,6,6,'2026-05-30','2026-05-30 14:06:06','429929a02c3b1b7a5173d826d04c8bdbf8489641085b7ae94a2e0b8203a349ce','d6f255406ee2eaad02e2f4895ca757efe7c41e4dd290a042634ef370ed8d0ed0','79b113808bfda2f6943410f9d73facc07ecc55546aa9c3907bdcf3c887c5271e','mobile',NULL,'menu/sip-chill',NULL,'2026-05-30 14:06:06','2026-05-30 14:06:06'),(11,6,6,'2026-05-30','2026-05-30 14:09:48','2892380c2b82dd57fcb38c96a422e8f2a88ec685e1da1754b1d58a50183731df','40acc542c850bc93167391372154fad1a562737bdb65862636f8392a232243fe','35aed1f45d22d9c4c0dca164fa579a6bf1745702f6a2480fa7a8a069437cdd15','mobile',NULL,'menu/sip-chill',NULL,'2026-05-30 14:09:48','2026-05-30 14:09:48'),(12,6,6,'2026-05-30','2026-05-30 14:10:07','edf59bd55b2f78f36c5d89b5bae561500419ab35fab1bff35a51da3f638693e0','e25cfa5399131ef073684c81b16ebed7db4a4400f0d10029e3b78d06abae9876','6663e289815eaebd492b04c10066db057041d634defd381a5a8ca24d8fe5e042','mobile',NULL,'menu/sip-chill',NULL,'2026-05-30 14:10:07','2026-05-30 14:10:07'),(13,6,6,'2026-05-30','2026-05-30 14:16:22','62a8cb13a361711bd07816a484c9cd10561cebb95a8b8cba166077f8ca2a772b','d6f255406ee2eaad02e2f4895ca757efe7c41e4dd290a042634ef370ed8d0ed0','7c393b222747e9f68473536e88ac6d4c52b5f0ee5f954eba4e7398faea0f79ca','mobile',NULL,'menu/sip-chill',NULL,'2026-05-30 14:16:22','2026-05-30 14:16:22'),(14,5,5,'2026-05-30','2026-05-30 15:11:37','3f2d4c1a3e952ef94f426bf5e5a2598d34fba5be09d088290164f36be0680089','e25cfa5399131ef073684c81b16ebed7db4a4400f0d10029e3b78d06abae9876','0c7aabe3b9a779bb176131143b38c22ad727e58638bfec27077ec2c58d3fcf52','mobile',NULL,'menu/the-tree',NULL,'2026-05-30 15:11:37','2026-05-30 15:11:37'),(15,6,6,'2026-05-30','2026-05-30 15:19:13','e3c4c42269c9c3763ddfaeb7fd0cceb0ad6b9c1fd2bf4b3d2ee87f4b9f7ed27e','ddd12571e66fa862f95d542287a453e5fbc20496b5d4f837a5c20b693f8c2049','b1bcb91ae617fbfd965781b92aec2b9941c757bfed753eb04e50b2b2895b42f2','mobile',NULL,'menu/sip-chill',NULL,'2026-05-30 15:19:13','2026-05-30 15:19:13'),(16,6,6,'2026-05-30','2026-05-30 15:19:15','68bc4010529fe37c797a0198021b66480389e082857fb7e8e839676bfe73e85e','411cc0da919f73fb2233a9e4e113cd191c7664fa78457bdda7145f2adeb0e533','b1bcb91ae617fbfd965781b92aec2b9941c757bfed753eb04e50b2b2895b42f2','mobile',NULL,'menu/sip-chill',NULL,'2026-05-30 15:19:15','2026-05-30 15:19:15'),(17,6,6,'2026-05-30','2026-05-30 15:19:15','bf0abffdba69fdc3c7fe10be16e780a36f1002e7f47d20246e044223e6d82aef','7629927367bd65fd9dc07dbe5d742135e1dea4babd66bb33b6446e801f4789bc','b1bcb91ae617fbfd965781b92aec2b9941c757bfed753eb04e50b2b2895b42f2','mobile',NULL,'menu/sip-chill',NULL,'2026-05-30 15:19:15','2026-05-30 15:19:15'),(18,6,6,'2026-05-30','2026-05-30 15:19:28','148e24a15a1ef634785440cfd33976703298d56a0b06bbf392e924ebf05ac50c','e718d9a4962d29dd322c70cfe652525a381193738809f67440b1f3f7019246cb','4f07689b02337ea9fd648ca07771a80bf36da99fe4f2c34fc09305b34a0c79dd','mobile',NULL,'menu/sip-chill',NULL,'2026-05-30 15:19:28','2026-05-30 15:19:28'),(19,6,6,'2026-05-30','2026-05-30 15:19:29','488d61dbc16f7931cebb0d109d6e4032450f51bda1819c00dc8b46e96b7fd923','67bcd0606f8c460a1eba2f568b1686ed90011a5e6bd49731fe2a56ac2c1b4b22','4f07689b02337ea9fd648ca07771a80bf36da99fe4f2c34fc09305b34a0c79dd','mobile',NULL,'menu/sip-chill',NULL,'2026-05-30 15:19:29','2026-05-30 15:19:29'),(20,6,6,'2026-05-30','2026-05-30 15:20:25','69d0d41d8323da365da437e9b8fdaae4d1e58d06ad03737b7aa07bd3b2b74cfe','f59ec8294008664ceeca63a2ef8e399cf039391b054a0c82d33730af249fcc2b','4f07689b02337ea9fd648ca07771a80bf36da99fe4f2c34fc09305b34a0c79dd','mobile',NULL,'menu/sip-chill',NULL,'2026-05-30 15:20:25','2026-05-30 15:20:25'),(21,6,6,'2026-05-30','2026-05-30 15:21:52','e848d3fc7452e552308b8d6f59dbb9065f0cfe3398932114fd5128d4f45978f1','24a046b014521e8028b0a718cbc446cc13f8c0ffc9e11f75adfb5fecc4782a0f','4f07689b02337ea9fd648ca07771a80bf36da99fe4f2c34fc09305b34a0c79dd','mobile',NULL,'menu/sip-chill',NULL,'2026-05-30 15:21:52','2026-05-30 15:21:52'),(22,6,6,'2026-05-30','2026-05-30 15:22:27','d9c4998eaf04b506fa6c916c8b429b1db9ba09e91d719ae115cff883769d4792','e25cfa5399131ef073684c81b16ebed7db4a4400f0d10029e3b78d06abae9876','4f07689b02337ea9fd648ca07771a80bf36da99fe4f2c34fc09305b34a0c79dd','mobile',NULL,'menu/sip-chill',NULL,'2026-05-30 15:22:27','2026-05-30 15:22:27'),(23,5,5,'2026-05-30','2026-05-30 15:35:25','b555abf46f10268a9b184a1733c5507e0202f9fc2b9b623ddbb88fd10ae5586b','e718d9a4962d29dd322c70cfe652525a381193738809f67440b1f3f7019246cb','53a26b1e510236ea60b368e2c79d0a20cdf8ee0e2a56294558897d5c227eddbf','mobile',NULL,'menu/the-tree',NULL,'2026-05-30 15:35:25','2026-05-30 15:35:25'),(24,6,6,'2026-05-30','2026-05-30 15:40:28','1e0641379ac3a6c8af0cac46fd1f416019c53201798ef301c1fa09f8b51185b3','a3267c5e6ea60b19b2ae16615d374f00cbde264b106b1379e7591e982ff1e78c','79b113808bfda2f6943410f9d73facc07ecc55546aa9c3907bdcf3c887c5271e','mobile',NULL,'menu/sip-chill',NULL,'2026-05-30 15:40:28','2026-05-30 15:40:28'),(25,6,6,'2026-05-30','2026-05-30 15:41:55','5b0ef0f17d3052007e9b98212b1b7f79a3bdb126736d152cded59749d0d8fefe','c65c9cca8451cab3cf3eea5ec17e5dd64cd7da46525e44a9233ed9f02f906420','4f07689b02337ea9fd648ca07771a80bf36da99fe4f2c34fc09305b34a0c79dd','mobile',NULL,'menu/sip-chill',NULL,'2026-05-30 15:41:55','2026-05-30 15:41:55'),(26,6,6,'2026-05-30','2026-05-30 15:42:09','abc79ac8dca7c0e575ab98ba41235a29fbebbedeb0a13797667d18d4d8d7509c','59390da71c8e065ae2fb7b06592c997d990e95f6407480b0480c1e6af86071ec','4f07689b02337ea9fd648ca07771a80bf36da99fe4f2c34fc09305b34a0c79dd','mobile',NULL,'menu/sip-chill',NULL,'2026-05-30 15:42:09','2026-05-30 15:42:09'),(27,6,6,'2026-05-30','2026-05-30 15:51:36','2b2d0da65bbf7462f7664f050edc1710f5468dd04c3690c0641fb368890ac905','51a89ff14197f3222bde99f8996bc9fd8fa21a613940010345305785c46b276f','4f07689b02337ea9fd648ca07771a80bf36da99fe4f2c34fc09305b34a0c79dd','mobile',NULL,'menu/sip-chill',NULL,'2026-05-30 15:51:36','2026-05-30 15:51:36'),(28,6,6,'2026-05-30','2026-05-30 15:58:28','067b6dc9cdc7bd513ab3833ffc79aeee5cca738a9c07aba31e4bd00393bd484d','f59ec8294008664ceeca63a2ef8e399cf039391b054a0c82d33730af249fcc2b','79b113808bfda2f6943410f9d73facc07ecc55546aa9c3907bdcf3c887c5271e','mobile',NULL,'menu/sip-chill',NULL,'2026-05-30 15:58:28','2026-05-30 15:58:28'),(29,6,6,'2026-05-30','2026-05-30 16:02:28','fa048a25dbad5d80b1368c5f401dcac8f8f3967ea99603b54c16cf31d7feb4ea','40acc542c850bc93167391372154fad1a562737bdb65862636f8392a232243fe','be33bdb8c133b37706d09e2ad674dc6a8b42f3f710d04412e01784e2b63e8f7f','mobile',NULL,'menu/sip-chill',NULL,'2026-05-30 16:02:28','2026-05-30 16:02:28'),(30,6,6,'2026-05-30','2026-05-30 16:04:15','eab7a4af6fc8305418694029e7c0d97d32ad02e140c9d32899387faf00b3b88a','e718d9a4962d29dd322c70cfe652525a381193738809f67440b1f3f7019246cb','02501f99097ee12796367451669e25eccd0368bee389e8e1903d286ebb1fa55d','mobile',NULL,'menu/sip-chill',NULL,'2026-05-30 16:04:15','2026-05-30 16:04:15'),(31,6,6,'2026-05-30','2026-05-30 16:04:37','095e2f8761f834c54d456fabaaff755606b8cd6c2532685578e2a033afbeaf59','f59ec8294008664ceeca63a2ef8e399cf039391b054a0c82d33730af249fcc2b','ea33c8d4eb93e2949793d119bf82cca991343fdd03c0128eb905456a0c13c3b9','mobile',NULL,'menu/sip-chill',NULL,'2026-05-30 16:04:37','2026-05-30 16:04:37'),(32,6,6,'2026-05-30','2026-05-30 16:14:12','34546b667afba981ab93b1d4f5d24f182e9be650d1224914f44af45720148748','e25cfa5399131ef073684c81b16ebed7db4a4400f0d10029e3b78d06abae9876','5b944a20a308902c82ae33dd6bf256be4346a6cefb255118542c56bb7358892b','mobile',NULL,'menu/sip-chill',NULL,'2026-05-30 16:14:12','2026-05-30 16:14:12'),(33,6,6,'2026-05-30','2026-05-30 16:16:18','c4cfba32bb2caa9b9e3183640072552e89a6406e4d9e9aa0bc810841be39d759','164618251f0d0703d09c1a26490b8c66a0d9db43087bcaa954fa5910248b8ed7','be33bdb8c133b37706d09e2ad674dc6a8b42f3f710d04412e01784e2b63e8f7f','mobile',NULL,'menu/sip-chill',NULL,'2026-05-30 16:16:18','2026-05-30 16:16:18'),(34,5,5,'2026-05-30','2026-05-30 16:17:33','af9728db1812d7aa42a1a0246c5e1a5dfd56aca390fcb14797b6ef65c48bf9c0','f59ec8294008664ceeca63a2ef8e399cf039391b054a0c82d33730af249fcc2b','79b113808bfda2f6943410f9d73facc07ecc55546aa9c3907bdcf3c887c5271e','mobile',NULL,'menu/the-tree',NULL,'2026-05-30 16:17:33','2026-05-30 16:17:33'),(35,6,6,'2026-05-30','2026-05-30 16:20:38','cc6fa49488d76037402f23292184cbb5feda292038067bdfd900f0b513e3a2ae','e718d9a4962d29dd322c70cfe652525a381193738809f67440b1f3f7019246cb','a5c05b8d55813f46aa774425956b24eaf5345b2dc65feefcc62a29754b34c7ec','mobile',NULL,'menu/sip-chill',NULL,'2026-05-30 16:20:38','2026-05-30 16:20:38'),(36,6,6,'2026-05-30','2026-05-30 16:24:21','04fab7ddd97d95bec6da8d3fd48a7400cb339a89622bd03be0bb6741c5c3017e','d50af95d46173852fb9a0f4336f4694c3e66d570657260a569e38fd77524a0e7','51d2db41331110969b9b983f69be401e8ab854c371a46b3eacb1e9cb6c4a6402','mobile',NULL,'menu/sip-chill',NULL,'2026-05-30 16:24:21','2026-05-30 16:24:21'),(37,5,5,'2026-05-30','2026-05-30 17:09:30','f199d21a5a5e9226657704a3b84148ae7d7dc69b1e607963edf14255d96d011a','51a89ff14197f3222bde99f8996bc9fd8fa21a613940010345305785c46b276f','4f07689b02337ea9fd648ca07771a80bf36da99fe4f2c34fc09305b34a0c79dd','mobile',NULL,'menu/the-tree',NULL,'2026-05-30 17:09:30','2026-05-30 17:09:30'),(38,5,5,'2026-05-30','2026-05-30 17:09:43','9c56e6ef23b52adcd8d6a1e8a57a79413011c56ccd0859ea65b7b1e534a94afa','360f082b6ecf44aea4ceb8f0de739400d3eaa01a26c4e4866e5513f3e818051b','67945a8d948cebcc10089a769ae11bd93c3004ce995527d93713b6666d3d1b5a','mobile',NULL,'menu/the-tree',NULL,'2026-05-30 17:09:43','2026-05-30 17:09:43'),(39,5,5,'2026-05-30','2026-05-30 17:13:56','8aa25bc138574abfa224aca6a3ed8376f73761f49dc960adac53d3147e435c66','67bcd0606f8c460a1eba2f568b1686ed90011a5e6bd49731fe2a56ac2c1b4b22','7883344a176703ca247ba5c1e52abb4c333c52b8d1947bcf233e994bc242d40d','mobile',NULL,'menu/the-tree',NULL,'2026-05-30 17:13:56','2026-05-30 17:13:56'),(40,5,5,'2026-05-30','2026-05-30 17:14:18','2bd6c689553e44c2673e5bf9a5a8bada40b034a66b20e41f8b212f2836accaeb','c6ce3da4e1885e0e5bb3290f043c337d80f766350a5951f060b23028eb6f874f','67945a8d948cebcc10089a769ae11bd93c3004ce995527d93713b6666d3d1b5a','mobile',NULL,'menu/the-tree',NULL,'2026-05-30 17:14:18','2026-05-30 17:14:18'),(41,5,5,'2026-05-30','2026-05-30 17:16:34','fe7da10eff5e01fcf46d14c158613b8ad738e803f36ed49274141ec663af313d','98af743c280bf082e81dca3b5b4ed6f1243b1d931146e8b5b8e336e7cbe30c27','7883344a176703ca247ba5c1e52abb4c333c52b8d1947bcf233e994bc242d40d','mobile',NULL,'menu/the-tree',NULL,'2026-05-30 17:16:34','2026-05-30 17:16:34'),(42,5,5,'2026-05-30','2026-05-30 17:19:44','5e31717297dc928fb332b7b3031554b9e60e2865094f1977e0f0aa0db6bd90ad','c0c35cec86635badf40252ae0545c21ca49711c24fce3a22fd975968e73ec9d0','4f07689b02337ea9fd648ca07771a80bf36da99fe4f2c34fc09305b34a0c79dd','mobile',NULL,'menu/the-tree',NULL,'2026-05-30 17:19:44','2026-05-30 17:19:44'),(43,6,6,'2026-05-30','2026-05-30 17:27:46','758c455135bb2e1414a72280223e4939b91bc17b7c90f9f28059426cf286ee4d','f59ec8294008664ceeca63a2ef8e399cf039391b054a0c82d33730af249fcc2b','0c7aabe3b9a779bb176131143b38c22ad727e58638bfec27077ec2c58d3fcf52','mobile',NULL,'menu/sip-chill',NULL,'2026-05-30 17:27:46','2026-05-30 17:27:46'),(44,6,6,'2026-05-30','2026-05-30 17:27:53','4fbf779bdb8744c4db9dde4e028b1fba47c574284c1285e0c15bd8cb09a31668','5c3bed3c8872d03c013857b8f304b0a6e1ce483697da1b4884cad15f13473afd','0c7aabe3b9a779bb176131143b38c22ad727e58638bfec27077ec2c58d3fcf52','mobile',NULL,'menu/sip-chill',NULL,'2026-05-30 17:27:53','2026-05-30 17:27:53'),(45,6,6,'2026-05-30','2026-05-30 18:02:38','bbc40f1ff77c6ecabae9c2497a23f04bcc4b47687bcf4126a9d5cd2b11922658','7d4bcb9ba9366587dbc6ea962e474e3bfc9861c9ce7aa9253c4de865811dcb77','4f07689b02337ea9fd648ca07771a80bf36da99fe4f2c34fc09305b34a0c79dd','mobile',NULL,'menu/sip-chill',NULL,'2026-05-30 18:02:38','2026-05-30 18:02:38'),(46,6,6,'2026-05-30','2026-05-30 18:18:56','6dce8f5dd9d5f81b7d3b5b0ea8eecbee0eafd400354ab527b60377e55cbffda6','98af743c280bf082e81dca3b5b4ed6f1243b1d931146e8b5b8e336e7cbe30c27','253c5caec5d96858a8ccc33576dc69d0374885445e96c0dd94b15a2054fc246e','mobile',NULL,'menu/sip-chill',NULL,'2026-05-30 18:18:56','2026-05-30 18:18:56'),(47,5,5,'2026-05-30','2026-05-30 18:19:59','c10bca0698a7f5b95df65c12bf5d7e3c903f301d08e6c230d527c6c708d8265c','c0c35cec86635badf40252ae0545c21ca49711c24fce3a22fd975968e73ec9d0','d17c0b56de740f3f0e02a227235cc4aae826d49e7a55b2f2b8e0c9cf7524013a','mobile',NULL,'menu/the-tree',NULL,'2026-05-30 18:19:59','2026-05-30 18:19:59'),(48,5,5,'2026-05-30','2026-05-30 18:20:02','7d6f16901c33e6360f52140a6b6ae4fb9e3f3ccd272112d6fe7232b4c76aaa7d','f59ec8294008664ceeca63a2ef8e399cf039391b054a0c82d33730af249fcc2b','d17c0b56de740f3f0e02a227235cc4aae826d49e7a55b2f2b8e0c9cf7524013a','mobile',NULL,'menu/the-tree',NULL,'2026-05-30 18:20:02','2026-05-30 18:20:02'),(49,5,5,'2026-05-30','2026-05-30 18:20:15','9ac4236375aedc2fa6599c23c698342b3e4ddada240e48f4c137edc5e94cff86','3b603416217e6a61f22d0bc2bb24b7bfa9d7e2332641eb4f6b3988aa68947612','b1bcb91ae617fbfd965781b92aec2b9941c757bfed753eb04e50b2b2895b42f2','mobile',NULL,'menu/the-tree',NULL,'2026-05-30 18:20:15','2026-05-30 18:20:15'),(50,5,5,'2026-05-30','2026-05-30 18:20:15','af9728db1812d7aa42a1a0246c5e1a5dfd56aca390fcb14797b6ef65c48bf9c0','f59ec8294008664ceeca63a2ef8e399cf039391b054a0c82d33730af249fcc2b','79b113808bfda2f6943410f9d73facc07ecc55546aa9c3907bdcf3c887c5271e','mobile',NULL,'menu/the-tree',NULL,'2026-05-30 18:20:15','2026-05-30 18:20:15'),(51,5,5,'2026-05-30','2026-05-30 18:20:16','1cdaf70cf5ff09396596cb2f7ffacc39160d26668ea27fb734f704afb23a1a58','dfc3c453fa5dd562ec95698faa9f498374d9635a629112d75182dbd8ec4d0eec','b1bcb91ae617fbfd965781b92aec2b9941c757bfed753eb04e50b2b2895b42f2','mobile',NULL,'menu/the-tree',NULL,'2026-05-30 18:20:16','2026-05-30 18:20:16'),(52,5,5,'2026-05-30','2026-05-30 18:20:16','7ba04aca6926707d9a738f1dd926f44de0ddd4ad2bc7325fe840a7d4d348f688','640c9dc113fe9e40049afa111886481ffa0ccd90896acd1ae7a3f63d4eda5ad9','b1bcb91ae617fbfd965781b92aec2b9941c757bfed753eb04e50b2b2895b42f2','mobile',NULL,'menu/the-tree',NULL,'2026-05-30 18:20:16','2026-05-30 18:20:16'),(53,6,6,'2026-05-30','2026-05-30 18:21:02','65a5dc62107b6a7ce9988906a946370175fbe2212bb8a2e2cf53feb29f243de3','a3267c5e6ea60b19b2ae16615d374f00cbde264b106b1379e7591e982ff1e78c','79b113808bfda2f6943410f9d73facc07ecc55546aa9c3907bdcf3c887c5271e','mobile',NULL,'menu/sip-chill',NULL,'2026-05-30 18:21:02','2026-05-30 18:21:02'),(54,6,6,'2026-05-30','2026-05-30 18:21:16','840778827c9803fb4c9db2f67650383eb90f6c3b22dc4db66d7cff19dff92c1a','d6f255406ee2eaad02e2f4895ca757efe7c41e4dd290a042634ef370ed8d0ed0','79b113808bfda2f6943410f9d73facc07ecc55546aa9c3907bdcf3c887c5271e','mobile',NULL,'menu/sip-chill',NULL,'2026-05-30 18:21:16','2026-05-30 18:21:16'),(55,6,6,'2026-05-30','2026-05-30 18:22:39','d7f5c76d4512dcdaa867ea9009d58a038ff3e61e767f99f7e529f5058b82d45a','5c3bed3c8872d03c013857b8f304b0a6e1ce483697da1b4884cad15f13473afd','1499023f2dcbb8c30eb9de51c0b70434d32f71cc7e0723db53b4fb8c9dd70448','mobile',NULL,'menu/sip-chill',NULL,'2026-05-30 18:22:39','2026-05-30 18:22:39'),(56,6,6,'2026-05-30','2026-05-30 18:23:54','8c4eabfd2ba2d49dafbe939bdc9162b997af644270269de5a2646168bad7de85','95313d1bd53f4a263eb6e0b11e7c60c1622ed1fbc8687188668422723f2787d0','4f07689b02337ea9fd648ca07771a80bf36da99fe4f2c34fc09305b34a0c79dd','mobile',NULL,'menu/sip-chill',NULL,'2026-05-30 18:23:54','2026-05-30 18:23:54'),(57,6,6,'2026-05-30','2026-05-30 18:28:17','203260beb8aace9015ed4f532069154d044ea6f22ce2bdf7275053688e1a7d9f','5c3bed3c8872d03c013857b8f304b0a6e1ce483697da1b4884cad15f13473afd','32cc880ba38900bbfbca95fd82b4026438db9246447d37e7e4d96b74a28dd0d5','mobile',NULL,'menu/sip-chill',NULL,'2026-05-30 18:28:17','2026-05-30 18:28:17'),(58,6,6,'2026-05-30','2026-05-30 18:29:31','0f8cadb2515bb59210f97ea70dee9ef55fd91e74d5f643766f991b73f573b853','da124a502192070ec98fe67d4998986860e4e271b67a845690651319616deb64','1499023f2dcbb8c30eb9de51c0b70434d32f71cc7e0723db53b4fb8c9dd70448','mobile',NULL,'menu/sip-chill',NULL,'2026-05-30 18:29:31','2026-05-30 18:29:31'),(59,5,5,'2026-05-30','2026-05-30 18:37:48','5d157eb8502beef4944fcf9aec448becd18922afe7cb80a0a8126d31f8270e72','59390da71c8e065ae2fb7b06592c997d990e95f6407480b0480c1e6af86071ec','b139b63537a4a1f29c6f9123d5404258b2c87eadad7ccc588efb40cb01de2e3c','mobile',NULL,'menu/the-tree',NULL,'2026-05-30 18:37:48','2026-05-30 18:37:48'),(60,5,5,'2026-05-30','2026-05-30 18:46:10','dab0537d2e329f0e9c4ae44e12ec06235a7f92c0cc38e5f66258aafb636b14b9','f59ec8294008664ceeca63a2ef8e399cf039391b054a0c82d33730af249fcc2b','4f07689b02337ea9fd648ca07771a80bf36da99fe4f2c34fc09305b34a0c79dd','mobile',NULL,'menu/the-tree',NULL,'2026-05-30 18:46:10','2026-05-30 18:46:10'),(61,5,5,'2026-05-30','2026-05-30 18:47:40','2bfc934b3311bfcd7c2523246d1228c17f69f78721a867ce495553ec17d9bef3','59c4e538634b61144ea7fad4b4fc1fee49aa52c3e3bf6e0bbad71715f43a08a8','ad6cfe3141294af57a8258c77cf0b7e30f5bcad5adc146661959af52e593d1da','mobile',NULL,'menu/the-tree',NULL,'2026-05-30 18:47:40','2026-05-30 18:47:40'),(62,6,6,'2026-05-30','2026-05-30 18:52:40','1bb6828fd647fbb2137276f6dde7a2dd5f276020019e5c6e792d7d44c083e3b4','c6ce3da4e1885e0e5bb3290f043c337d80f766350a5951f060b23028eb6f874f','4f07689b02337ea9fd648ca07771a80bf36da99fe4f2c34fc09305b34a0c79dd','mobile',NULL,'menu/sip-chill',NULL,'2026-05-30 18:52:40','2026-05-30 18:52:40'),(63,6,6,'2026-05-30','2026-05-30 18:53:18','97f1ac9484d2c5fbcc263e34c3b5d90e3f91996c34636f4240b3e922b97aced0','7d4bcb9ba9366587dbc6ea962e474e3bfc9861c9ce7aa9253c4de865811dcb77','4f07689b02337ea9fd648ca07771a80bf36da99fe4f2c34fc09305b34a0c79dd','mobile',NULL,'menu/sip-chill',NULL,'2026-05-30 18:53:18','2026-05-30 18:53:18'),(64,5,5,'2026-05-30','2026-05-30 18:55:05','95c6c7c67336984655cf99164f7f3a59350ebc96f2788e5c77ed83ebb2d05e16','360f082b6ecf44aea4ceb8f0de739400d3eaa01a26c4e4866e5513f3e818051b','4f07689b02337ea9fd648ca07771a80bf36da99fe4f2c34fc09305b34a0c79dd','mobile',NULL,'menu/the-tree',NULL,'2026-05-30 18:55:05','2026-05-30 18:55:05'),(65,5,5,'2026-05-30','2026-05-30 18:58:23','866909e6b31f17253e22fad7a829e01a99f3c89c4d195b5cf1bf6e3bcc11e17c','40acc542c850bc93167391372154fad1a562737bdb65862636f8392a232243fe','7883344a176703ca247ba5c1e52abb4c333c52b8d1947bcf233e994bc242d40d','mobile',NULL,'menu/the-tree',NULL,'2026-05-30 18:58:23','2026-05-30 18:58:23'),(66,5,5,'2026-05-30','2026-05-30 19:00:59','e04fe94af468467ce471392fad9a61f7ee43cc759f1ab256f9cd4509b36788f3','c6ce3da4e1885e0e5bb3290f043c337d80f766350a5951f060b23028eb6f874f','79b113808bfda2f6943410f9d73facc07ecc55546aa9c3907bdcf3c887c5271e','mobile',NULL,'menu/the-tree',NULL,'2026-05-30 19:00:59','2026-05-30 19:00:59'),(67,5,5,'2026-05-30','2026-05-30 19:08:38','aa6aabade9c6674555a0d2c5b02f9602c6cbcdfc79a4eb7e3e07552bf4f39b11','59390da71c8e065ae2fb7b06592c997d990e95f6407480b0480c1e6af86071ec','79b113808bfda2f6943410f9d73facc07ecc55546aa9c3907bdcf3c887c5271e','mobile',NULL,'menu/the-tree',NULL,'2026-05-30 19:08:38','2026-05-30 19:08:38'),(68,5,5,'2026-05-30','2026-05-30 19:09:38','32f64b6e6d0169ee86ba53b633216d6607422e527fa7c61af8ad835fdf3acb12','24a046b014521e8028b0a718cbc446cc13f8c0ffc9e11f75adfb5fecc4782a0f','4f07689b02337ea9fd648ca07771a80bf36da99fe4f2c34fc09305b34a0c79dd','mobile',NULL,'menu/the-tree',NULL,'2026-05-30 19:09:38','2026-05-30 19:09:38'),(69,6,6,'2026-05-30','2026-05-30 19:13:58','b271a94b85c09a0a026280e158b38f0f78a67013eacc85a2076fe9d65126ce9b','c6ce3da4e1885e0e5bb3290f043c337d80f766350a5951f060b23028eb6f874f','be33bdb8c133b37706d09e2ad674dc6a8b42f3f710d04412e01784e2b63e8f7f','mobile',NULL,'menu/sip-chill',NULL,'2026-05-30 19:13:58','2026-05-30 19:13:58'),(70,6,6,'2026-05-30','2026-05-30 19:14:45','2bb522b62ab51677117ba1a76ed2040c2fecf1e06beb86277a38c43fd1e5558a','c6ce3da4e1885e0e5bb3290f043c337d80f766350a5951f060b23028eb6f874f','27c742e1068e433bc65339ea403aa66067073e1eecde59a448f4a0279453b0ef','mobile',NULL,'menu/sip-chill',NULL,'2026-05-30 19:14:45','2026-05-30 19:14:45'),(71,5,5,'2026-05-30','2026-05-30 19:18:29','10e0620e952de764893086b0afcb164dc4dd419d69ecbf385d116a334d5c541a','51a89ff14197f3222bde99f8996bc9fd8fa21a613940010345305785c46b276f','d17c0b56de740f3f0e02a227235cc4aae826d49e7a55b2f2b8e0c9cf7524013a','mobile',NULL,'menu/the-tree',NULL,'2026-05-30 19:18:29','2026-05-30 19:18:29'),(72,8,8,'2026-05-30','2026-05-30 19:53:40','a18494d498845b7dc7501882843bcfdebc1c1eb51cb5d1bb0f7965c927dfb9f3','5c3bed3c8872d03c013857b8f304b0a6e1ce483697da1b4884cad15f13473afd','5274011215b9214056c4a66e299f73e9bf3913bf45f1600b7f190fd71c701dec','mobile',NULL,'menu/ng',NULL,'2026-05-30 19:53:40','2026-05-30 19:53:40'),(73,5,5,'2026-05-30','2026-05-30 19:58:52','7b04b3e8ac3579d6c4c6fdee80c4ef930f8a7813e106f95e28df3450e399f684','40acc542c850bc93167391372154fad1a562737bdb65862636f8392a232243fe','4f07689b02337ea9fd648ca07771a80bf36da99fe4f2c34fc09305b34a0c79dd','mobile',NULL,'menu/the-tree',NULL,'2026-05-30 19:58:52','2026-05-30 19:58:52'),(74,5,5,'2026-05-30','2026-05-30 20:20:08','073d4607bebf5d1273cebdd74a73f8687203ec2424f8783ebbb8c0e272aa5486','e108a4844eebd2b9c4d4f261af633e6b4d5a5da26b6c3035cbc806b34b7072cf','b66bb49a8bbc8c2d01243d6920f69d67e0ac400aa1bea061e49670f4a4784877','mobile','facebook','menu/the-tree','https://facebook.com/','2026-05-30 20:20:08','2026-05-30 20:20:08'),(75,5,5,'2026-05-30','2026-05-30 20:22:50','54112c9491c47767cd1056b5c17db3cccca4664ad81ccec1e312d776690f39f5','7c3ec70223a772873a7e2af1c6720b0c52c21caeb9763f1d06388df7d1ff534e','4f07689b02337ea9fd648ca07771a80bf36da99fe4f2c34fc09305b34a0c79dd','mobile',NULL,'menu/the-tree',NULL,'2026-05-30 20:22:50','2026-05-30 20:22:50'),(76,6,6,'2026-05-30','2026-05-30 20:23:53','164c400bba17be9180b62601957813f5a3a2539bf693375c5d8916f815ea14d9','f59ec8294008664ceeca63a2ef8e399cf039391b054a0c82d33730af249fcc2b','02501f99097ee12796367451669e25eccd0368bee389e8e1903d286ebb1fa55d','mobile',NULL,'menu/sip-chill',NULL,'2026-05-30 20:23:53','2026-05-30 20:23:53'),(77,6,6,'2026-05-30','2026-05-30 20:28:22','09e795fccdc42e37fc3e799d1fc41199084361931a8143d5b9eaf4fabb2fb74f','51a89ff14197f3222bde99f8996bc9fd8fa21a613940010345305785c46b276f','4f07689b02337ea9fd648ca07771a80bf36da99fe4f2c34fc09305b34a0c79dd','mobile',NULL,'menu/sip-chill',NULL,'2026-05-30 20:28:22','2026-05-30 20:28:22'),(78,6,6,'2026-05-30','2026-05-30 20:28:24','944c554b8248b6739aa283e9f4d92cf511dd4cf61cb5f731b33951bad6e1689a','59390da71c8e065ae2fb7b06592c997d990e95f6407480b0480c1e6af86071ec','4f07689b02337ea9fd648ca07771a80bf36da99fe4f2c34fc09305b34a0c79dd','mobile',NULL,'menu/sip-chill',NULL,'2026-05-30 20:28:24','2026-05-30 20:28:24'),(79,5,5,'2026-05-30','2026-05-30 20:32:31','51f08ffaa13675233013d7fd89a854be536a6b8f811664aeffd3cf314d248afb','51a89ff14197f3222bde99f8996bc9fd8fa21a613940010345305785c46b276f','027f1766686f6d7dd0ab295b97d26dc46bdd37ddcd930f7acbc55d1d89f349a2','mobile','facebook','menu/the-tree','https://facebook.com/','2026-05-30 20:32:31','2026-05-30 20:32:31'),(80,6,6,'2026-05-30','2026-05-30 20:34:07','dd97fa375c4b176e4c0074ec5c2e3b027b6fe190a25f3f8144b24ed4bd81d32d','24a046b014521e8028b0a718cbc446cc13f8c0ffc9e11f75adfb5fecc4782a0f','21566cc30abe91c4bc9093bed6ea3e175b815f03e3fec97d94eb7f197eacb3f5','mobile',NULL,'menu/sip-chill',NULL,'2026-05-30 20:34:07','2026-05-30 20:34:07'),(81,5,5,'2026-05-30','2026-05-30 21:06:27','311ce97b751861e4a8bf3bda4eb89796a21b746604218b52277d0dc832f86258','e25cfa5399131ef073684c81b16ebed7db4a4400f0d10029e3b78d06abae9876','73965d28ee2917be6b6231e7adcec2d969d1533d4222368e47d2de2ad901177a','mobile',NULL,'menu/the-tree',NULL,'2026-05-30 21:06:27','2026-05-30 21:06:27'),(82,6,6,'2026-05-30','2026-05-30 21:06:35','bcfe970fb8ad68d8ed930e14d71a83800c68122173ffacccdceea5b7c4ac2bb8','95313d1bd53f4a263eb6e0b11e7c60c1622ed1fbc8687188668422723f2787d0','4f07689b02337ea9fd648ca07771a80bf36da99fe4f2c34fc09305b34a0c79dd','mobile',NULL,'menu/sip-chill',NULL,'2026-05-30 21:06:35','2026-05-30 21:06:35'),(83,6,6,'2026-05-30','2026-05-30 21:07:10','2ec7f0d7ad77351a7874f5066ac9f6f5cfe2843fb609cf38817d3deadaa6a816','a18ba6000ed076ed56334ab7bb01235e2daaa187816ba570a3b363e9a524c421','4f07689b02337ea9fd648ca07771a80bf36da99fe4f2c34fc09305b34a0c79dd','mobile',NULL,'menu/sip-chill',NULL,'2026-05-30 21:07:10','2026-05-30 21:07:10'),(84,6,6,'2026-05-30','2026-05-30 21:07:44','70a73a171441b73a3995ff5b8c7cba1e4e8bc49f8f3ec4df31abe4a284e74b70','f59ec8294008664ceeca63a2ef8e399cf039391b054a0c82d33730af249fcc2b','be33bdb8c133b37706d09e2ad674dc6a8b42f3f710d04412e01784e2b63e8f7f','mobile',NULL,'menu/sip-chill',NULL,'2026-05-30 21:07:44','2026-05-30 21:07:44'),(85,5,5,'2026-05-30','2026-05-30 21:24:21','2b18fdbaab698e9b686452f5d7aa8e1449de64d49e470ff8b2bb0a628ffe98e7','ab4df51c537f26d0ed6e1e48deb654cee8088eb7526f4ec16f84cc8f49c44924','be33bdb8c133b37706d09e2ad674dc6a8b42f3f710d04412e01784e2b63e8f7f','mobile',NULL,'menu/the-tree',NULL,'2026-05-30 21:24:21','2026-05-30 21:24:21'),(86,5,5,'2026-05-30','2026-05-30 21:27:42','9b3603c4fb2f0886d700e6ed42b102152eab7b2b40b3f49a6c67f9836f504e7c','59390da71c8e065ae2fb7b06592c997d990e95f6407480b0480c1e6af86071ec','ea33c8d4eb93e2949793d119bf82cca991343fdd03c0128eb905456a0c13c3b9','mobile',NULL,'menu/the-tree',NULL,'2026-05-30 21:27:42','2026-05-30 21:27:42'),(87,5,5,'2026-05-30','2026-05-30 21:29:28','eb014e3135d84527823ca88b18193d651ca075d9f69063b41dda1cca74badf48','c752b5af86db9786f04ab129519af362f3a2b622d4609a2988ee2a48e973f179','5b944a20a308902c82ae33dd6bf256be4346a6cefb255118542c56bb7358892b','mobile',NULL,'menu/the-tree',NULL,'2026-05-30 21:29:28','2026-05-30 21:29:28'),(88,5,5,'2026-05-30','2026-05-30 21:31:00','0bf68ad766576943b4f0f491b412fab29a101c5ae319cd83afef951e25a627de','24a046b014521e8028b0a718cbc446cc13f8c0ffc9e11f75adfb5fecc4782a0f','5b944a20a308902c82ae33dd6bf256be4346a6cefb255118542c56bb7358892b','mobile',NULL,'menu/the-tree',NULL,'2026-05-30 21:31:00','2026-05-30 21:31:00'),(89,5,5,'2026-05-30','2026-05-30 21:37:19','e33b60da252a034d784ae2d3dca2f609ccf7b25d4253300cde720b277b1a8c27','f59ec8294008664ceeca63a2ef8e399cf039391b054a0c82d33730af249fcc2b','be33bdb8c133b37706d09e2ad674dc6a8b42f3f710d04412e01784e2b63e8f7f','mobile',NULL,'menu/the-tree',NULL,'2026-05-30 21:37:19','2026-05-30 21:37:19'),(90,5,5,'2026-05-30','2026-05-30 21:39:02','9853a03c756034d195e9a79a0042be4eeed7b61753659c2a19bbafcc08f778bf','c6ce3da4e1885e0e5bb3290f043c337d80f766350a5951f060b23028eb6f874f','5b944a20a308902c82ae33dd6bf256be4346a6cefb255118542c56bb7358892b','mobile',NULL,'menu/the-tree',NULL,'2026-05-30 21:39:02','2026-05-30 21:39:02'),(91,5,5,'2026-05-30','2026-05-30 21:46:16','dabf43c3f7c853730d8d4c573a6a66ebb56e0bc146ecdd9a366d26150af40607','59390da71c8e065ae2fb7b06592c997d990e95f6407480b0480c1e6af86071ec','4f07689b02337ea9fd648ca07771a80bf36da99fe4f2c34fc09305b34a0c79dd','mobile',NULL,'menu/the-tree',NULL,'2026-05-30 21:46:16','2026-05-30 21:46:16'),(92,5,5,'2026-05-30','2026-05-30 21:46:40','ae25b9234b514f9b908b011c925cb77150244adddf07cd6f79f38f61e556377e','c6ce3da4e1885e0e5bb3290f043c337d80f766350a5951f060b23028eb6f874f','51d2db41331110969b9b983f69be401e8ab854c371a46b3eacb1e9cb6c4a6402','mobile',NULL,'menu/the-tree',NULL,'2026-05-30 21:46:40','2026-05-30 21:46:40'),(93,6,6,'2026-05-30','2026-05-30 21:49:35','15be38f6f64de7fe0e87b24a379b7b0540bf64578433c7077fcabef7de83953e','c6ce3da4e1885e0e5bb3290f043c337d80f766350a5951f060b23028eb6f874f','6663e289815eaebd492b04c10066db057041d634defd381a5a8ca24d8fe5e042','mobile',NULL,'menu/sip-chill',NULL,'2026-05-30 21:49:35','2026-05-30 21:49:35'),(94,6,6,'2026-05-30','2026-05-30 21:49:59','1b1d52f0f1b555bbb2cf34aae1b8e798f36b0abfa9308f8319d6f486a3962203','360f082b6ecf44aea4ceb8f0de739400d3eaa01a26c4e4866e5513f3e818051b','3730b2bac29f211f4ddb7345f694b6ecd327475eb645a2629924a24201879778','mobile',NULL,'menu/sip-chill',NULL,'2026-05-30 21:49:59','2026-05-30 21:49:59'),(95,3,3,'2026-05-30','2026-05-30 21:51:04','0014bb872d90a8237589360927dbb11386f3cd8b8c19ff07ec5cba2ac549e242','d6f255406ee2eaad02e2f4895ca757efe7c41e4dd290a042634ef370ed8d0ed0','555a7905d97d144969217470c1a371e35fc5aff7b08c334df375c73bca943762','desktop','other','menu/el-nerwegy','https://menu.osirix.online/dashboard','2026-05-30 21:51:04','2026-05-30 21:51:04'),(96,3,3,'2026-05-30','2026-05-30 21:51:32','d13fb5946469257aff4e0dbc01c72d8c62d1456750c56c41f6d9d0fa9989a8c5','7d4bcb9ba9366587dbc6ea962e474e3bfc9861c9ce7aa9253c4de865811dcb77','4f07689b02337ea9fd648ca07771a80bf36da99fe4f2c34fc09305b34a0c79dd','mobile',NULL,'menu/el-nerwegy',NULL,'2026-05-30 21:51:32','2026-05-30 21:51:32'),(97,5,5,'2026-05-30','2026-05-30 21:51:39','e1cc4015ec58c7207cfcd333d30f10ed9355621539e102f5697f472ac9b2bd04','c6ce3da4e1885e0e5bb3290f043c337d80f766350a5951f060b23028eb6f874f','4f07689b02337ea9fd648ca07771a80bf36da99fe4f2c34fc09305b34a0c79dd','mobile',NULL,'menu/the-tree',NULL,'2026-05-30 21:51:39','2026-05-30 21:51:39'),(98,5,5,'2026-05-30','2026-05-30 21:51:40','71b9e540756cba5603e9704d5712feccc7533be46fb35cd3129cac1fd3be41e2','40acc542c850bc93167391372154fad1a562737bdb65862636f8392a232243fe','be33bdb8c133b37706d09e2ad674dc6a8b42f3f710d04412e01784e2b63e8f7f','mobile',NULL,'menu/the-tree',NULL,'2026-05-30 21:51:40','2026-05-30 21:51:40'),(99,5,5,'2026-05-30','2026-05-30 21:51:52','67996cc19b4dea8049c317b05e2295e7f8aca5c1a40458bfd5af91a0b10d0b89','7c3ec70223a772873a7e2af1c6720b0c52c21caeb9763f1d06388df7d1ff534e','4f07689b02337ea9fd648ca07771a80bf36da99fe4f2c34fc09305b34a0c79dd','mobile',NULL,'menu/the-tree',NULL,'2026-05-30 21:51:52','2026-05-30 21:51:52'),(100,5,5,'2026-05-30','2026-05-30 21:51:54','680876424dc8d1cf12add3ae17fbf55afa7cbb2eb94e82a2c51cade480d7db91','24a046b014521e8028b0a718cbc446cc13f8c0ffc9e11f75adfb5fecc4782a0f','be33bdb8c133b37706d09e2ad674dc6a8b42f3f710d04412e01784e2b63e8f7f','mobile',NULL,'menu/the-tree',NULL,'2026-05-30 21:51:54','2026-05-30 21:51:54'),(101,5,5,'2026-05-30','2026-05-30 21:52:04','1287965618e899ff9e4f7f8664340d1dd6b4548c3ab00a2d9bcf0965980edba1','a18ba6000ed076ed56334ab7bb01235e2daaa187816ba570a3b363e9a524c421','3730b2bac29f211f4ddb7345f694b6ecd327475eb645a2629924a24201879778','mobile',NULL,'menu/the-tree',NULL,'2026-05-30 21:52:04','2026-05-30 21:52:04'),(102,6,6,'2026-05-30','2026-05-30 21:53:15','8386998929793feffd884059b3267714c807af5fba74d450445846d7d5768bb7','360f082b6ecf44aea4ceb8f0de739400d3eaa01a26c4e4866e5513f3e818051b','6663e289815eaebd492b04c10066db057041d634defd381a5a8ca24d8fe5e042','mobile',NULL,'menu/sip-chill',NULL,'2026-05-30 21:53:15','2026-05-30 21:53:15'),(103,3,3,'2026-05-30','2026-05-30 21:53:42','0798aa887f0cc90076ab51082869431463c2eb477d3bd6af8e0a647d5512f9f2','d6f255406ee2eaad02e2f4895ca757efe7c41e4dd290a042634ef370ed8d0ed0','4f07689b02337ea9fd648ca07771a80bf36da99fe4f2c34fc09305b34a0c79dd','mobile',NULL,'menu/el-nerwegy',NULL,'2026-05-30 21:53:42','2026-05-30 21:53:42'),(104,6,6,'2026-05-30','2026-05-30 21:54:01','68ec419415793e6bbfef579b39d872802878f82f277341fbd04437a6f59bec14','98af743c280bf082e81dca3b5b4ed6f1243b1d931146e8b5b8e336e7cbe30c27','3730b2bac29f211f4ddb7345f694b6ecd327475eb645a2629924a24201879778','mobile',NULL,'menu/sip-chill',NULL,'2026-05-30 21:54:01','2026-05-30 21:54:01'),(105,6,6,'2026-05-30','2026-05-30 21:54:10','703553c588976c3d2b7ce009448e554213d2a9c375d4b9572b9545130e5d0878','d50af95d46173852fb9a0f4336f4694c3e66d570657260a569e38fd77524a0e7','c40e712693d4305f10c129b4365092fa7093747067f49b444fd28568a2a3e9a0','mobile',NULL,'menu/sip-chill',NULL,'2026-05-30 21:54:10','2026-05-30 21:54:10'),(106,6,6,'2026-05-30','2026-05-30 21:54:14','0ccca62aabcd8f01c5b94fad2c3b86c544c70981446e6d06873b12072b8cbdfe','67bcd0606f8c460a1eba2f568b1686ed90011a5e6bd49731fe2a56ac2c1b4b22','c40e712693d4305f10c129b4365092fa7093747067f49b444fd28568a2a3e9a0','mobile',NULL,'menu/sip-chill',NULL,'2026-05-30 21:54:14','2026-05-30 21:54:14'),(107,5,5,'2026-05-30','2026-05-30 21:54:38','bdda7fb81374f7793e84178a55418b2bc36475c47c885e15f5362c9f83cdd11d','51a89ff14197f3222bde99f8996bc9fd8fa21a613940010345305785c46b276f','d17c0b56de740f3f0e02a227235cc4aae826d49e7a55b2f2b8e0c9cf7524013a','mobile',NULL,'menu/the-tree',NULL,'2026-05-30 21:54:38','2026-05-30 21:54:38'),(108,5,5,'2026-05-30','2026-05-30 22:06:08','363a267e9f1c792bc5cb0f2656eb12930cad50a87ff5bd99922a860520e1b34a','59c4e538634b61144ea7fad4b4fc1fee49aa52c3e3bf6e0bbad71715f43a08a8','5b944a20a308902c82ae33dd6bf256be4346a6cefb255118542c56bb7358892b','mobile',NULL,'menu/the-tree',NULL,'2026-05-30 22:06:08','2026-05-30 22:06:08'),(109,6,6,'2026-05-30','2026-05-30 22:08:23','49b6124623feb8cde833c89f3bdb8dcb1dec60a21425e4072ebcde22c6f21cf8','d6f255406ee2eaad02e2f4895ca757efe7c41e4dd290a042634ef370ed8d0ed0','4f07689b02337ea9fd648ca07771a80bf36da99fe4f2c34fc09305b34a0c79dd','mobile',NULL,'menu/sip-chill',NULL,'2026-05-30 22:08:23','2026-05-30 22:08:23'),(110,6,6,'2026-05-30','2026-05-30 22:12:00','8aa98918ad957f96470345c75ac479f4051fdf9814078f4034bb40323a0be23a','98af743c280bf082e81dca3b5b4ed6f1243b1d931146e8b5b8e336e7cbe30c27','4f07689b02337ea9fd648ca07771a80bf36da99fe4f2c34fc09305b34a0c79dd','mobile',NULL,'menu/sip-chill',NULL,'2026-05-30 22:12:00','2026-05-30 22:12:00'),(111,5,5,'2026-05-30','2026-05-30 22:16:35','2e9e5b3d8346f7b1324f871bffd9a29a5f535103102ccd806f09805fae1d714a','d50af95d46173852fb9a0f4336f4694c3e66d570657260a569e38fd77524a0e7','0c7aabe3b9a779bb176131143b38c22ad727e58638bfec27077ec2c58d3fcf52','mobile',NULL,'menu/the-tree',NULL,'2026-05-30 22:16:35','2026-05-30 22:16:35'),(112,5,5,'2026-05-30','2026-05-30 22:17:15','11cb4f4868d20f55a5d92bb46d2830791cb8571a6b1049e2152a60e059b0443d','d6f255406ee2eaad02e2f4895ca757efe7c41e4dd290a042634ef370ed8d0ed0','4f07689b02337ea9fd648ca07771a80bf36da99fe4f2c34fc09305b34a0c79dd','mobile',NULL,'menu/the-tree',NULL,'2026-05-30 22:17:15','2026-05-30 22:17:15'),(113,5,5,'2026-05-30','2026-05-30 22:19:54','1013c5e10e26dcc55699335e217023d9dfed505cb5017650a08f2cf9ac7f8ab7','5c3bed3c8872d03c013857b8f304b0a6e1ce483697da1b4884cad15f13473afd','4f07689b02337ea9fd648ca07771a80bf36da99fe4f2c34fc09305b34a0c79dd','mobile',NULL,'menu/the-tree',NULL,'2026-05-30 22:19:54','2026-05-30 22:19:54'),(114,6,6,'2026-05-30','2026-05-30 22:21:13','80cd72589aa9763bf04509c30a83b5020586c26dd550df462401d6aec3ca111a','7d4bcb9ba9366587dbc6ea962e474e3bfc9861c9ce7aa9253c4de865811dcb77','253c5caec5d96858a8ccc33576dc69d0374885445e96c0dd94b15a2054fc246e','mobile',NULL,'menu/sip-chill',NULL,'2026-05-30 22:21:13','2026-05-30 22:21:13'),(115,6,6,'2026-05-30','2026-05-30 22:24:31','635a02668f241f4b2779504224bc54f7732a703e717549f9fbd964f7aa52c672','ab4df51c537f26d0ed6e1e48deb654cee8088eb7526f4ec16f84cc8f49c44924','6d7f6ce67f8054928c90de25fd1c8461c1b2933d6553bf5c5dafff11404bc97e','mobile',NULL,'menu/sip-chill',NULL,'2026-05-30 22:24:31','2026-05-30 22:24:31'),(116,6,6,'2026-05-30','2026-05-30 22:26:18','7736c30c904246b83c59c51151ce71787506944138873592fc5d98bab41c8a6a','d50af95d46173852fb9a0f4336f4694c3e66d570657260a569e38fd77524a0e7','4f07689b02337ea9fd648ca07771a80bf36da99fe4f2c34fc09305b34a0c79dd','mobile',NULL,'menu/sip-chill',NULL,'2026-05-30 22:26:18','2026-05-30 22:26:18'),(117,6,6,'2026-05-30','2026-05-30 22:26:39','f04a8176f5e23853724733eb12e67bc207e0fe60f6066c298e98781e29a4c907','6405811eb8b552baa14f295456c4224d4e2fa755533b36d408ce2100857fe4e0','4f07689b02337ea9fd648ca07771a80bf36da99fe4f2c34fc09305b34a0c79dd','mobile',NULL,'menu/sip-chill',NULL,'2026-05-30 22:26:39','2026-05-30 22:26:39'),(118,6,6,'2026-05-30','2026-05-30 22:26:56','0e05c33ba72f0802105558e3da9aa8d9638168f2899d72c18cd6d505feb09b17','d50af95d46173852fb9a0f4336f4694c3e66d570657260a569e38fd77524a0e7','4f07689b02337ea9fd648ca07771a80bf36da99fe4f2c34fc09305b34a0c79dd','mobile',NULL,'menu/sip-chill',NULL,'2026-05-30 22:26:56','2026-05-30 22:26:56'),(119,6,6,'2026-05-30','2026-05-30 22:27:17','f0ba525623166cf7b61563e1fd45debbb892928ec0a73a1b4ebefa645e5706b3','98af743c280bf082e81dca3b5b4ed6f1243b1d931146e8b5b8e336e7cbe30c27','4f07689b02337ea9fd648ca07771a80bf36da99fe4f2c34fc09305b34a0c79dd','mobile',NULL,'menu/sip-chill',NULL,'2026-05-30 22:27:17','2026-05-30 22:27:17'),(120,6,6,'2026-05-30','2026-05-30 22:27:42','207dee88081403bfcf12543d75d729523720951e7c61c7a29c7570dc5fe1e7fb','8d4ffd6c351d3f976d6125fd26d689a20f6a951e819bc006ec4b805d92a406f5','d39420a7af5e59d716c7a10e5391afdfca547e358aa5bea38171bf8d5a138cfc','mobile',NULL,'menu/sip-chill',NULL,'2026-05-30 22:27:42','2026-05-30 22:27:42'),(121,6,6,'2026-05-30','2026-05-30 22:28:23','6c59eb75bedee85aca59e1d0a04c6aee013aed6f75ca97b290d800a44f8306dc','59390da71c8e065ae2fb7b06592c997d990e95f6407480b0480c1e6af86071ec','faf0833e8c7e7960b426cb866f5de81a9ad7b47e6437257a4be3e8ca28c4a198','mobile',NULL,'menu/sip-chill',NULL,'2026-05-30 22:28:23','2026-05-30 22:28:23'),(122,5,5,'2026-05-30','2026-05-30 22:30:57','8adce233d6b8767960316ce6b79cde7044876b1cf2b3852ee049f695f7b2d381','b7d92ed6166584dc3d85fd9dc348220a703123f01f4ce49d64e1820669f09de7','4f07689b02337ea9fd648ca07771a80bf36da99fe4f2c34fc09305b34a0c79dd','mobile',NULL,'menu/the-tree',NULL,'2026-05-30 22:30:57','2026-05-30 22:30:57'),(123,6,6,'2026-05-30','2026-05-30 22:32:54','1a031377a6986b8ef8b79fc7a7a2487b796799ac2be1a560e981c31f70fd0d62','59390da71c8e065ae2fb7b06592c997d990e95f6407480b0480c1e6af86071ec','be33bdb8c133b37706d09e2ad674dc6a8b42f3f710d04412e01784e2b63e8f7f','mobile',NULL,'menu/sip-chill',NULL,'2026-05-30 22:32:54','2026-05-30 22:32:54'),(124,8,8,'2026-05-30','2026-05-30 22:33:09','a81e73636a9029997be547e97201a6c18c3a7e137770536834cd69afe429c712','f59ec8294008664ceeca63a2ef8e399cf039391b054a0c82d33730af249fcc2b','1d181dafeae817494c2742e4c3e7da253dd10ad9f47feae5166474a05c26fceb','mobile',NULL,'menu/ng',NULL,'2026-05-30 22:33:09','2026-05-30 22:33:09'),(125,5,5,'2026-05-30','2026-05-30 22:33:48','e8a46a98c5cd43aae1762e86e2934caab027891784385bb8ca07143628dbf268','98af743c280bf082e81dca3b5b4ed6f1243b1d931146e8b5b8e336e7cbe30c27','a5c05b8d55813f46aa774425956b24eaf5345b2dc65feefcc62a29754b34c7ec','mobile',NULL,'menu/the-tree',NULL,'2026-05-30 22:33:48','2026-05-30 22:33:48'),(126,5,5,'2026-05-30','2026-05-30 22:42:45','24c61339de0c1775310348b018a67849b7eada07e627fdfe95991bd245570131','7d4bcb9ba9366587dbc6ea962e474e3bfc9861c9ce7aa9253c4de865811dcb77','5b944a20a308902c82ae33dd6bf256be4346a6cefb255118542c56bb7358892b','mobile',NULL,'menu/the-tree',NULL,'2026-05-30 22:42:45','2026-05-30 22:42:45'),(127,6,6,'2026-05-30','2026-05-30 22:47:32','47668a3b869d93924f728413ab65b24c2c28a7da1407262875d8e52e5be468cb','360f082b6ecf44aea4ceb8f0de739400d3eaa01a26c4e4866e5513f3e818051b','5b944a20a308902c82ae33dd6bf256be4346a6cefb255118542c56bb7358892b','mobile',NULL,'menu/sip-chill',NULL,'2026-05-30 22:47:32','2026-05-30 22:47:32'),(128,8,8,'2026-05-30','2026-05-30 22:47:35','008754746076d812c76388bf39cb16696259d84357d06cad3c0bced11019e0ff','5c3bed3c8872d03c013857b8f304b0a6e1ce483697da1b4884cad15f13473afd','6f70cced15460d04ca9847e12b558a4288872053173ccc2a9ac625d0da5e71df','desktop','other','menu/ng','https://menu.osirix.online/dashboard','2026-05-30 22:47:35','2026-05-30 22:47:35'),(129,5,5,'2026-05-30','2026-05-30 22:47:53','6055307e972a62e9f413bfd01301d12acd9b731d6b7a4d3c05cd2ff323ac09c2','7d4bcb9ba9366587dbc6ea962e474e3bfc9861c9ce7aa9253c4de865811dcb77','4f07689b02337ea9fd648ca07771a80bf36da99fe4f2c34fc09305b34a0c79dd','mobile',NULL,'menu/the-tree',NULL,'2026-05-30 22:47:53','2026-05-30 22:47:53'),(130,5,5,'2026-05-30','2026-05-30 22:47:54','f6f6eb1ecd2ba8bcfffbae218927938ef6ec3fbb950d62792dbe068fd289fd35','24a046b014521e8028b0a718cbc446cc13f8c0ffc9e11f75adfb5fecc4782a0f','be33bdb8c133b37706d09e2ad674dc6a8b42f3f710d04412e01784e2b63e8f7f','mobile',NULL,'menu/the-tree',NULL,'2026-05-30 22:47:54','2026-05-30 22:47:54'),(131,5,5,'2026-05-30','2026-05-30 22:48:56','9d873d57e6e838da2647bdbf6c2458c554df6ee94b8d540839b0cd7d0057b756','e25cfa5399131ef073684c81b16ebed7db4a4400f0d10029e3b78d06abae9876','6ad6adc15f502539b07e7d40bda4a3ca814bf575df3d723c213c29688720bf7e','mobile',NULL,'menu/the-tree',NULL,'2026-05-30 22:48:56','2026-05-30 22:48:56'),(132,3,3,'2026-05-30','2026-05-30 22:52:26','148e24a15a1ef634785440cfd33976703298d56a0b06bbf392e924ebf05ac50c','e718d9a4962d29dd322c70cfe652525a381193738809f67440b1f3f7019246cb','4f07689b02337ea9fd648ca07771a80bf36da99fe4f2c34fc09305b34a0c79dd','mobile',NULL,'menu/el-nerwegy',NULL,'2026-05-30 22:52:26','2026-05-30 22:52:26'),(133,3,3,'2026-05-30','2026-05-30 22:52:31','15917544944d52d0df3743e5473d08df0821af8d974bf33bedb7610763e55153','3911443af120a085f56f519abe02f1ad17d73f0f1659eacc5df4be09a09adf2c','b1bcb91ae617fbfd965781b92aec2b9941c757bfed753eb04e50b2b2895b42f2','mobile',NULL,'menu/el-nerwegy',NULL,'2026-05-30 22:52:31','2026-05-30 22:52:31'),(134,3,3,'2026-05-30','2026-05-30 22:52:32','430bf24199347b690e273b509058204d7ee33c9a2861eca05a24b9a1dca3aa8f','f00b4a43c0ce9c27a76ff082dfed152bb9c6519542f07e4ea48aa5df98d0bb76','b1bcb91ae617fbfd965781b92aec2b9941c757bfed753eb04e50b2b2895b42f2','mobile',NULL,'menu/el-nerwegy',NULL,'2026-05-30 22:52:32','2026-05-30 22:52:32'),(135,3,3,'2026-05-30','2026-05-30 22:52:33','7fa46ab6d9c6719c198b34b96e39e3d256474e95783207423d9b697c376a65be','01b5b4178ee7ef7d4381585598820a5072b97472a16f2b47ee89087e6e4e85d6','b1bcb91ae617fbfd965781b92aec2b9941c757bfed753eb04e50b2b2895b42f2','mobile',NULL,'menu/el-nerwegy',NULL,'2026-05-30 22:52:33','2026-05-30 22:52:33'),(136,3,3,'2026-05-30','2026-05-30 22:55:22','69d0d41d8323da365da437e9b8fdaae4d1e58d06ad03737b7aa07bd3b2b74cfe','f59ec8294008664ceeca63a2ef8e399cf039391b054a0c82d33730af249fcc2b','4f07689b02337ea9fd648ca07771a80bf36da99fe4f2c34fc09305b34a0c79dd','mobile',NULL,'menu/el-nerwegy',NULL,'2026-05-30 22:55:22','2026-05-30 22:55:22'),(137,5,5,'2026-05-30','2026-05-30 22:58:30','79f552c04746ee413efff4f1c08d7a0bb03030d928ee01e89f30810b180d343d','360f082b6ecf44aea4ceb8f0de739400d3eaa01a26c4e4866e5513f3e818051b','4f07689b02337ea9fd648ca07771a80bf36da99fe4f2c34fc09305b34a0c79dd','mobile','google','menu/the-tree','android-app://com.google.android.googlequicksearchbox/','2026-05-30 22:58:30','2026-05-30 22:58:30'),(138,6,6,'2026-05-30','2026-05-30 23:01:04','752ed95e33b33fc5a398903997931f08f9ab752be39e5e035ec176eefc235855','a3267c5e6ea60b19b2ae16615d374f00cbde264b106b1379e7591e982ff1e78c','4f07689b02337ea9fd648ca07771a80bf36da99fe4f2c34fc09305b34a0c79dd','mobile',NULL,'menu/sip-chill',NULL,'2026-05-30 23:01:04','2026-05-30 23:01:04'),(139,6,6,'2026-05-30','2026-05-30 23:02:52','e1cc4015ec58c7207cfcd333d30f10ed9355621539e102f5697f472ac9b2bd04','c6ce3da4e1885e0e5bb3290f043c337d80f766350a5951f060b23028eb6f874f','4f07689b02337ea9fd648ca07771a80bf36da99fe4f2c34fc09305b34a0c79dd','mobile',NULL,'menu/sip-chill',NULL,'2026-05-30 23:02:52','2026-05-30 23:02:52'),(140,6,6,'2026-05-30','2026-05-30 23:02:54','de9803e9870ccc690a0bd924df889eda09aa626c3fb236bff9f29f4723b51757','65c3a02345f6d233debd27663b2ac762c9164b2594dad9da8ff82c7a392b2aff','b1bcb91ae617fbfd965781b92aec2b9941c757bfed753eb04e50b2b2895b42f2','mobile',NULL,'menu/sip-chill',NULL,'2026-05-30 23:02:54','2026-05-30 23:02:54'),(141,6,6,'2026-05-30','2026-05-30 23:02:56','afa0b92e92c4980477efb94004f6814951ef0c7447b497fc575bd18b02d4cadb','8211a42e7a08d1a137e82925d4751ec8e2d3ce343e8487d66ffa0753be1ba58b','b1bcb91ae617fbfd965781b92aec2b9941c757bfed753eb04e50b2b2895b42f2','mobile',NULL,'menu/sip-chill',NULL,'2026-05-30 23:02:56','2026-05-30 23:02:56'),(142,6,6,'2026-05-30','2026-05-30 23:02:56','d6d6633b78e693f50a4ea81291273d00ff9c00c9b984b6881d6efb5114d1b1eb','16b5289b07a7067d6760369e5fba184e0ef5527917114ced34d10f9e20735753','b1bcb91ae617fbfd965781b92aec2b9941c757bfed753eb04e50b2b2895b42f2','mobile',NULL,'menu/sip-chill',NULL,'2026-05-30 23:02:56','2026-05-30 23:02:56'),(143,3,3,'2026-05-30','2026-05-30 23:08:21','549a350081c760d436c12db6b946b7a06daa77959954be3612b35db934242116','f59ec8294008664ceeca63a2ef8e399cf039391b054a0c82d33730af249fcc2b','6f70cced15460d04ca9847e12b558a4288872053173ccc2a9ac625d0da5e71df','desktop',NULL,'menu/el-nerwegy',NULL,'2026-05-30 23:08:21','2026-05-30 23:08:21'),(144,6,6,'2026-05-30','2026-05-30 23:08:22','d52da0b921ba3405e457fae0ba82f6fe6cda2ea5e44909536a03624502204fb2','98af743c280bf082e81dca3b5b4ed6f1243b1d931146e8b5b8e336e7cbe30c27','be33bdb8c133b37706d09e2ad674dc6a8b42f3f710d04412e01784e2b63e8f7f','mobile',NULL,'menu/sip-chill',NULL,'2026-05-30 23:08:22','2026-05-30 23:08:22'),(145,3,3,'2026-05-30','2026-05-30 23:08:30','c066ba3b3d60b2d920ee610d5eaae7af602581955a3b714c15f3d23293f4bad3','e718d9a4962d29dd322c70cfe652525a381193738809f67440b1f3f7019246cb','6f70cced15460d04ca9847e12b558a4288872053173ccc2a9ac625d0da5e71df','desktop',NULL,'menu/el-nerwegy',NULL,'2026-05-30 23:08:30','2026-05-30 23:08:30'),(146,5,5,'2026-05-30','2026-05-30 23:08:46','549a350081c760d436c12db6b946b7a06daa77959954be3612b35db934242116','f59ec8294008664ceeca63a2ef8e399cf039391b054a0c82d33730af249fcc2b','6f70cced15460d04ca9847e12b558a4288872053173ccc2a9ac625d0da5e71df','desktop',NULL,'menu/the-tree',NULL,'2026-05-30 23:08:46','2026-05-30 23:08:46'),(147,5,5,'2026-05-30','2026-05-30 23:08:59','0cad19fc28fd3033dc792cd6e529458bde576bacab4b192822e8aac30e0b2d71','59390da71c8e065ae2fb7b06592c997d990e95f6407480b0480c1e6af86071ec','4f07689b02337ea9fd648ca07771a80bf36da99fe4f2c34fc09305b34a0c79dd','mobile','google','menu/the-tree','android-app://com.google.android.googlequicksearchbox/','2026-05-30 23:08:59','2026-05-30 23:08:59'),(148,5,5,'2026-05-30','2026-05-30 23:10:13','c066ba3b3d60b2d920ee610d5eaae7af602581955a3b714c15f3d23293f4bad3','e718d9a4962d29dd322c70cfe652525a381193738809f67440b1f3f7019246cb','6f70cced15460d04ca9847e12b558a4288872053173ccc2a9ac625d0da5e71df','desktop',NULL,'menu/the-tree',NULL,'2026-05-30 23:10:13','2026-05-30 23:10:13'),(149,6,6,'2026-05-30','2026-05-30 23:12:56','0ed59aa74fb226ba26076e923d9138df81d7d0d997f2f72f25f5cecd5157eee4','e718d9a4962d29dd322c70cfe652525a381193738809f67440b1f3f7019246cb','79b113808bfda2f6943410f9d73facc07ecc55546aa9c3907bdcf3c887c5271e','mobile',NULL,'menu/sip-chill',NULL,'2026-05-30 23:12:56','2026-05-30 23:12:56'),(150,5,5,'2026-05-30','2026-05-30 23:13:29','5248debb0cc89feea46d86078704b0becc6baa0ec565c3fea05d3f6e81af3211','f59ec8294008664ceeca63a2ef8e399cf039391b054a0c82d33730af249fcc2b','146737d73ccfc7a59b29351985d574ec8ad04ccc48d2b700ac175e5c52388f14','mobile',NULL,'menu/the-tree',NULL,'2026-05-30 23:13:29','2026-05-30 23:13:29'),(151,3,3,'2026-05-30','2026-05-30 23:14:34','de7e427985e8626d3ef839fbe8c316096fd50e7690f734c01d6564f04e63cd7a','e25cfa5399131ef073684c81b16ebed7db4a4400f0d10029e3b78d06abae9876','6f70cced15460d04ca9847e12b558a4288872053173ccc2a9ac625d0da5e71df','desktop',NULL,'menu/el-nerwegy',NULL,'2026-05-30 23:14:34','2026-05-30 23:14:34'),(152,5,5,'2026-05-30','2026-05-30 23:15:12','de7e427985e8626d3ef839fbe8c316096fd50e7690f734c01d6564f04e63cd7a','e25cfa5399131ef073684c81b16ebed7db4a4400f0d10029e3b78d06abae9876','6f70cced15460d04ca9847e12b558a4288872053173ccc2a9ac625d0da5e71df','desktop',NULL,'menu/the-tree',NULL,'2026-05-30 23:15:12','2026-05-30 23:15:12'),(153,5,5,'2026-05-30','2026-05-30 23:16:00','160a9992897871a5861f2285e98f723d576ff576740c1da224d125f0e801f821','24a046b014521e8028b0a718cbc446cc13f8c0ffc9e11f75adfb5fecc4782a0f','b05bdf613a2e3cda06c07976a7b2270d63382564709cb74b7003a23632bd5b66','mobile',NULL,'menu/the-tree',NULL,'2026-05-30 23:16:00','2026-05-30 23:16:00'),(154,8,8,'2026-05-30','2026-05-30 23:16:12','76b736aedbccbe06b7fb3981d8ab4411e8437f591e446e233feac3a1a7466946','51a89ff14197f3222bde99f8996bc9fd8fa21a613940010345305785c46b276f','6f70cced15460d04ca9847e12b558a4288872053173ccc2a9ac625d0da5e71df','desktop',NULL,'menu/ng',NULL,'2026-05-30 23:16:12','2026-05-30 23:16:12'),(155,5,5,'2026-05-30','2026-05-30 23:17:21','abb0decdfe0b951763eaeba0a58a5af3b74cf53a576a58e4cb20b5a82fc084b1','f59ec8294008664ceeca63a2ef8e399cf039391b054a0c82d33730af249fcc2b','4f07689b02337ea9fd648ca07771a80bf36da99fe4f2c34fc09305b34a0c79dd','mobile',NULL,'menu/the-tree',NULL,'2026-05-30 23:17:21','2026-05-30 23:17:21'),(156,5,5,'2026-05-30','2026-05-30 23:17:33','5eaaa668d81cd2ee0fca7eb63078b4e6e4b084662cd25421bc1d4c948e8e9044','360f082b6ecf44aea4ceb8f0de739400d3eaa01a26c4e4866e5513f3e818051b','b05bdf613a2e3cda06c07976a7b2270d63382564709cb74b7003a23632bd5b66','mobile',NULL,'menu/the-tree',NULL,'2026-05-30 23:17:33','2026-05-30 23:17:33'),(157,8,8,'2026-05-30','2026-05-30 23:18:43','549a350081c760d436c12db6b946b7a06daa77959954be3612b35db934242116','f59ec8294008664ceeca63a2ef8e399cf039391b054a0c82d33730af249fcc2b','6f70cced15460d04ca9847e12b558a4288872053173ccc2a9ac625d0da5e71df','desktop',NULL,'menu/ng',NULL,'2026-05-30 23:18:43','2026-05-30 23:18:43'),(158,5,5,'2026-05-30','2026-05-30 23:21:37','71caabb0f2f2e09880cab8b6688dc0096de7a37f79ba000d0f18adfed38ca88a','95313d1bd53f4a263eb6e0b11e7c60c1622ed1fbc8687188668422723f2787d0','6f70cced15460d04ca9847e12b558a4288872053173ccc2a9ac625d0da5e71df','desktop',NULL,'menu/the-tree',NULL,'2026-05-30 23:21:37','2026-05-30 23:21:37'),(159,6,6,'2026-05-30','2026-05-30 23:23:13','99710e91025d37e530615b4b7bcec62cd40115ee0d0651170a0353ec3dbd2d5d','7d4bcb9ba9366587dbc6ea962e474e3bfc9861c9ce7aa9253c4de865811dcb77','79b113808bfda2f6943410f9d73facc07ecc55546aa9c3907bdcf3c887c5271e','mobile',NULL,'menu/sip-chill',NULL,'2026-05-30 23:23:13','2026-05-30 23:23:13'),(160,6,6,'2026-05-30','2026-05-30 23:24:13','54ecea7a5c22fb77b322062bd707c4afec8d8d05d6ff3454758c5112a18b9854','e718d9a4962d29dd322c70cfe652525a381193738809f67440b1f3f7019246cb','4f07689b02337ea9fd648ca07771a80bf36da99fe4f2c34fc09305b34a0c79dd','mobile',NULL,'menu/sip-chill',NULL,'2026-05-30 23:24:13','2026-05-30 23:24:13'),(161,6,6,'2026-05-30','2026-05-30 23:25:56','70a73a171441b73a3995ff5b8c7cba1e4e8bc49f8f3ec4df31abe4a284e74b70','f59ec8294008664ceeca63a2ef8e399cf039391b054a0c82d33730af249fcc2b','be33bdb8c133b37706d09e2ad674dc6a8b42f3f710d04412e01784e2b63e8f7f','mobile',NULL,'menu/sip-chill',NULL,'2026-05-30 23:25:56','2026-05-30 23:25:56'),(162,5,5,'2026-05-30','2026-05-30 23:26:54','9853a03c756034d195e9a79a0042be4eeed7b61753659c2a19bbafcc08f778bf','c6ce3da4e1885e0e5bb3290f043c337d80f766350a5951f060b23028eb6f874f','5b944a20a308902c82ae33dd6bf256be4346a6cefb255118542c56bb7358892b','mobile',NULL,'menu/the-tree',NULL,'2026-05-30 23:26:54','2026-05-30 23:26:54'),(163,8,8,'2026-05-30','2026-05-30 23:27:37','b75d5c5d58f593994cfff64749e05feec434507e10c9620494b5fa822ab5072b','5c3bed3c8872d03c013857b8f304b0a6e1ce483697da1b4884cad15f13473afd','6ad6adc15f502539b07e7d40bda4a3ca814bf575df3d723c213c29688720bf7e','mobile',NULL,'menu/ng',NULL,'2026-05-30 23:27:37','2026-05-30 23:27:37'),(164,5,5,'2026-05-30','2026-05-30 23:27:59','ecc2e898e454ec7f43494cf0f4f622ccd10d36ca3e73ae1c410ecfef2f384c25','e25cfa5399131ef073684c81b16ebed7db4a4400f0d10029e3b78d06abae9876','02501f99097ee12796367451669e25eccd0368bee389e8e1903d286ebb1fa55d','mobile',NULL,'menu/the-tree',NULL,'2026-05-30 23:27:59','2026-05-30 23:27:59'),(165,6,6,'2026-05-30','2026-05-30 23:31:47','148e24a15a1ef634785440cfd33976703298d56a0b06bbf392e924ebf05ac50c','e718d9a4962d29dd322c70cfe652525a381193738809f67440b1f3f7019246cb','4f07689b02337ea9fd648ca07771a80bf36da99fe4f2c34fc09305b34a0c79dd','mobile',NULL,'menu/sip-chill',NULL,'2026-05-30 23:31:47','2026-05-30 23:31:47'),(166,3,3,'2026-05-30','2026-05-30 23:32:04','0ad2b902e17f676fabe8dacbc5ea24ea286bae6c8f1b08aa6850360cb8392886','e25cfa5399131ef073684c81b16ebed7db4a4400f0d10029e3b78d06abae9876','5274011215b9214056c4a66e299f73e9bf3913bf45f1600b7f190fd71c701dec','mobile',NULL,'menu/el-nerwegy',NULL,'2026-05-30 23:32:04','2026-05-30 23:32:04'),(167,5,5,'2026-05-30','2026-05-30 23:33:10','21955657e75834580ba053587b3044929e760c4aec19bcbfe1f75f843d2125b4','5c3bed3c8872d03c013857b8f304b0a6e1ce483697da1b4884cad15f13473afd','02501f99097ee12796367451669e25eccd0368bee389e8e1903d286ebb1fa55d','mobile',NULL,'menu/the-tree',NULL,'2026-05-30 23:33:10','2026-05-30 23:33:10'),(168,6,6,'2026-05-30','2026-05-30 23:35:32','bcfe970fb8ad68d8ed930e14d71a83800c68122173ffacccdceea5b7c4ac2bb8','95313d1bd53f4a263eb6e0b11e7c60c1622ed1fbc8687188668422723f2787d0','4f07689b02337ea9fd648ca07771a80bf36da99fe4f2c34fc09305b34a0c79dd','mobile',NULL,'menu/sip-chill',NULL,'2026-05-30 23:35:32','2026-05-30 23:35:32'),(169,6,6,'2026-05-30','2026-05-30 23:35:59','ee3b14e849a77ce65605f17afa10e17b7cb5cbb80f4fff0a041731e2c7e2c9ec','7d4bcb9ba9366587dbc6ea962e474e3bfc9861c9ce7aa9253c4de865811dcb77','be33bdb8c133b37706d09e2ad674dc6a8b42f3f710d04412e01784e2b63e8f7f','mobile',NULL,'menu/sip-chill',NULL,'2026-05-30 23:35:59','2026-05-30 23:35:59'),(170,5,5,'2026-05-30','2026-05-30 23:40:51','0ba03eab7253257641663800ebc1dce701f40d7c6fcc382a25d0d3c1d8638ddd','95313d1bd53f4a263eb6e0b11e7c60c1622ed1fbc8687188668422723f2787d0','5b944a20a308902c82ae33dd6bf256be4346a6cefb255118542c56bb7358892b','mobile',NULL,'menu/the-tree',NULL,'2026-05-30 23:40:51','2026-05-30 23:40:51'),(171,6,6,'2026-05-30','2026-05-30 23:41:15','bf9e5449c8365ab016e1b69367e69f6fa6187c7576132fe45f96ca3e4ccb9d5e','7d4bcb9ba9366587dbc6ea962e474e3bfc9861c9ce7aa9253c4de865811dcb77','4f07689b02337ea9fd648ca07771a80bf36da99fe4f2c34fc09305b34a0c79dd','mobile',NULL,'menu/sip-chill',NULL,'2026-05-30 23:41:15','2026-05-30 23:41:15'),(172,6,6,'2026-05-30','2026-05-30 23:41:29','dba76a8c60d907d1838d991168bb51eaafa0bca8a9aa30eb0c6add2157006be3','95313d1bd53f4a263eb6e0b11e7c60c1622ed1fbc8687188668422723f2787d0','be33bdb8c133b37706d09e2ad674dc6a8b42f3f710d04412e01784e2b63e8f7f','mobile',NULL,'menu/sip-chill',NULL,'2026-05-30 23:41:29','2026-05-30 23:41:29'),(173,6,6,'2026-05-30','2026-05-30 23:41:38','74dd147df50d37ea47ae44a55c2ba9dcdd04e2729cf1ad7c99571f1a4e37284a','c6ce3da4e1885e0e5bb3290f043c337d80f766350a5951f060b23028eb6f874f','79b113808bfda2f6943410f9d73facc07ecc55546aa9c3907bdcf3c887c5271e','mobile',NULL,'menu/sip-chill',NULL,'2026-05-30 23:41:38','2026-05-30 23:41:38'),(174,6,6,'2026-05-30','2026-05-30 23:41:43','2204b59cd4d2dfac134cb483fe80627ed3c6f45f92d275a112bc5d75270779f1','f59ec8294008664ceeca63a2ef8e399cf039391b054a0c82d33730af249fcc2b','b6afd50cd91b2725b0c33edd51c2520032db4898a020d1dcf8f37217befbd047','mobile',NULL,'menu/sip-chill',NULL,'2026-05-30 23:41:43','2026-05-30 23:41:43'),(175,5,5,'2026-05-30','2026-05-30 23:41:52','b246b859ed7f241143a28f51b88cb0799fd56771177180af080f8bbd51e095c1','360f082b6ecf44aea4ceb8f0de739400d3eaa01a26c4e4866e5513f3e818051b','4f07689b02337ea9fd648ca07771a80bf36da99fe4f2c34fc09305b34a0c79dd','mobile',NULL,'menu/the-tree',NULL,'2026-05-30 23:41:52','2026-05-30 23:41:52'),(176,6,6,'2026-05-30','2026-05-30 23:42:35','ef96c1913cdb6fee705ff027f0bea90b98db192c8abf9dda95adaa33c96724a9','51a89ff14197f3222bde99f8996bc9fd8fa21a613940010345305785c46b276f','4f07689b02337ea9fd648ca07771a80bf36da99fe4f2c34fc09305b34a0c79dd','mobile','google','menu/sip-chill','android-app://com.google.android.googlequicksearchbox/','2026-05-30 23:42:35','2026-05-30 23:42:35'),(177,6,6,'2026-05-30','2026-05-30 23:43:10','2bfd425ae12c3971944a682ffb86ede97b3981ff832f90d658429b98004b319e','d6f255406ee2eaad02e2f4895ca757efe7c41e4dd290a042634ef370ed8d0ed0','0c7aabe3b9a779bb176131143b38c22ad727e58638bfec27077ec2c58d3fcf52','mobile',NULL,'menu/sip-chill',NULL,'2026-05-30 23:43:10','2026-05-30 23:43:10'),(178,8,8,'2026-05-30','2026-05-30 23:45:05','9a78a212141f9497bdc3e30e9d997c30f3664c97f07c8040579e1e765f59907f','e718d9a4962d29dd322c70cfe652525a381193738809f67440b1f3f7019246cb','be33bdb8c133b37706d09e2ad674dc6a8b42f3f710d04412e01784e2b63e8f7f','mobile',NULL,'menu/ng',NULL,'2026-05-30 23:45:05','2026-05-30 23:45:05'),(179,8,8,'2026-05-30','2026-05-30 23:45:15','216096efa81d7d35e40e25d72b78afdcdf582009ace013524bf4d34fa7a7aeb5','e718d9a4962d29dd322c70cfe652525a381193738809f67440b1f3f7019246cb','6d7f6ce67f8054928c90de25fd1c8461c1b2933d6553bf5c5dafff11404bc97e','mobile',NULL,'menu/ng',NULL,'2026-05-30 23:45:16','2026-05-30 23:45:16'),(180,5,5,'2026-05-30','2026-05-30 23:45:59','0407b0853c25231daec3c5aeab9b6ed6557470876f24a43ade0ae363fffe3a1d','5c3bed3c8872d03c013857b8f304b0a6e1ce483697da1b4884cad15f13473afd','555a7905d97d144969217470c1a371e35fc5aff7b08c334df375c73bca943762','desktop',NULL,'menu/the-tree',NULL,'2026-05-30 23:45:59','2026-05-30 23:45:59'),(181,6,6,'2026-05-30','2026-05-30 23:46:22','9ac2334f943166ecee2b9376d89a3204217506e7c5b171e765611b08442f7219','360f082b6ecf44aea4ceb8f0de739400d3eaa01a26c4e4866e5513f3e818051b','73965d28ee2917be6b6231e7adcec2d969d1533d4222368e47d2de2ad901177a','mobile',NULL,'menu/sip-chill',NULL,'2026-05-30 23:46:22','2026-05-30 23:46:22'),(182,5,5,'2026-05-30','2026-05-30 23:47:40','164c400bba17be9180b62601957813f5a3a2539bf693375c5d8916f815ea14d9','f59ec8294008664ceeca63a2ef8e399cf039391b054a0c82d33730af249fcc2b','02501f99097ee12796367451669e25eccd0368bee389e8e1903d286ebb1fa55d','mobile',NULL,'menu/the-tree',NULL,'2026-05-30 23:47:40','2026-05-30 23:47:40'),(183,5,5,'2026-05-30','2026-05-30 23:48:03','decbbd999cc538c19c8a27f195aa0002fcfe16711c60d03e939093f832318e9e','95313d1bd53f4a263eb6e0b11e7c60c1622ed1fbc8687188668422723f2787d0','4f07689b02337ea9fd648ca07771a80bf36da99fe4f2c34fc09305b34a0c79dd','mobile','google','menu/the-tree','android-app://com.google.android.googlequicksearchbox/','2026-05-30 23:48:03','2026-05-30 23:48:03'),(184,5,5,'2026-05-30','2026-05-30 23:48:34','c47b586393d4811a7c7b0bddec3ea88b5cb801283751f8f4da342159f9b5840b','95313d1bd53f4a263eb6e0b11e7c60c1622ed1fbc8687188668422723f2787d0','555a7905d97d144969217470c1a371e35fc5aff7b08c334df375c73bca943762','desktop',NULL,'menu/the-tree',NULL,'2026-05-30 23:48:34','2026-05-30 23:48:34'),(185,5,5,'2026-05-30','2026-05-30 23:48:41','8b963a324e8992d8f99515be8c640a6f23e55c0500380bd0ab2c21c1d5df4519','360f082b6ecf44aea4ceb8f0de739400d3eaa01a26c4e4866e5513f3e818051b','5afbd1f0bba93f957cedca70eb4c6223e92b11b93353d142c3466995c6f4c1b8','mobile',NULL,'menu/the-tree',NULL,'2026-05-30 23:48:41','2026-05-30 23:48:41'),(186,8,8,'2026-05-30','2026-05-30 23:49:04','3c5bdf022ca83ddc8ad207ea9638d5846f79bab677f5348b61077844756cf586','7d4bcb9ba9366587dbc6ea962e474e3bfc9861c9ce7aa9253c4de865811dcb77','6f70cced15460d04ca9847e12b558a4288872053173ccc2a9ac625d0da5e71df','desktop',NULL,'menu/ng',NULL,'2026-05-30 23:49:04','2026-05-30 23:49:04'),(187,5,5,'2026-05-30','2026-05-30 23:50:53','481942b879894aebef573565a8957f8937c3015d03453a5eff1f148d0c2220ca','e718d9a4962d29dd322c70cfe652525a381193738809f67440b1f3f7019246cb','d2f65a8f8bbcc5e74d7fa4aaffb0fc04a9e9523ec3d64352dd4a193e9ab915b7','mobile',NULL,'menu/the-tree',NULL,'2026-05-30 23:50:54','2026-05-30 23:50:54'),(188,6,6,'2026-05-30','2026-05-30 23:50:55','adc89175d4101dd6d80b815b4f8bdb23165cf570579dc3d5d5949a24e5bf7ed7','5c3bed3c8872d03c013857b8f304b0a6e1ce483697da1b4884cad15f13473afd','02501f99097ee12796367451669e25eccd0368bee389e8e1903d286ebb1fa55d','mobile',NULL,'menu/sip-chill',NULL,'2026-05-30 23:50:55','2026-05-30 23:50:55'),(189,6,6,'2026-05-30','2026-05-30 23:51:18','3a37a24a96f00434f4a4e0def568afe5cb0a8db5024e4009ac4417d28583b9e0','4b9ac360cf047b7befd5b11b709816179ada80d4b0bf843adb0c646740a9703e','4f07689b02337ea9fd648ca07771a80bf36da99fe4f2c34fc09305b34a0c79dd','mobile',NULL,'menu/sip-chill',NULL,'2026-05-30 23:51:18','2026-05-30 23:51:18'),(190,5,5,'2026-05-30','2026-05-30 23:52:24','11e2161ce0a69162fc834e35a154039c12cbde4706042c4866cd45214fb46463','d6f255406ee2eaad02e2f4895ca757efe7c41e4dd290a042634ef370ed8d0ed0','555a7905d97d144969217470c1a371e35fc5aff7b08c334df375c73bca943762','desktop',NULL,'menu/the-tree',NULL,'2026-05-30 23:52:24','2026-05-30 23:52:24'),(191,5,5,'2026-05-30','2026-05-30 23:52:29','72d0f378ee27d804302b8d3b50f423786798eb24611e7f4c7989330508a775cd','c6ce3da4e1885e0e5bb3290f043c337d80f766350a5951f060b23028eb6f874f','4f07689b02337ea9fd648ca07771a80bf36da99fe4f2c34fc09305b34a0c79dd','mobile','google','menu/the-tree','android-app://com.google.android.googlequicksearchbox/','2026-05-30 23:52:29','2026-05-30 23:52:29'),(192,5,5,'2026-05-30','2026-05-30 23:53:17','9e0b6f06af254226c624470af2d258d268f33abf6ce2c6e59d54228639955fc2','8d4ffd6c351d3f976d6125fd26d689a20f6a951e819bc006ec4b805d92a406f5','4f07689b02337ea9fd648ca07771a80bf36da99fe4f2c34fc09305b34a0c79dd','mobile',NULL,'menu/the-tree',NULL,'2026-05-30 23:53:17','2026-05-30 23:53:17'),(193,6,6,'2026-05-30','2026-05-30 23:53:59','11cb4f4868d20f55a5d92bb46d2830791cb8571a6b1049e2152a60e059b0443d','d6f255406ee2eaad02e2f4895ca757efe7c41e4dd290a042634ef370ed8d0ed0','4f07689b02337ea9fd648ca07771a80bf36da99fe4f2c34fc09305b34a0c79dd','mobile',NULL,'menu/sip-chill',NULL,'2026-05-30 23:53:59','2026-05-30 23:53:59'),(194,6,6,'2026-05-30','2026-05-30 23:54:05','4fbf779bdb8744c4db9dde4e028b1fba47c574284c1285e0c15bd8cb09a31668','5c3bed3c8872d03c013857b8f304b0a6e1ce483697da1b4884cad15f13473afd','0c7aabe3b9a779bb176131143b38c22ad727e58638bfec27077ec2c58d3fcf52','mobile',NULL,'menu/sip-chill',NULL,'2026-05-30 23:54:05','2026-05-30 23:54:05'),(195,5,5,'2026-05-30','2026-05-30 23:54:24','a711a5479464315db0369670657b1691a18014e2b21853d9d1fad19784464d77','f59ec8294008664ceeca63a2ef8e399cf039391b054a0c82d33730af249fcc2b','555a7905d97d144969217470c1a371e35fc5aff7b08c334df375c73bca943762','desktop',NULL,'menu/the-tree',NULL,'2026-05-30 23:54:24','2026-05-30 23:54:24'),(196,6,6,'2026-05-30','2026-05-30 23:55:28','54b552b4231d32eba96a9e56ed91cd1fd90e66114a7a04563e21863973347529','360f082b6ecf44aea4ceb8f0de739400d3eaa01a26c4e4866e5513f3e818051b','79b113808bfda2f6943410f9d73facc07ecc55546aa9c3907bdcf3c887c5271e','mobile',NULL,'menu/sip-chill',NULL,'2026-05-30 23:55:28','2026-05-30 23:55:28'),(197,5,5,'2026-05-30','2026-05-30 23:55:54','de7e427985e8626d3ef839fbe8c316096fd50e7690f734c01d6564f04e63cd7a','e25cfa5399131ef073684c81b16ebed7db4a4400f0d10029e3b78d06abae9876','6f70cced15460d04ca9847e12b558a4288872053173ccc2a9ac625d0da5e71df','desktop',NULL,'menu/the-tree',NULL,'2026-05-30 23:55:54','2026-05-30 23:55:54'),(198,6,6,'2026-05-30','2026-05-30 23:56:00','7df6858cbd89559cb895771b27c8d9ec8866dff74c14e2936633270fa27956bf','59390da71c8e065ae2fb7b06592c997d990e95f6407480b0480c1e6af86071ec','e008fb005e223f6878c5f01abfb27b5af117d01bcbcdcaa04853cde40c572c43','mobile',NULL,'menu/sip-chill',NULL,'2026-05-30 23:56:00','2026-05-30 23:56:00'),(199,6,6,'2026-05-30','2026-05-30 23:56:09','a05dbb33bbffb74bf1e21389069d0c12342e6ca6c82e2181fad233f6ba632559','40acc542c850bc93167391372154fad1a562737bdb65862636f8392a232243fe','4f07689b02337ea9fd648ca07771a80bf36da99fe4f2c34fc09305b34a0c79dd','mobile',NULL,'menu/sip-chill',NULL,'2026-05-30 23:56:09','2026-05-30 23:56:09'),(200,6,6,'2026-05-30','2026-05-30 23:56:12','8ac2509ec5aaa9aefa1632a6dbebb998229c0513c78bcdf0bda41cd156c9c7ab','360f082b6ecf44aea4ceb8f0de739400d3eaa01a26c4e4866e5513f3e818051b','be33bdb8c133b37706d09e2ad674dc6a8b42f3f710d04412e01784e2b63e8f7f','mobile',NULL,'menu/sip-chill',NULL,'2026-05-30 23:56:12','2026-05-30 23:56:12'),(201,5,5,'2026-05-30','2026-05-30 23:56:22','669912e8c069a60e562de0947e4133d979fe6fbc666dbd8fe868953fa6cf65ae','360f082b6ecf44aea4ceb8f0de739400d3eaa01a26c4e4866e5513f3e818051b','4f07689b02337ea9fd648ca07771a80bf36da99fe4f2c34fc09305b34a0c79dd','mobile',NULL,'menu/the-tree',NULL,'2026-05-30 23:56:22','2026-05-30 23:56:22'),(202,5,5,'2026-05-30','2026-05-30 23:56:55','3c5bdf022ca83ddc8ad207ea9638d5846f79bab677f5348b61077844756cf586','7d4bcb9ba9366587dbc6ea962e474e3bfc9861c9ce7aa9253c4de865811dcb77','6f70cced15460d04ca9847e12b558a4288872053173ccc2a9ac625d0da5e71df','desktop',NULL,'menu/the-tree',NULL,'2026-05-30 23:56:55','2026-05-30 23:56:55'),(203,3,3,'2026-05-30','2026-05-30 23:57:32','3c5bdf022ca83ddc8ad207ea9638d5846f79bab677f5348b61077844756cf586','7d4bcb9ba9366587dbc6ea962e474e3bfc9861c9ce7aa9253c4de865811dcb77','6f70cced15460d04ca9847e12b558a4288872053173ccc2a9ac625d0da5e71df','desktop',NULL,'menu/el-nerwegy',NULL,'2026-05-30 23:57:32','2026-05-30 23:57:32'),(204,5,5,'2026-05-30','2026-05-30 23:58:00','accae141701ef5353f3a3789e3acb24f4fb7241c39499172b2f80e4e3284391d','e25cfa5399131ef073684c81b16ebed7db4a4400f0d10029e3b78d06abae9876','4f07689b02337ea9fd648ca07771a80bf36da99fe4f2c34fc09305b34a0c79dd','mobile',NULL,'menu/the-tree',NULL,'2026-05-30 23:58:00','2026-05-30 23:58:00'),(205,3,3,'2026-05-30','2026-05-30 23:58:39','67cdf53d9dfc9ecfd4c018d7caf3ffa905e43fed981823fdaae115460efb3c9d','51a89ff14197f3222bde99f8996bc9fd8fa21a613940010345305785c46b276f','5274011215b9214056c4a66e299f73e9bf3913bf45f1600b7f190fd71c701dec','mobile',NULL,'menu/el-nerwegy',NULL,'2026-05-30 23:58:39','2026-05-30 23:58:39'),(206,6,6,'2026-05-30','2026-05-31 00:00:04','7d58b38d21360850eb919c1439ed2e27ad91b003732dab81e26456b802674410','24a046b014521e8028b0a718cbc446cc13f8c0ffc9e11f75adfb5fecc4782a0f','4f07689b02337ea9fd648ca07771a80bf36da99fe4f2c34fc09305b34a0c79dd','mobile',NULL,'menu/sip-chill',NULL,'2026-05-31 00:00:04','2026-05-31 00:00:04'),(207,3,3,'2026-05-30','2026-05-31 00:00:16','a5e062bf6e611e1dba257efe25dffe5088c5a2ff0e2feb0fe14c24a99aa48fa3','95313d1bd53f4a263eb6e0b11e7c60c1622ed1fbc8687188668422723f2787d0','5274011215b9214056c4a66e299f73e9bf3913bf45f1600b7f190fd71c701dec','mobile',NULL,'menu/el-nerwegy',NULL,'2026-05-31 00:00:16','2026-05-31 00:00:16'),(208,3,3,'2026-05-30','2026-05-31 00:01:28','c066ba3b3d60b2d920ee610d5eaae7af602581955a3b714c15f3d23293f4bad3','e718d9a4962d29dd322c70cfe652525a381193738809f67440b1f3f7019246cb','6f70cced15460d04ca9847e12b558a4288872053173ccc2a9ac625d0da5e71df','desktop',NULL,'menu/el-nerwegy',NULL,'2026-05-31 00:01:28','2026-05-31 00:01:28'),(209,5,5,'2026-05-30','2026-05-31 00:03:17','e1b68fc21ad767b60d074d392f778e7a78efcc27195ca374ab8b3f57d1fd45be','59c4e538634b61144ea7fad4b4fc1fee49aa52c3e3bf6e0bbad71715f43a08a8','5b944a20a308902c82ae33dd6bf256be4346a6cefb255118542c56bb7358892b','mobile',NULL,'menu/the-tree',NULL,'2026-05-31 00:03:17','2026-05-31 00:03:17'),(210,3,3,'2026-05-30','2026-05-31 00:04:25','a18494d498845b7dc7501882843bcfdebc1c1eb51cb5d1bb0f7965c927dfb9f3','5c3bed3c8872d03c013857b8f304b0a6e1ce483697da1b4884cad15f13473afd','5274011215b9214056c4a66e299f73e9bf3913bf45f1600b7f190fd71c701dec','mobile',NULL,'menu/el-nerwegy',NULL,'2026-05-31 00:04:25','2026-05-31 00:04:25'),(211,5,5,'2026-05-30','2026-05-31 00:07:09','4453080013d7b9cb38c8c4ed3a3dc2b51a2d277eca61980cac6b94143754d0f1','5c3bed3c8872d03c013857b8f304b0a6e1ce483697da1b4884cad15f13473afd','a5c05b8d55813f46aa774425956b24eaf5345b2dc65feefcc62a29754b34c7ec','mobile',NULL,'menu/the-tree',NULL,'2026-05-31 00:07:09','2026-05-31 00:07:09'),(212,5,5,'2026-05-30','2026-05-31 00:07:17','0ed59aa74fb226ba26076e923d9138df81d7d0d997f2f72f25f5cecd5157eee4','e718d9a4962d29dd322c70cfe652525a381193738809f67440b1f3f7019246cb','79b113808bfda2f6943410f9d73facc07ecc55546aa9c3907bdcf3c887c5271e','mobile',NULL,'menu/the-tree',NULL,'2026-05-31 00:07:17','2026-05-31 00:07:17'),(213,6,6,'2026-05-30','2026-05-31 00:07:43','8d476cdda650d361c9787212b7d30826457c0db678d47538bc74514ce6ce93a4','6405811eb8b552baa14f295456c4224d4e2fa755533b36d408ce2100857fe4e0','7883344a176703ca247ba5c1e52abb4c333c52b8d1947bcf233e994bc242d40d','mobile',NULL,'menu/sip-chill',NULL,'2026-05-31 00:07:43','2026-05-31 00:07:43'),(214,3,3,'2026-05-30','2026-05-31 00:08:05','008754746076d812c76388bf39cb16696259d84357d06cad3c0bced11019e0ff','5c3bed3c8872d03c013857b8f304b0a6e1ce483697da1b4884cad15f13473afd','6f70cced15460d04ca9847e12b558a4288872053173ccc2a9ac625d0da5e71df','desktop',NULL,'menu/el-nerwegy',NULL,'2026-05-31 00:08:05','2026-05-31 00:08:05'),(215,5,5,'2026-05-30','2026-05-31 00:09:49','7ea29a192d275f7ff14b90895eb2fd6322617212ecc7c1beabd21ee2ffab610d','7d4bcb9ba9366587dbc6ea962e474e3bfc9861c9ce7aa9253c4de865811dcb77','4f07689b02337ea9fd648ca07771a80bf36da99fe4f2c34fc09305b34a0c79dd','mobile',NULL,'menu/the-tree',NULL,'2026-05-31 00:09:49','2026-05-31 00:09:49'),(216,6,6,'2026-05-30','2026-05-31 00:10:01','61d7d29c24975ff719c34803ab496fc84920560acb326707b63abd5c432b2ff0','c6ce3da4e1885e0e5bb3290f043c337d80f766350a5951f060b23028eb6f874f','5b944a20a308902c82ae33dd6bf256be4346a6cefb255118542c56bb7358892b','mobile',NULL,'menu/sip-chill',NULL,'2026-05-31 00:10:01','2026-05-31 00:10:01'),(217,6,6,'2026-05-30','2026-05-31 00:10:04','13beb22dc81d2f312a0d3fafa175f9df9f8565c4a409c6991de1bb7dbec49a08','51a89ff14197f3222bde99f8996bc9fd8fa21a613940010345305785c46b276f','79b113808bfda2f6943410f9d73facc07ecc55546aa9c3907bdcf3c887c5271e','mobile',NULL,'menu/sip-chill',NULL,'2026-05-31 00:10:04','2026-05-31 00:10:04'),(218,3,3,'2026-05-30','2026-05-31 00:11:01','76b736aedbccbe06b7fb3981d8ab4411e8437f591e446e233feac3a1a7466946','51a89ff14197f3222bde99f8996bc9fd8fa21a613940010345305785c46b276f','6f70cced15460d04ca9847e12b558a4288872053173ccc2a9ac625d0da5e71df','desktop',NULL,'menu/el-nerwegy',NULL,'2026-05-31 00:11:01','2026-05-31 00:11:01'),(219,3,3,'2026-05-30','2026-05-31 00:11:06','d13fb5946469257aff4e0dbc01c72d8c62d1456750c56c41f6d9d0fa9989a8c5','7d4bcb9ba9366587dbc6ea962e474e3bfc9861c9ce7aa9253c4de865811dcb77','4f07689b02337ea9fd648ca07771a80bf36da99fe4f2c34fc09305b34a0c79dd','mobile',NULL,'menu/el-nerwegy',NULL,'2026-05-31 00:11:06','2026-05-31 00:11:06'),(220,6,6,'2026-05-30','2026-05-31 00:13:59','ee3b14e849a77ce65605f17afa10e17b7cb5cbb80f4fff0a041731e2c7e2c9ec','7d4bcb9ba9366587dbc6ea962e474e3bfc9861c9ce7aa9253c4de865811dcb77','be33bdb8c133b37706d09e2ad674dc6a8b42f3f710d04412e01784e2b63e8f7f','mobile',NULL,'menu/sip-chill',NULL,'2026-05-31 00:13:59','2026-05-31 00:13:59'),(221,6,6,'2026-05-30','2026-05-31 00:14:46','e04fe94af468467ce471392fad9a61f7ee43cc759f1ab256f9cd4509b36788f3','c6ce3da4e1885e0e5bb3290f043c337d80f766350a5951f060b23028eb6f874f','79b113808bfda2f6943410f9d73facc07ecc55546aa9c3907bdcf3c887c5271e','mobile',NULL,'menu/sip-chill',NULL,'2026-05-31 00:14:46','2026-05-31 00:14:46'),(222,6,6,'2026-05-30','2026-05-31 00:14:57','ad36573424fed0ffcff07e527361afe450a99f15f81a52334a042c231fb1b3b9','e718d9a4962d29dd322c70cfe652525a381193738809f67440b1f3f7019246cb','4f07689b02337ea9fd648ca07771a80bf36da99fe4f2c34fc09305b34a0c79dd','mobile',NULL,'menu/sip-chill',NULL,'2026-05-31 00:14:57','2026-05-31 00:14:57'),(223,6,6,'2026-05-30','2026-05-31 00:15:02','2d67939e43d19b79b05e7b85e2669d01eac67c96606d59a08714d1e45c0533c7','e718d9a4962d29dd322c70cfe652525a381193738809f67440b1f3f7019246cb','d39420a7af5e59d716c7a10e5391afdfca547e358aa5bea38171bf8d5a138cfc','mobile',NULL,'menu/sip-chill',NULL,'2026-05-31 00:15:02','2026-05-31 00:15:02'),(224,6,6,'2026-05-30','2026-05-31 00:15:12','8586dd0824d0274eb1140231dfa2192a41fd4bbebe99e1322abf79b52df16664','e25cfa5399131ef073684c81b16ebed7db4a4400f0d10029e3b78d06abae9876','4f07689b02337ea9fd648ca07771a80bf36da99fe4f2c34fc09305b34a0c79dd','mobile',NULL,'menu/sip-chill',NULL,'2026-05-31 00:15:12','2026-05-31 00:15:12'),(225,6,6,'2026-05-30','2026-05-31 00:15:18','75958ed649b9857cb5d00fc3f18be4d718ba879e42c3de587c5a3eb28960815b','59390da71c8e065ae2fb7b06592c997d990e95f6407480b0480c1e6af86071ec','79b113808bfda2f6943410f9d73facc07ecc55546aa9c3907bdcf3c887c5271e','mobile',NULL,'menu/sip-chill',NULL,'2026-05-31 00:15:18','2026-05-31 00:15:18'),(226,6,6,'2026-05-30','2026-05-31 00:15:20','568a155dc371bcbac53cf533c8a0830d5fe41a095ea069062202db411c846cf6','51a89ff14197f3222bde99f8996bc9fd8fa21a613940010345305785c46b276f','ebbada72b8c6d55c28f1066978e82757f1a49a87668f27caab48074bf4c1b008','mobile',NULL,'menu/sip-chill',NULL,'2026-05-31 00:15:20','2026-05-31 00:15:20'),(227,6,6,'2026-05-30','2026-05-31 00:16:06','af9728db1812d7aa42a1a0246c5e1a5dfd56aca390fcb14797b6ef65c48bf9c0','f59ec8294008664ceeca63a2ef8e399cf039391b054a0c82d33730af249fcc2b','79b113808bfda2f6943410f9d73facc07ecc55546aa9c3907bdcf3c887c5271e','mobile',NULL,'menu/sip-chill',NULL,'2026-05-31 00:16:06','2026-05-31 00:16:06'),(228,5,5,'2026-05-30','2026-05-31 00:16:08','86299dc8bd9533251da08664fa8645d12586ca369268fac2966677c64780d012','24a046b014521e8028b0a718cbc446cc13f8c0ffc9e11f75adfb5fecc4782a0f','0c7aabe3b9a779bb176131143b38c22ad727e58638bfec27077ec2c58d3fcf52','mobile',NULL,'menu/the-tree',NULL,'2026-05-31 00:16:08','2026-05-31 00:16:08'),(229,6,6,'2026-05-30','2026-05-31 00:16:08','f92805dd11bdcb342efe6cb46ea625b02a36d800252e413ca9a4382459542331','f59ec8294008664ceeca63a2ef8e399cf039391b054a0c82d33730af249fcc2b','4f07689b02337ea9fd648ca07771a80bf36da99fe4f2c34fc09305b34a0c79dd','mobile',NULL,'menu/sip-chill',NULL,'2026-05-31 00:16:08','2026-05-31 00:16:08'),(230,5,5,'2026-05-30','2026-05-31 00:16:13','c44a3beee9566e33bb5074c852fa0bafb252f79cc48d37d3d3e8c4cd188db706','360f082b6ecf44aea4ceb8f0de739400d3eaa01a26c4e4866e5513f3e818051b','4f07689b02337ea9fd648ca07771a80bf36da99fe4f2c34fc09305b34a0c79dd','mobile',NULL,'menu/the-tree',NULL,'2026-05-31 00:16:13','2026-05-31 00:16:13'),(231,6,6,'2026-05-30','2026-05-31 00:17:41','52202d6305d69b18041a28ad7b1df1abdfc8afe8bd90a62d749a2609d56f98b9','59390da71c8e065ae2fb7b06592c997d990e95f6407480b0480c1e6af86071ec','4f07689b02337ea9fd648ca07771a80bf36da99fe4f2c34fc09305b34a0c79dd','mobile',NULL,'menu/sip-chill',NULL,'2026-05-31 00:17:41','2026-05-31 00:17:41'),(232,5,5,'2026-05-30','2026-05-31 00:18:44','74dd147df50d37ea47ae44a55c2ba9dcdd04e2729cf1ad7c99571f1a4e37284a','c6ce3da4e1885e0e5bb3290f043c337d80f766350a5951f060b23028eb6f874f','79b113808bfda2f6943410f9d73facc07ecc55546aa9c3907bdcf3c887c5271e','mobile',NULL,'menu/the-tree',NULL,'2026-05-31 00:18:44','2026-05-31 00:18:44'),(233,5,5,'2026-05-30','2026-05-31 00:19:44','c8d5dfe54987217b899ba59fb5af77dd712696d179faaa02f99104210dd55aef','360f082b6ecf44aea4ceb8f0de739400d3eaa01a26c4e4866e5513f3e818051b','e08234877f7f52beac4f5ef44c375a9edf23b65e231cc48d797ea4c0c69e56cf','mobile',NULL,'menu/the-tree',NULL,'2026-05-31 00:19:44','2026-05-31 00:19:44'),(234,6,6,'2026-05-30','2026-05-31 00:20:58','eba0b9bb0cc38ff810f897d71b803d90a5ed7a36c4c8363725f92b2677b88be9','59390da71c8e065ae2fb7b06592c997d990e95f6407480b0480c1e6af86071ec','4f07689b02337ea9fd648ca07771a80bf36da99fe4f2c34fc09305b34a0c79dd','mobile',NULL,'menu/sip-chill',NULL,'2026-05-31 00:20:58','2026-05-31 00:20:58'),(235,6,6,'2026-05-30','2026-05-31 00:21:07','ffa5d7c7e0d259ffda52f0f057b7d8d2a6da80da0f6439fb66e1e98064765abf','e718d9a4962d29dd322c70cfe652525a381193738809f67440b1f3f7019246cb','4f07689b02337ea9fd648ca07771a80bf36da99fe4f2c34fc09305b34a0c79dd','mobile','google','menu/sip-chill','android-app://com.google.android.googlequicksearchbox/','2026-05-31 00:21:07','2026-05-31 00:21:07'),(236,6,6,'2026-05-30','2026-05-31 00:21:11','5491d571bca3dc725bdd0f67f3d6f6cb606aa95e3a868dbef2cdc2512d743723','b70ede2ec6ab6dabb5187cfc3f5677675438b2e93735924da1984d056c461382','b1bcb91ae617fbfd965781b92aec2b9941c757bfed753eb04e50b2b2895b42f2','mobile',NULL,'menu/sip-chill',NULL,'2026-05-31 00:21:11','2026-05-31 00:21:11'),(237,6,6,'2026-05-30','2026-05-31 00:21:12','214a63d1da4875ff048044e98156f41ac3f7699383401d9fde8add0eff19f83c','696fd2f77d8aec859b7cfd6e9f25f89e3d6e9ef29410582f81ae619674cc6157','b1bcb91ae617fbfd965781b92aec2b9941c757bfed753eb04e50b2b2895b42f2','mobile',NULL,'menu/sip-chill',NULL,'2026-05-31 00:21:12','2026-05-31 00:21:12'),(238,6,6,'2026-05-30','2026-05-31 00:21:12','f41a138dec8afda14321dad5721f4f9daaea973c6b5b13899650cb4491cd3f7c','7a07cd73dae77ba24a74dcbdca2b39894c320fae09c808eec9326c1e9ee53f68','b1bcb91ae617fbfd965781b92aec2b9941c757bfed753eb04e50b2b2895b42f2','mobile',NULL,'menu/sip-chill',NULL,'2026-05-31 00:21:12','2026-05-31 00:21:12');
/*!40000 ALTER TABLE `menu_visits` ENABLE KEYS */;
UNLOCK TABLES;

--
-- Table structure for table `migrations`
--

DROP TABLE IF EXISTS `migrations`;
/*!40101 SET @saved_cs_client     = @@character_set_client */;
/*!50503 SET character_set_client = utf8mb4 */;
CREATE TABLE `migrations` (
  `id` int unsigned NOT NULL AUTO_INCREMENT,
  `migration` varchar(255) CHARACTER SET utf8mb4 COLLATE utf8mb4_unicode_ci NOT NULL,
  `batch` int NOT NULL,
  PRIMARY KEY (`id`)
) ENGINE=InnoDB AUTO_INCREMENT=20 DEFAULT CHARSET=utf8mb4 COLLATE=utf8mb4_unicode_ci;
/*!40101 SET character_set_client = @saved_cs_client */;

--
-- Dumping data for table `migrations`
--

LOCK TABLES `migrations` WRITE;
/*!40000 ALTER TABLE `migrations` DISABLE KEYS */;
INSERT INTO `migrations` VALUES (1,'0001_01_01_000000_create_users_table',1),(2,'0001_01_01_000001_create_cache_table',1),(3,'0001_01_01_000002_create_jobs_table',1),(4,'2024_04_16_000000_create_tenants_table',1),(5,'2024_04_16_000001_create_categories_table',1),(6,'2024_04_16_000002_create_products_table',1),(7,'2024_04_16_000003_add_tenant_id_to_users_table',1),(8,'2026_04_17_000004_create_menu_settings_table',1),(9,'2026_04_17_000006_add_banner_path_to_restaurants_table',1),(10,'2026_04_18_000007_drop_active_theme_from_menu_settings_table',1),(11,'2026_04_18_000008_add_subscription_fields_to_restaurants_table',1),(12,'2026_04_18_000009_add_is_super_admin_to_users_table',1),(13,'2026_04_18_000010_add_theme_to_menu_settings_table',1),(14,'2026_04_19_000011_add_phone_to_users_table',1),(15,'2026_04_19_000012_add_address_to_restaurants_table',1),(16,'2026_04_27_000013_add_permanent_qr_code_to_restaurants_table',2),(17,'2026_05_28_000001_add_soft_deletes_to_categories_and_products_tables',3),(18,'2026_05_30_000002_create_menu_visits_table',4),(19,'2026_05_30_000003_add_discount_price_to_products_table',5);
/*!40000 ALTER TABLE `migrations` ENABLE KEYS */;
UNLOCK TABLES;

--
-- Table structure for table `password_reset_tokens`
--

DROP TABLE IF EXISTS `password_reset_tokens`;
/*!40101 SET @saved_cs_client     = @@character_set_client */;
/*!50503 SET character_set_client = utf8mb4 */;
CREATE TABLE `password_reset_tokens` (
  `email` varchar(255) CHARACTER SET utf8mb4 COLLATE utf8mb4_unicode_ci NOT NULL,
  `token` varchar(255) CHARACTER SET utf8mb4 COLLATE utf8mb4_unicode_ci NOT NULL,
  `created_at` timestamp NULL DEFAULT NULL,
  PRIMARY KEY (`email`)
) ENGINE=InnoDB DEFAULT CHARSET=utf8mb4 COLLATE=utf8mb4_unicode_ci;
/*!40101 SET character_set_client = @saved_cs_client */;

--
-- Dumping data for table `password_reset_tokens`
--

LOCK TABLES `password_reset_tokens` WRITE;
/*!40000 ALTER TABLE `password_reset_tokens` DISABLE KEYS */;
INSERT INTO `password_reset_tokens` VALUES ('im116121@gmail.com','$2y$12$H9wuPKQNpAB3Sfq9jJWxO.8Npe/9727pbsDqQC/o4jWN.uxV15Hjq','2026-04-26 06:08:59'),('thetree.2026@gmail.com','$2y$12$u/ZaARnZ8WkPKdha9wwhBel9hzFs.fJNF6.XQge9YRasbY9j50vyK','2026-04-28 13:28:35');
/*!40000 ALTER TABLE `password_reset_tokens` ENABLE KEYS */;
UNLOCK TABLES;

--
-- Table structure for table `products`
--

DROP TABLE IF EXISTS `products`;
/*!40101 SET @saved_cs_client     = @@character_set_client */;
/*!50503 SET character_set_client = utf8mb4 */;
CREATE TABLE `products` (
  `id` bigint unsigned NOT NULL AUTO_INCREMENT,
  `restaurant_id` bigint unsigned NOT NULL,
  `category_id` bigint unsigned NOT NULL,
  `name` varchar(255) CHARACTER SET utf8mb4 COLLATE utf8mb4_unicode_ci NOT NULL,
  `description` text CHARACTER SET utf8mb4 COLLATE utf8mb4_unicode_ci,
  `price` decimal(10,2) NOT NULL,
  `discount_price` decimal(10,2) DEFAULT NULL,
  `image_path` varchar(255) CHARACTER SET utf8mb4 COLLATE utf8mb4_unicode_ci DEFAULT NULL,
  `is_available` tinyint(1) NOT NULL DEFAULT '1',
  `is_featured` tinyint(1) NOT NULL DEFAULT '0',
  `sort_order` int unsigned NOT NULL DEFAULT '0',
  `created_at` timestamp NULL DEFAULT NULL,
  `updated_at` timestamp NULL DEFAULT NULL,
  `deleted_at` timestamp NULL DEFAULT NULL,
  PRIMARY KEY (`id`),
  KEY `products_category_id_foreign` (`category_id`),
  KEY `products_restaurant_id_category_id_index` (`restaurant_id`,`category_id`),
  KEY `products_is_available_index` (`is_available`),
  KEY `products_is_featured_index` (`is_featured`),
  KEY `products_sort_order_index` (`sort_order`),
  CONSTRAINT `products_category_id_foreign` FOREIGN KEY (`category_id`) REFERENCES `categories` (`id`) ON DELETE CASCADE,
  CONSTRAINT `products_restaurant_id_foreign` FOREIGN KEY (`restaurant_id`) REFERENCES `restaurants` (`id`) ON DELETE CASCADE
) ENGINE=InnoDB AUTO_INCREMENT=1405 DEFAULT CHARSET=utf8mb4 COLLATE=utf8mb4_unicode_ci;
/*!40101 SET character_set_client = @saved_cs_client */;

--
-- Dumping data for table `products`
--

LOCK TABLES `products` WRITE;
/*!40000 ALTER TABLE `products` DISABLE KEYS */;
INSERT INTO `products` VALUES (5,5,26,'Tea',NULL,50.00,NULL,'products/images/C3OXbRJGk5M6YWPRdaPV9gi61nKrVcnVpazG8h7t.webp',1,0,1,'2026-04-26 23:58:29','2026-05-30 23:52:45',NULL),(6,5,26,'Green Tea',NULL,49.00,NULL,'products/images/jNhomCY3Sny1CkuIcuT4bt4YPH6VjvFeNTIzwJd6.webp',1,0,2,'2026-04-26 23:58:29','2026-04-27 00:28:04',NULL),(7,5,26,'Flavored Tea',NULL,65.00,NULL,'products/images/mbWrEqGdRl53oE6x6xuxbfYTpA5dzSDZeVvY4ra2.jpg',1,0,3,'2026-04-26 23:58:29','2026-04-27 01:35:37',NULL),(8,5,26,'The Tree Herbs',NULL,85.00,NULL,'products/images/xsRVmniRCMCEHYBNdHOA2MomuThXWEyTTTmwuW2l.webp',1,0,4,'2026-04-26 23:58:29','2026-04-27 01:37:01',NULL),(9,5,26,'Anise',NULL,45.00,NULL,'products/images/GricNja8f2JqlJ321zKbUEZZiWV39MlyE91g3fIN.jpg',1,0,5,'2026-04-26 23:58:29','2026-04-27 01:37:59',NULL),(10,5,26,'Cinamon with Milk',NULL,85.00,NULL,'products/images/pQHI9jLfkhS5X4sxh4BQlhJ7ZKSg53L9H0PZbp7U.jpg',1,0,6,'2026-04-26 23:58:29','2026-04-27 01:38:22',NULL),(11,5,26,'Hot Sidr',NULL,85.00,NULL,'products/images/LMpeSOX48SAF2EyVvfTCH5Jj3SvB5gtF1In77o1u.jpg',1,0,7,'2026-04-26 23:58:29','2026-04-27 01:39:40',NULL),(12,5,26,'Hot Chocolate',NULL,99.00,NULL,'products/images/CxcAVUH73sPrZbTHwrjAEjiDppP5LuqauPoKOlKz.jpg',1,0,8,'2026-04-26 23:58:29','2026-04-27 01:40:32',NULL),(13,5,26,'Hot lotus',NULL,119.00,NULL,'products/images/NXLo8QPsqGGVcGjhNaAsiVmx5TRXqENZeCNSDdJI.jpg',1,0,9,'2026-04-26 23:58:29','2026-04-27 01:41:18',NULL),(14,5,26,'Sahlab',NULL,105.00,NULL,'products/images/W74H51UxgeB3vi4ZzaRKL3rAq7hznHzyi93sW6yR.jpg',1,0,10,'2026-04-26 23:58:29','2026-04-27 01:42:07',NULL),(15,5,26,'The tree Sahlab',NULL,125.00,NULL,'products/images/hA3xspImKIjRCKkvGpmTQ4ywtBNOQJMl0cBGeCHl.jpg',1,0,11,'2026-04-26 23:58:29','2026-04-27 01:42:17',NULL),(16,5,26,'Hummus Al sham',NULL,80.00,NULL,'products/images/eyMvBeoTABYRY7un4JM3gmdhzwb88i43wQYaL4Vp.jpg',1,0,12,'2026-04-26 23:58:29','2026-04-27 01:42:38',NULL),(17,5,26,'Honey ginger',NULL,90.00,NULL,'products/images/Uf5YNAFhx0aA7OezO44dxClrOCONy7mzItCVrW39.jpg',1,0,13,'2026-04-26 23:58:29','2026-04-27 01:43:49',NULL),(18,5,27,'Single Espresso',NULL,55.00,NULL,'products/images/LsPPraR4fcaUCYJ0VbFfrP1gGylVhjVRlFG3AHmP.webp',1,0,1,'2026-04-26 23:58:29','2026-04-27 00:11:00',NULL),(19,5,27,'Double Espresso',NULL,70.00,NULL,'products/images/MTOHQbdV1bSKmu3IJaf0dBGhmVPHkJyjfttfp3IN.webp',1,0,2,'2026-04-26 23:58:29','2026-04-27 00:28:22',NULL),(20,5,27,'Caffè Macchiato',NULL,75.00,NULL,'products/images/Lj20bRAwuETH2L3FfDQOFdLXY3QvpYPqIlK7v3wr.jpg',1,0,3,'2026-04-26 23:58:29','2026-04-27 01:44:25',NULL),(21,5,27,'Tree Latte',NULL,115.00,NULL,'products/images/OgBb490aBi1rXdr0FkATPiphp9wET2BjtXBhXQzt.webp',1,0,4,'2026-04-26 23:58:29','2026-04-27 01:44:59',NULL),(22,5,27,'Cappuccino',NULL,95.00,NULL,'products/images/OGJUW5N39pIgACMLviNjV5oOfoFBcua6rkPtkNKw.jpg',1,0,5,'2026-04-26 23:58:29','2026-04-27 01:45:22',NULL),(23,5,27,'Caffè Latte',NULL,85.00,NULL,'products/images/PUOTiCtDXJt2afwZMBe7mLJEAEEkbznYItLQskC2.webp',1,0,6,'2026-04-26 23:58:29','2026-04-27 01:46:06',NULL),(24,5,27,'Caffè Mocha',NULL,90.00,NULL,'products/images/pqInX9CPZo464i761gy4GkI4HkBjozOzBAbSBqj9.jpg',1,0,7,'2026-04-26 23:58:29','2026-04-27 01:52:06',NULL),(25,5,27,'American Coffee',NULL,90.00,NULL,'products/images/sclMBsxnRkfmUFQaqLOZXFRPFS3DEa4792KMCL8V.webp',1,0,8,'2026-04-26 23:58:29','2026-04-27 01:52:40',NULL),(26,5,27,'Nescafé',NULL,90.00,NULL,'products/images/8TcxBel0Ou4U2ysObGAbjYHF7iKI5TxskT6W75Ip.webp',1,0,9,'2026-04-26 23:58:29','2026-04-27 01:55:04',NULL),(27,5,27,'Turkish Coffe',NULL,50.00,NULL,'products/images/GD60wTtDPaaCP9UdbOCuXa9GWU22s0V9W3Piu4me.webp',1,0,10,'2026-04-26 23:58:29','2026-04-27 01:55:32',NULL),(28,5,27,'Hazelnut Coffee',NULL,85.00,NULL,'products/images/Tdz8llaYTZhhl8VeTGJ8E2Exj7NlmwLh73BDbCzi.webp',1,0,11,'2026-04-26 23:58:29','2026-04-27 01:56:05',NULL),(29,5,27,'French Turkish Coffe',NULL,75.00,NULL,'products/images/V615hUgUsJoIHXF4tUvFZa2d2VL69z4hWFoIeqo0.webp',1,0,12,'2026-04-26 23:58:29','2026-04-27 01:57:06',NULL),(30,5,27,'Flat White',NULL,105.00,NULL,'products/images/I0cUlR420ck0iSsoUHGr7zYZPWeWFGBdleVHKb6h.jpg',1,0,13,'2026-04-26 23:58:29','2026-04-27 01:57:45',NULL),(31,5,27,'Double Turkish coffee',NULL,70.00,NULL,'products/images/f9ZtYgHv35T3HMG8UNsmJtDvMPrLDhD7AnRVyilu.jpg',1,0,14,'2026-04-26 23:58:29','2026-04-27 02:14:40',NULL),(32,5,27,'Spinach Latte',NULL,115.00,NULL,'products/images/cIkEcc5ca2UHQrbiJKvB6zvqLfoA3BSH8St2sNT8.jpg',1,0,15,'2026-04-26 23:58:29','2026-04-27 02:07:52',NULL),(33,5,28,'Ice Tea',NULL,0.00,NULL,'products/images/eL18RTHRBe7CtqghhOeITudDiJd4CyuDsfXqVonh.jpg',1,0,1,'2026-04-26 23:58:29','2026-04-27 00:07:36',NULL),(34,5,28,'Flavored Ice Tea',NULL,0.00,NULL,'products/images/MAG1SOsJWRGjPCWXj3GlEco1IQgdfd9osCglKsEe.jpg',1,0,2,'2026-04-26 23:58:29','2026-04-27 00:29:07',NULL),(35,5,28,'Iced Mocha',NULL,125.00,NULL,'products/images/gCnnTZ3iHd6Y9uyJmhxgDkWpPrnpg0109mDmtzJy.jpg',1,0,3,'2026-04-26 23:58:29','2026-04-27 02:10:03',NULL),(36,5,28,'Classic Frappuccino',NULL,125.00,NULL,'products/images/21IOqtmgc7zz8SO99j7ngHd3zicmGwh9sSl8LyvW.jpg',1,0,4,'2026-04-26 23:58:29','2026-04-27 02:10:34',NULL),(37,5,28,'Iced Latte',NULL,120.00,NULL,'products/images/uZMHgdZWZyr1c5zrZTMxCZET1tjXIbbPafrttEOL.webp',1,0,5,'2026-04-26 23:58:29','2026-04-27 02:11:03',NULL),(38,5,28,'Frappe Classic',NULL,130.00,NULL,'products/images/PjkWNHkpHJtaG4mhxMmMXL8Kyv8A4jV3LuUm2c3B.jpg',1,0,6,'2026-04-26 23:58:29','2026-04-27 02:13:25',NULL),(39,5,28,'Caramel Frappe',NULL,135.00,NULL,'products/images/R1Esxlt4uZBh8n9TtcuuI8L9ZvaB8AaWZ3urv3Bb.jpg',1,0,7,'2026-04-26 23:58:29','2026-04-27 02:13:48',NULL),(40,5,28,'Vanilla Frappe',NULL,135.00,NULL,'products/images/3BcSa8rain5cTFD4e0Pz2HFJkITAcoY27y6f1lQu.webp',1,0,8,'2026-04-26 23:58:29','2026-04-27 02:14:18',NULL),(41,5,28,'Mocha Frappe',NULL,140.00,NULL,'products/images/yARhfzhT8V8ib4WZr5Bd9gmhUeBe76QVxvdrxBLM.jpg',1,0,9,'2026-04-26 23:58:29','2026-04-27 02:15:22',NULL),(42,5,28,'Ice Spanich Latte',NULL,130.00,NULL,'products/images/vbnn6SpQ5tEAbRYflXCawcOUcFJQBu6WqKglLMjO.jpg',1,0,10,'2026-04-26 23:58:29','2026-04-27 02:15:42',NULL),(43,5,29,'Mango Juice',NULL,95.00,NULL,'products/images/MbzhVlMtkrNzMfpekLGQ9mxPKZ4sEdl9CvEOR9PX.webp',1,0,1,'2026-04-26 23:58:29','2026-04-27 00:05:56',NULL),(44,5,29,'Orange Juice',NULL,90.00,NULL,'products/images/pXfFoIB2RE0DBL6KrcOhqyETTXH4yctbCrIhy26T.jpg',1,0,2,'2026-04-26 23:58:29','2026-04-27 00:30:17',NULL),(45,5,29,'Strawberry Juice',NULL,85.00,NULL,'products/images/qRlVRqQ16YyB5TicP9MGs63zx8dNIN9exWejQOXN.jpg',1,0,3,'2026-04-26 23:58:29','2026-04-27 02:15:58',NULL),(46,5,29,'Guava Juice',NULL,85.00,NULL,'products/images/oUBFgrVNmOKPdqMzlneQbfEG5n6yzlPlwTqrYtG5.webp',1,0,4,'2026-04-26 23:58:29','2026-04-27 02:18:39',NULL),(47,5,29,'Lemon Juice',NULL,80.00,NULL,'products/images/ZVottUw2TM4UpeMgt1iHYs0y33MUyD3piKyltqlt.jpg',1,0,5,'2026-04-26 23:58:29','2026-04-27 02:19:00',NULL),(48,5,29,'Orange W Carrot Juice',NULL,95.00,NULL,'products/images/OqvGghPtqKuQciZWSzA8niL4g5ITd9OXitiDmlvT.webp',1,0,6,'2026-04-26 23:58:29','2026-04-27 02:19:20',NULL),(49,5,29,'Lemon Mint',NULL,75.00,NULL,'products/images/mkmecebeIjMGMyU5HF15UgAzyHDMGXlavz25RDgz.jpg',1,0,7,'2026-04-26 23:58:29','2026-04-27 02:19:36',NULL),(50,5,29,'Banana W. Milk',NULL,99.00,NULL,'products/images/HptxRj8dQS1l02MRGvoJFOyChBHndYbOuw9BeC5D.webp',1,0,8,'2026-04-26 23:58:29','2026-04-27 02:19:57',NULL),(51,5,29,'Kiwi Juice',NULL,145.00,NULL,'products/images/7uVcSJUSvgXnbqy2jXKY6wbSXXLkATyjUANoH16o.webp',1,0,9,'2026-04-26 23:58:29','2026-04-27 02:20:15',NULL),(52,5,29,'Watermelon Juice',NULL,115.00,NULL,'products/images/54bMEkarEuIFnwX6caYeaK2aR47VwXCWfeunYv9u.jpg',1,0,10,'2026-04-26 23:58:29','2026-04-27 02:20:38',NULL),(53,5,29,'Avocado W.nuts',NULL,170.00,NULL,'products/images/5JOUDDHSqJDUQ8fQa9TEraM6ht4dPqfAhRq9bA8c.jpg',1,0,11,'2026-04-26 23:58:29','2026-04-27 02:22:15',NULL),(54,5,29,'Date W. Milk',NULL,100.00,NULL,'products/images/xVJiX4h1Fjla9NJNfPGTYbswT4SV2cRh6sDiFTRW.jpg',1,0,12,'2026-04-26 23:58:29','2026-04-27 02:22:38',NULL),(55,5,29,'Guava W. Milk',NULL,95.00,NULL,'products/images/KSyEvTmPwrGHqqr8AJJMWa5EiQIHlnfP9xw1q9hp.jpg',1,0,13,'2026-04-26 23:58:29','2026-04-27 02:23:19',NULL),(56,5,30,'Smoothie Kiwi',NULL,165.00,NULL,'products/images/HS0mOmAWkcS00UHDw1HS9Mk4ogctg0HtyG97sQPN.jpg',1,0,1,'2026-04-26 23:58:29','2026-04-27 00:08:02',NULL),(57,5,30,'Smoothie Kiwi Pineapple',NULL,165.00,NULL,'products/images/UuIibbmFcVtMl0kCjJKk9YzjLLPqjQsiyRGv3x4c.jpg',1,0,2,'2026-04-26 23:58:29','2026-04-27 00:31:27',NULL),(58,5,30,'Smoothie Lemon Mint',NULL,165.00,NULL,'products/images/SG3ISD1IiTc6G77rfGDNRzJCaZ4FbIEOvhrlhvwj.jpg',1,0,3,'2026-04-26 23:58:29','2026-04-27 02:23:41',NULL),(59,5,30,'Smoothie Banana Strawberry',NULL,165.00,NULL,'products/images/3zyD17bju9uZzma8j2UkeVD7NfLz9O2DB19kuK8d.jpg',1,0,4,'2026-04-26 23:58:29','2026-04-27 02:24:14',NULL),(60,5,30,'Smoothie Watermelon',NULL,165.00,NULL,'products/images/tglPLVjG7GBBfDT9pdSchFmbNIHRRsxCFe601xP9.jpg',1,0,5,'2026-04-26 23:58:29','2026-04-27 02:24:32',NULL),(61,5,30,'Smoothie Blueberry',NULL,165.00,NULL,'products/images/x7HmMdgtJints85HMPfiT4yDhs45ozzsShXzdYOm.jpg',1,0,6,'2026-04-26 23:58:29','2026-04-27 02:24:48',NULL),(62,5,30,'Smoothie Boba',NULL,165.00,NULL,'products/images/7MEMIWUPD9FtGvhbHkaVEKzrMvVXXYE6NHXgw0IG.jpg',1,0,7,'2026-04-26 23:58:29','2026-04-27 02:25:18',NULL),(63,5,30,'Smoothie Guava',NULL,165.00,NULL,'products/images/UfwdCiPm5u0yeY9tMkHsU1QFrkCr8hmzq2K4F5on.jpg',1,0,8,'2026-04-26 23:58:29','2026-04-27 02:25:40',NULL),(64,5,30,'Smoothie Mango',NULL,165.00,NULL,'products/images/jcUk1LFIZtvIlzqNFuuOLN32NpoeHYcvlWmMYhXc.jpg',1,0,9,'2026-04-26 23:58:29','2026-04-27 02:26:05',NULL),(65,5,30,'Smoothie Orange Peach',NULL,165.00,NULL,'products/images/m3cbfYBX7appc9mRpOXS2HIvLkHafjBVaUY7XBls.jpg',1,0,10,'2026-04-26 23:58:29','2026-04-27 02:31:41',NULL),(66,5,30,'Smoothie Strawberry',NULL,165.00,NULL,'products/images/Ha8AFhaCESq11tF5gfVDJUoYFml2TDXMODYoGLwC.webp',1,0,11,'2026-04-26 23:58:29','2026-04-27 02:32:00',NULL),(67,5,30,'Smoothie Mango Passion',NULL,165.00,NULL,'products/images/VKaLQgKGdWphdhorkmYGGKEZEnJjSJZURerbwe97.jpg',1,0,12,'2026-04-26 23:58:29','2026-04-27 02:33:01',NULL),(68,5,31,'Florida',NULL,135.00,NULL,'products/images/iaJMNKqDJ5RcQGruH7QWAaEtI21R0yTmA77zUYQV.png',1,0,1,'2026-04-26 23:58:29','2026-04-27 00:04:47',NULL),(69,5,31,'Pina Colada',NULL,145.00,NULL,'products/images/sDY95Nfr0bYDpXvlyCRwY2Ed2X5WDxK3QJYBDAPH.jpg',1,0,2,'2026-04-26 23:58:29','2026-04-27 00:31:47',NULL),(70,5,31,'Titan',NULL,143.75,NULL,'products/images/zPW6o2nKgZwZpxgqnk2JcSFD3Oq5JgK0QAF3QuD5.png',1,0,3,'2026-04-26 23:58:29','2026-04-27 02:33:36',NULL),(71,5,31,'The Tree Cocktail',NULL,185.00,NULL,'products/images/cksd9QhYPynkA4x4ZDLaEBAdkhXPSa9nv38Xe9IM.png',1,0,4,'2026-04-26 23:58:29','2026-04-27 02:34:01',NULL),(72,5,31,'Tropicana',NULL,135.00,NULL,'products/images/qsyopT4lIJcH2Fv4KEo7RsUj6BQvJUuOfXq9ybhf.png',1,0,5,'2026-04-26 23:58:29','2026-04-27 02:34:31',NULL),(73,5,31,'Electric',NULL,135.00,NULL,'products/images/5zyQOjvfVeDQeeG9qnoS4QZJXmvU3XnZIEqH8Uqi.png',1,0,6,'2026-04-26 23:58:29','2026-04-27 02:34:41',NULL),(74,5,31,'Tutti Frutti',NULL,135.00,NULL,'products/images/SpBYUHXp6s8bJnE4l40Hjsb2xT48gVBy1jfxVAuF.png',1,0,7,'2026-04-26 23:58:29','2026-04-27 02:34:59',NULL),(75,5,31,'Coco Berry',NULL,135.00,NULL,'products/images/vHZgTr9xqgyVyqq3BEASLZD6LBebu8bRsBERjJzO.png',1,0,8,'2026-04-26 23:58:29','2026-04-27 02:35:52',NULL),(76,5,31,'Banana Jungle',NULL,135.00,NULL,'products/images/HW6TMK2xQXgdF5Zc3GDrXP3P7euYqRwi6lHNT8CT.png',1,0,9,'2026-04-26 23:58:29','2026-04-27 02:36:02',NULL),(77,5,31,'Fruits Yogurt',NULL,110.00,NULL,'products/images/lqwVeFGP9HQnZKnhl7a8MRfDSJfBq6yJVx4yljpq.jpg',1,0,10,'2026-04-26 23:58:29','2026-04-27 02:44:35',NULL),(78,5,31,'Honey Yogurt',NULL,115.00,NULL,'products/images/iNUUuH2S6cBY17vLFBGPJtI3n7CBwgovneLAlBQ9.jpg',1,0,11,'2026-04-26 23:58:29','2026-04-27 02:45:00',NULL),(79,5,32,'Milk Shake Vanilla',NULL,130.00,NULL,'products/images/wwjkRqZKVz5QtpdlLKhtPXb9P9PyrRdwRfC5mpfi.jpg',1,0,1,'2026-04-26 23:58:29','2026-04-27 00:09:08',NULL),(80,5,32,'Milk Shake Chocolate',NULL,130.00,NULL,'products/images/kgbzmIOzGU12aBQEsChHEmSx406Lutw1Hfu4JRml.webp',1,0,2,'2026-04-26 23:58:29','2026-04-27 00:32:37',NULL),(81,5,32,'Milk Shake Mango',NULL,130.00,NULL,'products/images/PDH3BAnbZJT569jHU3iUtrph16HAL8NWTIZdbFJ4.jpg',1,0,3,'2026-04-26 23:58:29','2026-04-27 02:45:22',NULL),(82,5,32,'Milk Shake Strawberry',NULL,130.00,NULL,'products/images/DJU83sXU9HK4stWWLmWuqDGXCd4eKwjYiIl1p1X7.webp',1,0,4,'2026-04-26 23:58:29','2026-04-27 02:45:38',NULL),(83,5,32,'Milk Shake Lotus',NULL,145.00,NULL,'products/images/ysG0HTlvPLvx5SqpMfYZ8cUWTJyMCc4c7B1Fu65c.jpg',1,0,5,'2026-04-26 23:58:29','2026-04-27 02:46:18',NULL),(84,5,32,'Milk Shake Oreo',NULL,135.00,NULL,'products/images/KTB68svoEOBszVaHf1j04F7I08ee0nJkMPHEn3jc.jpg',1,0,6,'2026-04-26 23:58:29','2026-04-27 02:47:15',NULL),(85,5,32,'Milk Shake Rasberry',NULL,130.00,NULL,'products/images/EhbQXsgGyh7uwtpX6lLt6IH535PRjj3XWJkAtMUs.jpg',1,0,7,'2026-04-26 23:58:29','2026-04-27 02:57:40',NULL),(86,5,32,'Milk Shake Pistachio',NULL,115.00,NULL,'products/images/At5ePIeQFy1XL7gtGBbdueDNJP3UgoAz2CtpXeyy.jpg',1,0,8,'2026-04-26 23:58:29','2026-04-27 02:58:17',NULL),(87,5,33,'Coca-Cola',NULL,55.00,NULL,'products/images/yCAsNDrF25fpT9gh9VWjapB4EtGGgsj6apR5HYge.webp',1,0,1,'2026-04-26 23:58:29','2026-04-27 00:05:22',NULL),(88,5,33,'Perill',NULL,65.00,NULL,'products/images/TOKOWzaKL4IwmiJ028PP8c9f92jadEi6Bloyk3la.jpg',1,0,2,'2026-04-26 23:58:29','2026-04-27 00:34:00',NULL),(89,5,33,'Schweppes',NULL,65.00,NULL,'products/images/ymVwwpCbkKIBCnSWjE4UQuL1MU3SWRFCJydJB3pk.jpg',1,0,3,'2026-04-26 23:58:29','2026-04-27 02:59:29',NULL),(90,5,33,'Small Water',NULL,20.13,NULL,'products/images/g0mgXIHoqWbxri5AxkWOK9rSxoD6oTe1JIIfEJJN.jpg',1,0,4,'2026-04-26 23:58:29','2026-04-27 02:59:54',NULL),(91,5,33,'Spiro Spathis',NULL,65.00,NULL,'products/images/kuxzsdO8XDnAh3yLX5EnP7PPbsCR0pcGPhNGtqxL.jpg',1,0,5,'2026-04-26 23:58:29','2026-04-27 03:00:11',NULL),(92,5,33,'RedBull',NULL,120.00,NULL,'products/images/ERDa9a5VU7q4OAt1RsmQPx56mQVE8iGjOzOXJwAc.webp',1,0,6,'2026-04-26 23:58:29','2026-04-27 03:00:30',NULL),(93,5,33,'Mojito Classic',NULL,120.00,NULL,'products/images/q6F4RZPzEqTTBFheGSF4C4KYTDcKNZaAVUFQInVY.webp',1,0,7,'2026-04-26 23:58:29','2026-04-27 03:00:47',NULL),(94,5,33,'Fayrous',NULL,65.00,NULL,'products/images/4XAZ1aMkgGrPncgyak4P8OubWIA2FoAEt4kbCvs9.png',1,0,8,'2026-04-26 23:58:29','2026-04-27 03:01:23',NULL),(95,5,33,'RedBull Mojito',NULL,145.00,NULL,'products/images/8On5lf1blYPrZeyuH3FiAwA0QyZZYEKsFgnPWtzJ.jpg',1,0,9,'2026-04-26 23:58:29','2026-04-27 03:02:29',NULL),(96,5,33,'Cherry Cola',NULL,85.00,NULL,'products/images/HQGOQusa9MWve94C6r4dbOehwSjpGtj9zsejrIOa.jpg',1,0,10,'2026-04-26 23:58:29','2026-04-27 03:02:49',NULL),(97,5,33,'Sunshine',NULL,85.00,NULL,'products/images/Fvj71ubdVjfmEljhPofXUJfNzReHRYGBcDq436fI.jpg',1,0,11,'2026-04-26 23:58:29','2026-04-27 03:03:30',NULL),(98,5,33,'Star Mint',NULL,85.00,NULL,'products/images/cQ9JqmmUl95l939rcTw39k51QsK00EJxCcUke7BY.jpg',1,0,12,'2026-04-26 23:58:29','2026-04-27 03:04:03',NULL),(99,5,34,'Cheese Cake Lotus',NULL,155.00,NULL,'products/images/12jXvVFEUpaYz0lzIP1KgpzhdKKxBcPoPVqNcmWR.jpg',1,0,13,'2026-04-26 23:58:29','2026-04-27 03:08:23',NULL),(100,5,34,'Om Ali',NULL,125.00,NULL,'products/images/uKU1qKbR4aUnIHPefB73XfMRaAGs0OJMUOqOMPd7.jpg',1,0,1,'2026-04-26 23:58:29','2026-04-27 00:06:39',NULL),(101,5,34,'Crape Nutella',NULL,120.00,NULL,'products/images/2kBATj2pOI5g3dVCptjZXO07eFTyP6I9kz0HPuJe.jpg',1,0,2,'2026-04-26 23:58:29','2026-04-27 00:37:40',NULL),(102,5,34,'Molten Nutella',NULL,155.00,NULL,'products/images/Ovybkvdhc4ox0AQ29eQERohoHcYVgc6HnMcMoYg8.jpg',1,0,3,'2026-04-26 23:58:29','2026-04-27 03:05:11',NULL),(103,5,34,'Molten Cake',NULL,155.00,NULL,'products/images/jRkWp49E0gJpt3h5LFScEeTLeKeOLo3Yc1imf7br.webp',1,0,4,'2026-04-26 23:58:29','2026-04-27 03:05:36',NULL),(104,5,34,'Brownies Ice Cream',NULL,145.00,NULL,'products/images/6A1NXTn235dJNmlIQNE3q0A1bHagS3nb2tLdmB74.jpg',1,0,5,'2026-04-26 23:58:29','2026-04-27 03:05:59',NULL),(105,5,34,'Chocolate Cake',NULL,145.00,NULL,'products/images/kehYHgVfrXySGZKDn0ymmcnb2J0QYBnxzb7nACKO.jpg',1,0,6,'2026-04-26 23:58:29','2026-04-27 03:06:23',NULL),(106,5,34,'Cheese Cake Flavors',NULL,145.00,NULL,'products/images/Uvz9AEufBtpD8UmgKdAO31oradSXr23kbGuOCZeE.webp',1,0,7,'2026-04-26 23:58:29','2026-04-27 03:06:54',NULL),(107,5,34,'Cheese Cake Pastachio',NULL,145.00,NULL,'products/images/HU36BiqOOJvbEw9dMGqnkcZ2giOXcmJFewOz4vMp.jpg',1,0,8,'2026-04-26 23:58:29','2026-04-27 03:10:17',NULL),(108,5,34,'HoHo Madness',NULL,145.00,NULL,'products/images/rfU4DgdlryWmkaOGK860c6lig6hZ1ScXBsK2aq8w.webp',1,0,9,'2026-04-26 23:58:29','2026-04-27 03:10:42',NULL),(109,5,34,'Oreo Madness',NULL,145.00,NULL,'products/images/XYYhWu98xPPr0EfPC2B0wJ9wcIHqvzA7Mgr0xFOs.webp',1,0,10,'2026-04-26 23:58:29','2026-04-27 03:11:06',NULL),(110,5,34,'Chesse Madness',NULL,145.00,NULL,'products/images/KZ3pecp6MfK4kWOmRT1kStS07zfNgqb3lSGdACam.webp',1,0,11,'2026-04-26 23:58:29','2026-04-27 03:11:31',NULL),(111,5,34,'The Tree Madness',NULL,145.00,NULL,'products/images/HdIvkb2DBRzRNgjUiiKPQMcCa8hB5yrUtPQRhExi.png',1,0,12,'2026-04-26 23:58:29','2026-04-27 03:11:45',NULL),(112,5,34,'Waffle Nutella',NULL,120.00,NULL,'products/images/jBvWMUT77Fr35Cf3EnX7vs86TLHbtEO6K23cY0bx.jpg',1,0,13,'2026-04-26 23:58:29','2026-04-27 03:12:12',NULL),(113,5,34,'Waffle Fruit',NULL,120.00,NULL,'products/images/N4Qi56jVoQIi3G7Qs7xewLLBjyMgfoUq5tPFqrJp.webp',1,0,14,'2026-04-26 23:58:29','2026-04-27 03:12:35',NULL),(114,5,34,'Waffle Lotus',NULL,130.00,NULL,'products/images/QPrW9hhnk6ROlcTlC1aIQVgkYQ3YmXqmwMKRh7VZ.png',1,0,15,'2026-04-26 23:58:29','2026-04-27 03:13:23',NULL),(115,5,34,'The Tree Waffle',NULL,155.00,NULL,'products/images/L6LOjoNuIhvLIdGnUyWRKg7kUurD6LvRBmMFbM97.png',1,0,16,'2026-04-26 23:58:29','2026-04-27 03:13:34',NULL),(116,5,34,'Fruit Salad',NULL,140.00,NULL,'products/images/NhiESYD3WT13JeB1TPm12XzY2b16syTbrwlkll26.webp',1,0,17,'2026-04-26 23:58:29','2026-04-27 03:14:04',NULL),(117,5,34,'Ice Cream',NULL,99.00,NULL,'products/images/1Cb3jpqgyzxOZTHQE6Ob3UjHXLh5gVIvxkYmcKPg.webp',1,0,18,'2026-04-26 23:58:29','2026-04-27 03:14:27',NULL),(118,5,35,'Ex Milk',NULL,25.00,NULL,'products/images/gCWfEJb9ncEHEmxJiczyQAauUiuSHTsVhSyNQNNd.png',1,0,1,'2026-04-26 23:58:29','2026-04-27 00:10:33',NULL),(119,5,35,'Ex Flav',NULL,35.00,NULL,'products/images/VWn4JsCTsLzfB72giM6ZXovwWiu4OpKzti0i2YT0.png',1,0,2,'2026-04-26 23:58:29','2026-04-27 00:37:55',NULL),(120,5,36,'Oriental Breakfast',NULL,145.00,NULL,'products/images/DYzaB1p3TnmMllAbbuewtjWce4JfyhSdZCUkzKAU.png',1,0,1,'2026-04-26 23:58:29','2026-04-27 00:10:24',NULL),(121,5,36,'The Tree Breakfast',NULL,165.00,NULL,'products/images/FdMlQzPKknCTCJ24ZONrdLikV5kJJNkArz4pXsWy.png',1,0,2,'2026-04-26 23:58:29','2026-04-27 00:38:09',NULL),(122,5,36,'Turky Cheese',NULL,145.00,NULL,'products/images/17LIFfPwqeUARnshZMl0EnH2CtGgsNbSwM0NRv7X.jpg',1,0,3,'2026-04-26 23:58:29','2026-04-27 03:14:52',NULL),(123,5,36,'Spinach Omellet',NULL,135.00,NULL,'products/images/2qLsSPYKxq2QlX28XYtYHqTbe5MOc8G8z9UdxcQz.jpg',1,0,4,'2026-04-26 23:58:29','2026-04-27 03:15:31',NULL),(124,5,36,'Smoked Turky',NULL,135.00,NULL,'products/images/SCIAdur8ffnmMBYE3Ig4l4VLpJp7rdFKMOQlvprc.jpg',1,0,5,'2026-04-26 23:58:29','2026-04-27 03:15:53',NULL),(125,5,37,'Tuna Salad',NULL,210.00,NULL,'products/images/5w0z2vPdX8XvyCoDqhOrgt6uckNtMcreHXIu5gdk.webp',1,0,1,'2026-04-26 23:58:29','2026-04-27 00:04:14',NULL),(126,5,37,'Quino Greek Salad',NULL,180.00,NULL,'products/images/rzDGffhD00eK4xz7snwO0qY7MwczRgcEcQM6VSKQ.jpg',1,0,2,'2026-04-26 23:58:29','2026-04-27 00:38:43',NULL),(127,5,37,'Chicken Caesar Salad',NULL,210.00,NULL,'products/images/afQUxPTKUkqG7wFBcdztv7SjzRV6OeKJya7ZcSzF.jpg',1,0,3,'2026-04-26 23:58:29','2026-04-27 03:16:16',NULL),(128,5,37,'Beet Salad',NULL,220.00,NULL,'products/images/WU0Bwp8uhqbuOSCnM8okI0e0KLppmOGTF7fzHSfo.jpg',1,0,4,'2026-04-26 23:58:29','2026-04-27 03:16:35',NULL),(129,5,37,'BabaGhanoush',NULL,74.75,NULL,'products/images/hnHadjFRNKnKJqU4mhlIrDH1AZRHHH6Rzx56q2n4.jpg',1,0,5,'2026-04-26 23:58:29','2026-04-27 03:16:54',NULL),(130,5,37,'Garlic Salad',NULL,145.00,NULL,'products/images/nEoswCvRPRAiF4kEGt8TGZHl2xfb3lxNKLaNqaCR.jpg',1,0,6,'2026-04-26 23:58:29','2026-04-27 03:17:22',NULL),(131,5,37,'Oriantal Salad',NULL,140.00,NULL,'products/images/o6f3anDS3GAfd75SC5sdZKKS9AITSJoCJzyYui0X.jpg',1,0,7,'2026-04-26 23:58:29','2026-04-27 03:17:43',NULL),(132,5,37,'Tahini Salad',NULL,74.75,NULL,'products/images/WM00ob599g5VPMgmPouOl8red8BhrCpSjGcCOMo8.jpg',1,0,8,'2026-04-26 23:58:29','2026-04-27 03:18:14',NULL),(133,5,38,'Margherita Pizza',NULL,190.00,NULL,'products/images/rDhxZYO1KyI72qHcahGXjAXisi5nEeqpsTs31t0n.jpg',1,0,1,'2026-04-26 23:58:29','2026-04-27 00:20:30',NULL),(134,5,38,'Frutti Di Mare Pizza',NULL,290.00,NULL,'products/images/W3wHGOnYaRfQushlU8tNoiSo5AkxxBYuMGwMDEvZ.webp',1,0,2,'2026-04-26 23:58:29','2026-04-27 00:39:25',NULL),(135,5,38,'Chicken B.Q.Q Pizza',NULL,245.00,NULL,'products/images/5DeLh7NpMfvuRBRmkaxbfZko9I8Fm4KyOahMs4Ke.jpg',1,0,3,'2026-04-26 23:58:29','2026-04-27 03:18:38',NULL),(136,5,38,'Chicken Ranch Pizza',NULL,255.00,NULL,'products/images/7LRumWF5cl02GFooQR9VYLM0gnFcLDRX07m55sQw.jpg',1,0,4,'2026-04-26 23:58:29','2026-04-27 03:18:58',NULL),(137,5,38,'Vegetable Pizza',NULL,230.00,NULL,'products/images/IzGYxISWrW1DlEQ2lQHFuhrWnnV224PWq3Tz1GVz.jpg',1,0,5,'2026-04-26 23:58:29','2026-04-27 03:19:18',NULL),(138,5,38,'Di Carne Pizza',NULL,264.50,NULL,'products/images/HaN0N2RDQysVDlvKEnaWGYyik1PEZUyy0abfNWuh.jpg',1,0,6,'2026-04-26 23:58:29','2026-04-27 03:19:38',NULL),(139,5,38,'Pepperoni Pizza',NULL,265.00,NULL,'products/images/eo3X7PyjcSzvvxX46VYM1tikqssDjyMFlQqeDpp0.jpg',1,0,7,'2026-04-26 23:58:29','2026-04-27 03:19:58',NULL),(140,5,38,'The Tree Pizza',NULL,275.00,NULL,'products/images/b1qncAJw1G7bioGS0LEm6zdPRhWtH6jeCmfgX2yH.png',1,0,8,'2026-04-26 23:58:29','2026-04-27 03:20:11',NULL),(141,5,39,'Chicken Grill',NULL,380.00,NULL,'products/images/q3JfP6lh8eQCvbl4PuB9VdyOgzkZJtiKzYUBn9GJ.jpg',1,0,1,'2026-04-26 23:58:29','2026-04-27 00:21:05',NULL),(142,5,39,'Sweet Chili Chicken',NULL,375.00,NULL,'products/images/KoEylckdoF8O2mvmLkPqf2YCnRtKjGFW6JDUKD1k.jpg',1,0,2,'2026-04-26 23:58:29','2026-04-27 00:39:55',NULL),(143,5,39,'The Tree Chicken',NULL,390.00,NULL,'products/images/1vbNiav7I9IUxXnHc6LlHfBMqTnYGUgz2DCfvVWU.png',1,0,3,'2026-04-26 23:58:29','2026-04-27 03:23:48',NULL),(144,5,39,'Chicken Fajitas',NULL,395.00,NULL,'products/images/McKU1yNKSlGMERmhRjAQmHEmpanlB8IOt80dg4N8.jpg',1,0,4,'2026-04-26 23:58:29','2026-04-27 03:24:12',NULL),(145,5,40,'Beef Fajitas',NULL,485.00,NULL,'products/images/Uz2COARVT4ScXsLhDoUA2eKNoxiDyzYue2CqUxGT.jpg',1,0,1,'2026-04-26 23:58:29','2026-04-27 00:12:41',NULL),(146,5,40,'Grilled Rib Eye',NULL,550.00,NULL,'products/images/28wSpiWMkAxQ1nu1XlvW4fRcGPIzViFCvdgLf8Jn.webp',1,0,2,'2026-04-26 23:58:29','2026-04-27 00:40:36',NULL),(147,5,40,'Beef Madeilion',NULL,535.00,NULL,'products/images/dicsTp6nIhF9XP38S5FKmbTyRXhGtEICaQqkWhBR.webp',1,0,3,'2026-04-26 23:58:29','2026-04-27 03:24:34',NULL),(148,5,40,'Beef Piccata',NULL,540.00,NULL,'products/images/tx8malhCKVNxPYazFbZRGAvke6WCpO5CWfJoqMHb.jpg',1,0,4,'2026-04-26 23:58:29','2026-04-27 03:25:00',NULL),(149,5,41,'Chicken Alfredo Pasta',NULL,245.00,NULL,'products/images/x29d6Now1niJy6AAVyDZp2gsc3N11RMTcdXrL9QW.jpg',1,0,1,'2026-04-26 23:58:29','2026-04-27 00:22:34',NULL),(150,5,41,'Arabiata',NULL,170.00,NULL,'products/images/qnvhrMhvdU5GSOwB4Uqlh0OhoJGkPtY1dui3UfSN.jpg',1,0,2,'2026-04-26 23:58:29','2026-04-27 00:41:21',NULL),(151,5,41,'Rosa Lasagna',NULL,265.00,NULL,'products/images/yqzuCwKdK50v4JKvNfBewf3Xzb6s7sk7PvDIaOKV.jpg',1,0,3,'2026-04-26 23:58:29','2026-04-27 03:25:27',NULL),(152,5,41,'Seafood Pasta','seafoad',325.00,NULL,'products/images/iSgE6wbppr5NbAmcQVSI2hRzvC9IEzsBZcbbuVts.jpg',1,0,4,'2026-04-26 23:58:29','2026-04-27 03:26:04',NULL),(153,5,41,'Spaghetti Bolognese',NULL,220.00,NULL,'products/images/AiyUTpgAkSvDN9oFK1cOOebVy3x64OwcCR7YJkRu.jpg',1,0,5,'2026-04-26 23:58:29','2026-04-27 03:26:38',NULL),(154,5,41,'Mac And Cheese Pasta',NULL,250.00,NULL,'products/images/mWrXxe0oX8vbbdUkLdqPxPpCGr1uQmbr7B9gvx7d.jpg',1,0,6,'2026-04-26 23:58:29','2026-04-27 03:26:57',NULL),(155,5,41,'Chicken Pesto Pasta',NULL,240.00,NULL,'products/images/rXStdeQXLWNrJIq6FLQ3Syz1FSShrUGamsp7ow9H.jpg',1,0,7,'2026-04-26 23:58:29','2026-04-27 03:27:15',NULL),(156,5,41,'Mushroom Risotto',NULL,255.00,NULL,'products/images/bpMXfBbZ9WuJzi2wytqFRCmi4OhXWXPXtuzr21fE.webp',1,0,8,'2026-04-26 23:58:29','2026-04-27 03:27:39',NULL),(157,5,41,'Seafood Risotto',NULL,325.00,NULL,'products/images/SsOECjkhRWoE21kefwZVSBewRcI1pzu5pv5QZ7Pv.jpg',1,0,9,'2026-04-26 23:58:29','2026-04-27 03:27:59',NULL),(158,5,42,'Mexican Chicken Burrito',NULL,149.50,NULL,'products/images/ZTIEnvcFzoZ08FGrghF3d8OLPMcxDuWAsbjUBbOs.jpg',1,0,1,'2026-04-26 23:58:29','2026-04-27 00:12:01',NULL),(159,5,42,'Mozzarella Sticks',NULL,175.00,NULL,'products/images/RY2MMlNDzBNjzfZ0tCuRpO7lLgrWPmMWyFMXNaba.jpg',1,0,2,'2026-04-26 23:58:29','2026-04-27 00:41:55',NULL),(160,5,42,'Gourmet Potatoes',NULL,175.00,NULL,'products/images/WiNlnJXmmI0v0hUXzDBjP21SdTrD4sifK7G990rv.jpg',1,0,3,'2026-04-26 23:58:29','2026-04-27 03:28:34',NULL),(161,5,42,'Amrancini Polo',NULL,185.00,NULL,'products/images/7lLzbbnKXD60mt2VN0JyQsMj1tdaEm7i0OWnbwJ6.png',1,0,4,'2026-04-26 23:58:29','2026-04-27 22:39:52',NULL),(162,5,42,'Fritto Misto',NULL,220.00,NULL,'products/images/nyWHSQPcOsqXdQkUyLHmOG1Duw3ZFLKCJb52LtEf.jpg',1,0,5,'2026-04-26 23:58:29','2026-04-27 03:29:05',NULL),(163,5,42,'Mexican Chicken Quesadilla',NULL,210.00,NULL,'products/images/SU53FcnzQh5UHsSrTNCLE7OeY5hsHIYxotbIrVys.jpg',1,0,6,'2026-04-26 23:58:29','2026-04-27 03:29:27',NULL),(164,5,42,'Mexican Beef Quesadilla',NULL,220.00,NULL,'products/images/YuyWBltj9hSXvzgsM65UDfpdimGKb5xcBiaPO3yu.jpg',1,0,7,'2026-04-26 23:58:29','2026-04-27 03:29:47',NULL),(165,5,42,'Classic Mexican Nachos',NULL,135.00,NULL,'products/images/JuCcsZUR4L37x9zci1SP5dGj0aV98AhdEcqBkiQh.jpg',1,0,8,'2026-04-26 23:58:29','2026-04-27 03:30:14',NULL),(166,5,43,'Chicken Soup',NULL,135.00,NULL,'products/images/XWhETxtiZpeGv5CunUBfRN5LGJYGidns8NcrbQTU.jpg',1,0,1,'2026-04-26 23:58:29','2026-04-27 00:24:04',NULL),(167,5,43,'Mushroom Soup',NULL,130.00,NULL,'products/images/1djGpYHgHYkvQqglLV7gXayTAYpNrOhoqxUkPIWl.jpg',1,0,2,'2026-04-26 23:58:29','2026-04-27 03:30:33',NULL),(168,5,43,'Seafood Soup',NULL,165.00,NULL,'products/images/0T0l3TtkIKXhNaWVqtFIIRUsIhYHOp7xV8UellFv.webp',1,0,3,'2026-04-26 23:58:29','2026-04-27 03:30:50',NULL),(169,5,43,'شوربة عدس',NULL,85.00,NULL,'products/images/W3SCDlyXX48WkpbUImi3rV6MU4tqdLtDEICTXTUZ.jpg',1,0,4,'2026-04-26 23:58:29','2026-04-27 03:31:06',NULL),(170,5,43,'Italian Minestrone Soup',NULL,110.00,NULL,'products/images/Pjto7w9eth7msd9fh4qFzmZ1Voo9x19qD4nQBGOt.jpg',1,0,5,'2026-04-26 23:58:29','2026-04-27 03:31:29',NULL),(171,5,44,'Grilled Salamon',NULL,525.00,NULL,'products/images/L6Vc1ETvvJ2IkpnweGLG62BgH1jCIepvUKb4yLUo.jpg',1,0,1,'2026-04-26 23:58:29','2026-04-27 00:24:29',NULL),(172,5,44,'Grilled Shrimps',NULL,490.00,NULL,'products/images/8tyShMdAWPQjedeeOcxtymeyOiqNoFck8oYE7dyI.jpg',1,0,2,'2026-04-26 23:58:29','2026-04-27 03:31:54',NULL),(173,5,44,'Crab Sauce Shrimp',NULL,490.00,NULL,'products/images/COP2zbsaBxTiZhzsZhA6e3iomHOslrUbZO3XUJYj.jpg',1,0,3,'2026-04-26 23:58:29','2026-04-27 03:32:21',NULL),(174,5,44,'Fish And Chips',NULL,255.00,NULL,'products/images/keBFGdjoweHg09EGFdSr10edKbbZCt08ajyWH5SM.jpg',1,0,4,'2026-04-26 23:58:29','2026-04-27 03:32:53',NULL),(175,5,45,'Mix Grill',NULL,440.00,NULL,'products/images/dAffik8Bdua4phpgx2r5iIJ8SJp30GeGozC3rHC3.jpg',1,0,1,'2026-04-26 23:58:29','2026-04-27 00:25:34',NULL),(176,5,45,'Chicken Mashab',NULL,395.00,NULL,'products/images/TtuVwBK2UEr5pHLIiUbVf2CUplvpqR8YoTtVG6nC.png',1,0,2,'2026-04-26 23:58:29','2026-04-27 22:35:46',NULL),(177,5,45,'Shish Tawok',NULL,385.00,NULL,'products/images/2BQ8AJrETzAw0STGetSVaZ8QOFKfAKZAqLnaU3UQ.jpg',1,0,3,'2026-04-26 23:58:29','2026-04-27 22:36:14',NULL),(178,5,46,'Steak Sandwish',NULL,230.00,NULL,'products/images/fbjkqsqWkq8QahvcrdklQg2qlyXJMcBKZcErIXZ3.jpg',1,0,1,'2026-04-26 23:58:29','2026-04-27 00:25:59',NULL),(179,5,46,'Mexican Sandwish',NULL,175.00,NULL,'products/images/xIz1UIavC7T0hCeliEV8aiKoRpfKbKyfXSxBjQYh.jpg',1,0,2,'2026-04-26 23:58:29','2026-04-27 22:37:10',NULL),(180,5,46,'Chicken Ransh Sando',NULL,165.00,NULL,'products/images/72aBba8ZFkMj23JvvyOumGMEPceKZU3jfKI8KXel.jpg',1,0,3,'2026-04-26 23:58:29','2026-04-27 22:37:38',NULL),(181,5,46,'Panini Vegan Sandwish',NULL,165.00,NULL,'products/images/su3KIsPbQ9J7Owcarx329gxecUmatatRBWiZBhgX.jpg',1,0,4,'2026-04-26 23:58:29','2026-04-27 22:38:02',NULL),(182,5,46,'Shrimp Sandwish',NULL,230.00,NULL,'products/images/Q9FSuD34x4VI1XjZLU2QMPaoLIRYxaPqmELQ53Mx.jpg',1,0,5,'2026-04-26 23:58:29','2026-04-27 22:38:21',NULL),(183,5,46,'Chicken Fajita Sando',NULL,220.00,NULL,'products/images/oExy3vl9DDBpLrBF2RhVQjI2LJspBzX8WiODTnLZ.jpg',1,0,6,'2026-04-26 23:58:29','2026-04-27 22:38:40',NULL),(184,5,46,'Shawarma Wrap',NULL,149.50,NULL,'products/images/XMkPgDRwndw3hITa5jszDKSg6XKUe5ShwEGrBjjm.jpg',1,0,7,'2026-04-26 23:58:29','2026-04-27 22:39:20',NULL),(185,5,46,'Fried Chicken Warp',NULL,230.00,NULL,'products/images/4N0XsjFEuBLc1qIMmGPhqPytgFUiTPwnwDuPfvfz.jpg',1,0,8,'2026-04-26 23:58:29','2026-04-27 07:03:35',NULL),(186,5,46,'Classic Burger',NULL,240.00,NULL,'products/images/J6hpWwhCNbYaLTgTKGR8wzBzINGSFt40wvG0NVEP.jpg',1,0,9,'2026-04-26 23:58:29','2026-04-27 07:04:00',NULL),(187,5,46,'The Tree Burger',NULL,265.00,NULL,'products/images/eVo08DUtOzHl1mMuYv078QoZGab8mEGbHnrtwtUT.jpg',1,0,10,'2026-04-26 23:58:29','2026-04-27 07:08:57',NULL),(188,5,47,'Mini Burger',NULL,190.00,NULL,'products/images/7uTWIWeubC9CkywHiGX6hduwRQVXyXcWDodQ7QCM.webp',1,0,1,'2026-04-26 23:58:29','2026-04-27 00:26:33',NULL),(189,5,47,'Strips With Fries',NULL,205.00,NULL,'products/images/4Kh4bs3C1FtymTn9I8RjzpHrxMcZrlcDiG8TDrEh.webp',1,0,2,'2026-04-26 23:58:29','2026-04-27 07:10:47',NULL),(190,5,48,'Mash Potato',NULL,60.00,NULL,'products/images/ygz2BQdUwSOSLszJXDILO85p1Zt3EZfu5DUXFTJN.jpg',1,0,1,'2026-04-26 23:58:29','2026-04-27 00:26:54',NULL),(191,5,48,'White Rice',NULL,50.00,NULL,'products/images/wISDYXYNHGLAY6153NXzH5YxSigPkfv87zwXgDXd.webp',1,0,2,'2026-04-26 23:58:29','2026-04-27 07:11:10',NULL),(192,5,48,'Oriantal Rice',NULL,65.00,NULL,'products/images/yoCiOdCaIyFYMSyDxpy9LKPxz9jHfKab2ABwAGK4.jpg',1,0,3,'2026-04-26 23:58:29','2026-04-27 07:11:53',NULL),(193,5,48,'Sautéed Vegetables',NULL,70.00,NULL,'products/images/lu015L0lEZQHkXOFEagL5KGRtmp5w9s84t1J6ahY.jpg',1,0,4,'2026-04-26 23:58:29','2026-04-27 07:12:13',NULL),(194,5,48,'French Frise',NULL,70.00,NULL,'products/images/X654pm46ybkUTWsI15lD1uHsbxlZgAXkdzmPMSNa.jpg',1,0,5,'2026-04-26 23:58:29','2026-04-27 07:12:44',NULL),(195,5,48,'Frash Frise L',NULL,90.00,NULL,'products/images/1KllnL4jGfaTEXbWfU8wP8oJ2RdJTy6SBQYUR6Vr.jpg',1,0,6,'2026-04-26 23:58:29','2026-04-27 07:12:55',NULL),(196,5,48,'Shrimp',NULL,145.00,NULL,'products/images/TTdwILpfMJAeyRFJBOJpvWErwkk6PyE6nPOPipXH.jpg',1,0,7,'2026-04-26 23:58:29','2026-04-27 07:13:30',NULL),(197,5,48,'Chicken',NULL,90.00,NULL,'products/images/F7dACzF8u3D7RX3MXadqwuzQPHnAx1JJe9ezHbx6.jpg',1,0,8,'2026-04-26 23:58:29','2026-04-27 07:14:11',NULL),(198,5,48,'Cheese',NULL,74.75,NULL,'products/images/q9x1V7fQ4OceoYtm0qIYFjLQ3o2Oy4h1qLdEuTsU.jpg',1,0,9,'2026-04-26 23:58:29','2026-04-27 07:14:39',NULL),(199,5,48,'Pasta White',NULL,105.00,NULL,'products/images/jNt2sFi0mUr6vHMTmVsKrsUQPpanT8w2qUTHLIH6.jpg',1,0,10,'2026-04-26 23:58:29','2026-04-27 07:15:05',NULL),(200,5,48,'Pasta Red',NULL,90.00,NULL,'products/images/mdVMK77DAmzJVUwhiGff1tuXlkDVQNNapwCuoSIJ.webp',1,0,11,'2026-04-26 23:58:29','2026-04-27 07:15:39',NULL),(201,5,48,'Rice Basmati',NULL,75.00,NULL,'products/images/BmBdU9WqL5oB4WgY4phjHBYI4DEbZHH4xkR0IPXD.jpg',1,0,12,'2026-04-26 23:58:29','2026-04-27 07:16:20',NULL),(202,5,48,'Rice White',NULL,40.25,NULL,'products/images/CUNM95SJTZH9ESvaky2Soj4kzmkKanql75Vk227d.webp',1,0,13,'2026-04-26 23:58:29','2026-04-27 07:16:32',NULL),(203,5,48,'Basket Bread',NULL,30.00,NULL,'products/images/Od8M5p34FnsVgY5SIVGDitY0R87eW8tXTcseK4c5.webp',1,0,14,'2026-04-26 23:58:29','2026-04-27 07:17:16',NULL),(204,5,48,'Ex Mashroom',NULL,45.00,NULL,'products/images/W2uH7S9sRORZW7bk9pkfsvhJhI7qXbRxFTiOrFw9.jpg',1,0,15,'2026-04-26 23:58:29','2026-04-27 07:18:02',NULL),(205,5,49,'شيشه فواكه',NULL,175.00,NULL,'products/images/jEpYNHMmIyqqKjiMdzo7bS9RtzHbH8ngmoXl6MPT.webp',1,0,1,'2026-04-26 23:58:29','2026-04-27 00:27:28',NULL),(206,5,49,'ذا ترى شيشه',NULL,205.00,NULL,'products/images/fgsWyVYPtY6MqSwfOocnA2ZvOQzvWXEXaikWk672.jpg',1,0,2,'2026-04-26 23:58:29','2026-04-27 07:19:27',NULL),(207,5,49,'لى طبى',NULL,25.00,NULL,'products/images/jz4Ycg2qK2b1vsnodxqwb2elunlLnxKBrT0h0azd.png',1,0,3,'2026-04-26 23:58:29','2026-04-27 07:20:05',NULL),(208,5,49,'شيشه اسكندرانى',NULL,70.00,NULL,'products/images/UYyzCCKHYhqIRF2g2xROy7Whrp5yC8hWtvuSsQ4a.jpg',1,0,4,'2026-04-26 23:58:29','2026-04-27 07:20:17',NULL),(209,5,49,'شيشه معسل',NULL,50.00,NULL,'products/images/Hl2cnLn3UtAolMSNiXP66AiqUkshHuKcraecF3u8.webp',1,0,5,'2026-04-26 23:58:29','2026-04-27 07:21:12',NULL),(210,5,49,'غيار فواكه',NULL,110.00,NULL,'products/images/gOztKZOItGypKV8rbs4HUjNoOROj4t3rDSNWUQYS.jpg',1,0,6,'2026-04-26 23:58:29','2026-04-27 07:21:50',NULL),(414,6,72,'Tea - شاي',NULL,45.00,NULL,'products/images/nUbjN3yfOVf2nCvy6El1mDXQqKkK08R5velHdVH4.webp',1,0,1,'2026-05-12 01:44:12','2026-05-12 01:44:28',NULL),(415,6,72,'Green Tea - شاي أخضر',NULL,45.00,NULL,'products/images/F6PpjIqZQ3BWXnZO4IdyxdJEXDQmDhZZeDWAbIam.jpg',1,0,2,'2026-05-12 01:44:12','2026-05-12 01:44:35',NULL),(416,6,72,'Anise Tea - ينسون',NULL,45.00,NULL,'products/images/1Ra9Wv8sxu6eE6PiPY85JctVjCe1t10AOEr3XjGb.jpg',1,0,3,'2026-05-12 01:44:12','2026-05-12 01:44:42',NULL),(417,6,72,'Herbal Mix - ميكس أعشاب',NULL,45.00,NULL,'products/images/Wnqek0c9WAUIq89w82TMxC49tIChsdFMlBGRs738.jpg',1,0,4,'2026-05-12 01:44:12','2026-05-12 01:44:56',NULL),(418,6,72,'Moroccan Tea - شاي مغربي',NULL,55.00,NULL,'products/images/fvHku0zzhVc1i7DW8sIqVAPJWXN3WKBllu72ynGg.jpg',1,0,5,'2026-05-12 01:44:12','2026-05-12 01:45:04',NULL),(421,6,72,'Karak Tea - شاي كرك',NULL,100.00,NULL,'products/images/WA5MjhFIeuRrx8Q8sFwl4c33x37JA4bUmMa0qerj.webp',1,0,8,'2026-05-12 01:44:12','2026-05-12 01:45:25',NULL),(423,6,72,'Special Sahlab - سحلب مميز',NULL,110.00,NULL,'products/images/RUyWjhnYDZoyDbQ4kl4U38HJrwjSj9ZzyEV5twLx.webp',1,0,10,'2026-05-12 01:44:12','2026-05-12 01:45:42',NULL),(425,6,72,'Hot Chocolate Marshmallow - هوت شوكولاتة مارشميلو',NULL,85.00,NULL,'products/images/dCDLodUOhHmaOL9HpigDBQuwi9oTKBIYZS7Eos3j.jpg',1,0,12,'2026-05-12 01:44:12','2026-05-12 01:45:55',NULL),(429,6,94,'Affogato Coffee - أفوجاتو كوفي',NULL,80.00,NULL,'products/images/y6xiDXmYepDjoUA67Neyy5CbZw0g1PmkOTlv14pA.jpg',1,0,16,'2026-05-12 01:44:12','2026-05-14 09:43:27',NULL),(431,6,72,'Hot Cider - هوت سيدر',NULL,85.00,NULL,'products/images/DoSncynkzOKCUb5sJtWl5EgsTjHZNHejkD2eekKI.jpg',1,0,18,'2026-05-12 01:44:12','2026-05-12 01:59:03',NULL),(432,6,94,'Turkish Coffee Single - قهوة تركي سنجل',NULL,50.00,NULL,'products/images/E17nwLvhYxDmppQoRb0WJJQoCJE4i9beChY2lZAc.jpg',1,0,19,'2026-05-12 01:44:12','2026-05-14 09:31:19',NULL),(433,6,94,'Turkish Coffee Double - قهوة تركي دبل',NULL,70.00,NULL,'products/images/SxNxEHVxaSbsnOuxPtHQu5wKlYZ6JXHtqsWLDlHO.jpg',1,0,20,'2026-05-12 01:44:12','2026-05-14 09:31:42',NULL),(434,6,94,'Espresso Single - إسبرسو سنجل',NULL,55.00,NULL,'products/images/PHd7oJqVfp2dBScwZceimKuWk3XAoNhJ5DDpiTSg.jpg',1,0,21,'2026-05-12 01:44:12','2026-05-14 09:32:02',NULL),(435,6,94,'Espresso Double - إسبرسو دبل',NULL,75.00,NULL,'products/images/Q4unDxUynrKouOujeKo6G7z0XbgO2VWIHQZHM1YZ.jpg',1,0,22,'2026-05-12 01:44:12','2026-05-14 09:32:18',NULL),(436,6,94,'Macchiato Single - ميكاتو سنجل',NULL,60.00,NULL,'products/images/WiPal6ujzjdXfi1WkwbLqUYKE2QNn0DG1qLgcXtg.jpg',1,0,23,'2026-05-12 01:44:12','2026-05-14 09:32:34',NULL),(437,6,94,'Macchiato Double - ميكاتو دبل',NULL,80.00,NULL,'products/images/8YWrmxeZnQ1m4HC12Yvyw5PdBuM2kSETZIGnyjAg.jpg',1,0,24,'2026-05-12 01:44:12','2026-05-14 09:32:51',NULL),(438,6,94,'American Coffee - أمريكان كوفي',NULL,95.00,NULL,'products/images/TJ1zfnGqe7Rq3yetQNUN4IIw2QQzqq3rWC2ruRy4.webp',1,0,25,'2026-05-12 01:44:12','2026-05-21 21:37:07',NULL),(439,6,94,'French Coffee - قهوة فرنساوي',NULL,75.00,NULL,'products/images/2JLfK0wY78xSXf1zbK6lNm2HN7rmKjO8hTM1A9hm.jpg',1,0,26,'2026-05-12 01:44:12','2026-05-14 09:33:34',NULL),(440,6,94,'Hazelnut Coffee - قهوة بندق',NULL,80.00,NULL,'products/images/LIVFPKKqNvGRrhGGGwoS4PPAS6RkUIdZ26SQ8iqE.jpg',1,0,27,'2026-05-12 01:44:12','2026-05-14 09:33:49',NULL),(441,6,94,'Cortado - كورتادو',NULL,80.00,NULL,'products/images/lqWSUTMjFgdFdZiTPoMXkVfzhF4qMXKj75Ru6ypV.jpg',1,0,28,'2026-05-12 01:44:12','2026-05-14 09:34:49',NULL),(442,6,94,'Nescafe - نسكافيه',NULL,95.00,NULL,'products/images/7DkXuvuoPQHIwNIQAaCe7FQHUrbDMjAXVaMUu1gh.webp',1,0,29,'2026-05-12 01:44:12','2026-05-21 21:37:40',NULL),(443,6,94,'Latte - لاتيه',NULL,95.00,NULL,'products/images/c6hQnS47daoydlQZrL9Mm6B6ZQZrdnO1mHov12nZ.jpg',1,0,30,'2026-05-12 01:44:12','2026-05-21 21:38:01',NULL),(444,6,94,'Cappuccino - كابتشينو',NULL,105.00,NULL,'products/images/qwUA9IePRRJD2abp1ZnmOYHPMYFxeCODGDyqXt7R.jpg',1,0,31,'2026-05-12 01:44:12','2026-05-21 21:38:30',NULL),(445,6,94,'Spanish Latte - سبانش لاتيه',NULL,110.00,NULL,'products/images/1g1PLH6LXD4WvANs1jXh3dyyRFjHjHEYx7llDXaZ.webp',1,0,32,'2026-05-12 01:44:12','2026-05-21 21:38:44',NULL),(448,6,95,'Matcha Latte - ماتشا لاتيه',NULL,95.00,NULL,'products/images/RTvgTxnq7GUOZ1I3cdpp4JXEN39hfQKwzHwcKhNy.jpg',1,0,35,'2026-05-12 01:44:12','2026-05-14 09:47:46',NULL),(449,6,94,'Mocha - موكا',NULL,110.00,NULL,'products/images/ir3SWBOnpLOeYNsho7Y3LJJ8r0kn4zIvgJzl8z2H.jpg',1,0,36,'2026-05-12 01:44:12','2026-05-21 21:39:15',NULL),(450,6,73,'Iced Latte - آيس لاتيه',NULL,95.00,NULL,'products/images/zPq7utNEBwLmZA0TitxKDsjLXwR6mQ5lsTgwH4Cm.webp',1,0,1,'2026-05-12 01:44:12','2026-05-21 21:40:37',NULL),(451,6,73,'Iced Cappuccino - آيس كابتشينو',NULL,105.00,NULL,'products/images/iG9zqa66EDPeNqMSaCxIcVsgXphLH47TSmBmw9No.jpg',1,0,2,'2026-05-12 01:44:12','2026-05-21 21:41:00',NULL),(452,6,73,'Iced Chocolate - آيس شوكولاتة',NULL,140.00,NULL,'products/images/rQoYqiaW1NHNL7lUS0WitJ0Wf4fQzf1eZSsrrKvM.jpg',1,0,3,'2026-05-12 01:44:12','2026-05-21 21:42:05',NULL),(453,6,95,'Iced Matcha Latte - آيس ماتشا لاتيه',NULL,125.00,NULL,'products/images/x88g04zY4ApdUIYNZilzl0eEUE5nkjYI0EAf2fE2.jpg',1,0,4,'2026-05-12 01:44:12','2026-05-21 21:53:15',NULL),(454,6,96,'Iced Boba Latte - آيس بوبا لاتيه',NULL,130.00,NULL,'products/images/bQ9yusUWKEkthRgUDyz1ZvCsu8bOh6qkiZ3CZff8.jpg',1,0,5,'2026-05-12 01:44:12','2026-05-14 09:50:28',NULL),(455,6,73,'Iced Americano - آيس أمريكانو',NULL,100.00,NULL,'products/images/Rt4CM3u22q1UtXOODoOfYNoFFW59uKbktfgvNu1m.jpg',1,0,6,'2026-05-12 01:44:12','2026-05-21 21:43:03',NULL),(457,6,73,'Iced Mocha - آيس موكا',NULL,110.00,NULL,'products/images/vtdzaEThPLMVR93gl2xvjLHEMJscK7Jcxg4ypFI3.webp',1,0,8,'2026-05-12 01:44:12','2026-05-21 21:47:28',NULL),(458,6,73,'Iced Spanish Latte - آيس سبانش لاتيه',NULL,140.00,NULL,'products/images/nocegArmCxEnPWqlCTXrdyGwNi8RTjD6C3TZ7IQB.jpg',1,0,9,'2026-05-12 01:44:12','2026-05-21 21:43:30',NULL),(460,6,73,'Frappe - فرابيه',NULL,135.00,NULL,'products/images/TPUMn4gwLueOZzwbFMIEcTRuUTgm8s2AFhZn0tR5.jpg',1,0,11,'2026-05-12 01:44:12','2026-05-21 21:47:51',NULL),(461,6,74,'Mojito - موخيتو',NULL,105.00,NULL,'products/images/g7q24VUBUw6Voo0TKoIErcXkmIHDvgNvuxi1iBm3.webp',1,0,1,'2026-05-12 01:44:12','2026-05-12 02:21:27',NULL),(464,6,74,'Pina Colada - بينا كولادا',NULL,125.00,NULL,'products/images/X8ZnqJF8tNrL4fE5O2WkrCfICYF8lyYF0CXGXv5B.webp',1,0,4,'2026-05-12 01:44:12','2026-05-14 09:55:17',NULL),(465,6,74,'Green Lagoon - جرين لاجون',NULL,105.00,NULL,'products/images/LUtLnGMC0sEv3j7JSP4XZOA51vAfSKvGzKGE3fO4.webp',1,0,5,'2026-05-12 01:44:12','2026-05-12 02:23:51',NULL),(466,6,74,'Sunshine - صن شاين',NULL,105.00,NULL,'products/images/mcAaS6QkTHHwLVROj2j4F49LlPeDxfW7p6CXLCkz.jpg',1,0,6,'2026-05-12 01:44:12','2026-05-12 02:24:35',NULL),(469,6,74,'sun set - صن سيت',NULL,135.00,NULL,'products/images/seed_photo_photo-1513558161293-cdaf765ed2fd.jpg',1,0,9,'2026-05-12 01:44:12','2026-05-28 04:59:48',NULL),(470,6,74,'blue smile - بلو سمايل',NULL,145.00,NULL,'products/images/dZAw7xwZxgmIdi3VKsEG33ECfEAysfw0THxULjM9.webp',1,0,10,'2026-05-12 01:44:12','2026-05-14 10:02:28',NULL),(471,6,74,'mojato Redbull - موهيتو طاقة',NULL,165.00,NULL,'products/images/seed_photo_photo-1513558161293-cdaf765ed2fd.jpg',1,0,11,'2026-05-12 01:44:12','2026-05-28 04:59:48',NULL),(474,6,75,'Mango - مانجو',NULL,105.00,NULL,'products/images/9cA698JtbDfEtoRfxlakG6jfwYWgduX0VnZ7ggSh.jpg',1,0,1,'2026-05-12 01:44:12','2026-05-21 21:48:11',NULL),(475,6,75,'Orange - برتقال',NULL,95.00,NULL,'products/images/LtY5DZkAArjzggoWWNi6VB3arJ1T65CIj0JIXabG.jpg',1,0,2,'2026-05-12 01:44:12','2026-05-21 21:48:29',NULL),(476,6,75,'Guava - جوافة',NULL,95.00,NULL,'products/images/SkmUy17HUk1vUiuyBIXkT94SMqLswcjxrwvaOBEB.jpg',1,0,3,'2026-05-12 01:44:12','2026-05-21 21:48:48',NULL),(477,6,75,'Strawberry - فراولة',NULL,95.00,NULL,'products/images/ZGEj5gFi09lNqHrvBZM6beR5vcUac0XqcCWJUrlq.jpg',1,0,4,'2026-05-12 01:44:12','2026-05-21 21:49:41',NULL),(478,6,75,'Lemon Mint - ليمون نعناع',NULL,85.00,NULL,'products/images/ZPMQZgC9ODDKnnmUqXPuRc9bLiHzHLMgwCkb9UCW.jpg',1,0,5,'2026-05-12 01:44:12','2026-05-21 21:49:59',NULL),(480,6,75,'Avocado - أفوكادو',NULL,175.00,NULL,'products/images/Uro6nYAVljBKWvwKa0KkNarmaRWUAK7qRSKyx6Ba.webp',1,0,7,'2026-05-12 01:44:12','2026-05-21 21:50:37',NULL),(483,6,75,'Watermelon - بطيخ',NULL,105.00,NULL,'products/images/4uKpArl65SGVJ1fXaGUzCRQ6ExmFD8lamMyj3bR8.jpg',1,0,10,'2026-05-12 01:44:12','2026-05-21 21:50:58',NULL),(484,6,75,'Banana with Milk - موز بلبن',NULL,115.00,NULL,'products/images/UDpNYlFbp1zsB7RTNgongxPt2BnKwrFCIkaVE0bc.jpg',1,0,11,'2026-05-12 01:44:12','2026-05-21 21:51:21',NULL),(485,6,76,'Mango Smoothie - سموذي مانجو',NULL,130.00,NULL,'products/images/CemDHhg0cmfqRbvg7piNB0elVpzFAhXEPhs84HYK.jpg',1,0,1,'2026-05-12 01:44:12','2026-05-21 21:54:01',NULL),(486,6,76,'Strawberry Smoothie - سموذي فراولة',NULL,130.00,NULL,'products/images/e2kFh7bRe6GKE8ckwxeCsWwbFZgs3Ral29JxSpxs.jpg',1,0,2,'2026-05-12 01:44:12','2026-05-21 21:54:27',NULL),(487,6,76,'Mango Kiwi Smoothie - سموذي مانجو كيوي',NULL,145.00,NULL,'products/images/seed_photo_photo-1553530979-7ee52a2670c4.jpg',1,0,3,'2026-05-12 01:44:12','2026-05-28 05:08:38',NULL),(488,6,76,'Pineapple Smoothie - سموذي أناناس',NULL,135.00,NULL,'products/images/seed_photo_photo-1553530979-7ee52a2670c4.jpg',1,0,4,'2026-05-12 01:44:12','2026-05-28 05:08:38',NULL),(489,6,76,'Kiwi Smoothie - سموذي كيوي',NULL,145.00,NULL,'products/images/seed_photo_photo-1553530979-7ee52a2670c4.jpg',1,0,5,'2026-05-12 01:44:12','2026-05-28 05:08:38',NULL),(491,6,76,'Passion Smoothie - سموذي باشون',NULL,140.00,NULL,'products/images/seed_photo_photo-1553530979-7ee52a2670c4.jpg',1,0,7,'2026-05-12 01:44:12','2026-05-28 05:08:38',NULL),(492,6,76,'Peach Smoothie - سموذي خوخ',NULL,140.00,NULL,'products/images/seed_photo_photo-1553530979-7ee52a2670c4.jpg',1,0,8,'2026-05-12 01:44:12','2026-05-28 05:08:38',NULL),(493,6,76,'Lemon Mint Smoothie - سموذي ليمون نعناع',NULL,115.00,NULL,'products/images/seed_photo_photo-1553530979-7ee52a2670c4.jpg',1,0,9,'2026-05-12 01:44:12','2026-05-28 05:08:38',NULL),(494,6,76,'Watermelon Smoothie - سموذي بطيخ',NULL,119.99,NULL,'products/images/seed_photo_photo-1553530979-7ee52a2670c4.jpg',1,0,10,'2026-05-12 01:44:12','2026-05-28 05:08:38',NULL),(495,6,77,'Oreo Milkshake - ميلك شيك أوريو',NULL,150.00,NULL,'products/images/seed_photo_photo-1572490122747-3968b75cc699.jpg',1,0,1,'2026-05-12 01:44:12','2026-05-28 04:59:48',NULL),(499,6,77,'Brownies Milkshake - ميلك شيك براونيز',NULL,180.00,NULL,'products/images/seed_photo_photo-1572490122747-3968b75cc699.jpg',1,0,5,'2026-05-12 01:44:12','2026-05-28 04:59:48',NULL),(500,6,77,'Vanilla Milkshake - ميلك شيك فانيلا',NULL,145.00,NULL,'products/images/seed_photo_photo-1572490122747-3968b75cc699.jpg',1,0,6,'2026-05-12 01:44:12','2026-05-28 04:59:48',NULL),(501,6,77,'Chocolate Milkshake - ميلك شيك شوكولاتة',NULL,145.00,NULL,'products/images/seed_photo_photo-1572490122747-3968b75cc699.jpg',1,0,7,'2026-05-12 01:44:12','2026-05-28 04:59:48',NULL),(502,6,77,'Mango Milkshake - ميلك شيك مانجو',NULL,145.00,NULL,'products/images/seed_photo_photo-1572490122747-3968b75cc699.jpg',1,0,8,'2026-05-12 01:44:12','2026-05-28 04:59:48',NULL),(503,6,77,'Strawberry Milkshake - ميلك شيك فراولة',NULL,145.00,NULL,'products/images/seed_photo_photo-1572490122747-3968b75cc699.jpg',1,0,9,'2026-05-12 01:44:12','2026-05-28 04:59:48',NULL),(508,6,77,'Cheesecake Milkshake - ميلك شيك تشيز كيك',NULL,195.00,NULL,'products/images/seed_photo_photo-1572490122747-3968b75cc699.jpg',1,0,14,'2026-05-12 01:44:12','2026-05-28 04:59:48',NULL),(509,6,78,'Waffle - وافل',NULL,165.00,NULL,'products/images/seed_photo_photo-1551024506-0bccd828d307.jpg',1,0,1,'2026-05-12 01:44:12','2026-05-28 04:59:48',NULL),(511,6,78,'Classic Crepe - كريب كلاسيك',NULL,155.00,NULL,'products/images/seed_photo_photo-1551024506-0bccd828d307.jpg',1,0,3,'2026-05-12 01:44:12','2026-05-28 04:59:48',NULL),(515,6,78,'Om Ali - أم علي',NULL,185.00,NULL,'products/images/seed_photo_photo-1551024506-0bccd828d307.jpg',1,0,7,'2026-05-12 01:44:12','2026-05-28 04:59:48',NULL),(516,6,78,'Molten Cake - مولتن كيك',NULL,175.00,NULL,'products/images/seed_photo_photo-1578985545062-69928b1d9587.jpg',1,0,8,'2026-05-12 01:44:12','2026-05-28 04:59:48',NULL),(517,6,78,'Brownies - براونيز',NULL,155.00,NULL,'products/images/seed_photo_photo-1551024506-0bccd828d307.jpg',1,0,9,'2026-05-12 01:44:12','2026-05-28 04:59:48',NULL),(518,6,78,'Cheesecake - تشيز كيك',NULL,160.00,NULL,'products/images/seed_photo_photo-1578985545062-69928b1d9587.jpg',1,0,10,'2026-05-12 01:44:12','2026-05-28 04:59:48',NULL),(519,6,78,'Tiramisu - تيراميسو',NULL,155.00,NULL,'products/images/seed_photo_photo-1551024506-0bccd828d307.jpg',1,0,11,'2026-05-12 01:44:12','2026-05-28 04:59:48',NULL),(522,6,78,'Croissant - كرواسون',NULL,95.00,NULL,'products/images/seed_photo_photo-1551024506-0bccd828d307.jpg',1,0,14,'2026-05-12 01:44:12','2026-05-28 04:59:48',NULL),(525,6,78,'Chocolate vadj - شوكولاتة فادج',NULL,160.00,NULL,'products/images/seed_photo_photo-1551024506-0bccd828d307.jpg',1,0,17,'2026-05-12 01:44:12','2026-05-28 04:59:48',NULL),(526,6,78,'Oreo Madness - أوريو مادنس',NULL,160.00,NULL,'products/images/seed_photo_photo-1551024506-0bccd828d307.jpg',1,0,18,'2026-05-12 01:44:12','2026-05-28 04:59:48',NULL),(528,6,78,'Cheese Madness - تشيز مادنس',NULL,215.00,NULL,'products/images/seed_photo_photo-1551024506-0bccd828d307.jpg',1,0,20,'2026-05-12 01:44:12','2026-05-28 04:59:48',NULL),(529,6,78,'Fruit Salad - فروت سالاد',NULL,160.00,NULL,'products/images/seed_photo_photo-1551024506-0bccd828d307.jpg',1,0,21,'2026-05-12 01:44:12','2026-05-28 04:59:48',NULL),(531,6,79,'Plain Omelette - أومليت سادة',NULL,135.00,NULL,'products/images/seed_photo_photo-1482049016688-2d3e1b311543.jpg',1,0,1,'2026-05-12 01:44:12','2026-05-28 04:59:48',NULL),(532,6,79,'Spanish Omelette - أومليت إسباني',NULL,160.00,NULL,'products/images/seed_photo_photo-1482049016688-2d3e1b311543.jpg',1,0,3,'2026-05-12 01:44:12','2026-05-28 04:59:48',NULL),(533,6,79,'Cheese Omelette - أومليت جبنة',NULL,155.00,NULL,'products/images/seed_photo_photo-1482049016688-2d3e1b311543.jpg',1,0,3,'2026-05-12 01:44:12','2026-05-28 04:59:48',NULL),(534,6,79,'Turkey and Cheese Omelette - تركي أند تشيز أومليت',NULL,180.00,NULL,'products/images/seed_photo_photo-1482049016688-2d3e1b311543.jpg',1,0,2,'2026-05-12 01:44:12','2026-05-28 04:59:48',NULL),(535,6,79,'American Breakfast - أمريكان بريكفاست',NULL,260.00,NULL,'products/images/seed_photo_photo-1525351484163-7529414344d8.jpg',1,0,5,'2026-05-12 01:44:12','2026-05-28 04:59:48',NULL),(536,6,79,'Baladi Breakfast - بلدي بريكفاست',NULL,250.00,NULL,'products/images/seed_photo_photo-1525351484163-7529414344d8.jpg',1,0,6,'2026-05-12 01:44:12','2026-05-28 04:59:48',NULL),(537,6,79,'Continental Breakfast - كونتيننتال بريكفاست',NULL,220.00,NULL,'products/images/seed_photo_photo-1525351484163-7529414344d8.jpg',1,0,7,'2026-05-12 01:44:12','2026-05-28 04:59:48',NULL),(538,6,79,'Breakfast Crepe - كريب بريكفاست',NULL,240.00,NULL,'products/images/seed_photo_photo-1525351484163-7529414344d8.jpg',1,0,8,'2026-05-12 01:44:12','2026-05-28 04:59:48',NULL),(540,6,79,'Mixed Croissant -فطار كرواسون',NULL,140.00,NULL,'products/images/seed_photo_photo-1525351484163-7529414344d8.jpg',1,0,10,'2026-05-12 01:44:12','2026-05-28 04:59:48',NULL),(541,6,79,'Plain Croissant - كرواسان سادة',NULL,100.00,NULL,'products/images/seed_photo_photo-1525351484163-7529414344d8.jpg',1,0,11,'2026-05-12 01:44:12','2026-05-28 04:59:48',NULL),(542,6,79,'Cheese Croissant - كرواسان جبنة',NULL,125.00,NULL,'products/images/seed_photo_photo-1525351484163-7529414344d8.jpg',1,0,12,'2026-05-12 01:44:12','2026-05-28 04:59:48',NULL),(543,6,79,'Oriental Breakfast - أورينتال بريكفاست',NULL,210.00,NULL,'products/images/seed_photo_photo-1525351484163-7529414344d8.jpg',1,0,13,'2026-05-12 01:44:12','2026-05-28 04:59:48',NULL),(546,6,80,'Chicken Milanese Sandwich-ساندوتش دجاج ميلانو','* صدور الدجاج الكرسبي مع الخس والطماطم والجبنة الشيدر.',280.00,NULL,'products/images/seed_photo_photo-1509722747041-616f39b57569.jpg',1,0,3,'2026-05-12 01:44:12','2026-05-28 05:08:38',NULL),(547,6,80,'Chicken Tortilla-تشيكين تورتلا','* قطع الدجاج الكرسبي مع الخس والطماطم والجبنة الموزاريلا.',255.00,NULL,'products/images/seed_photo_photo-1509722747041-616f39b57569.jpg',1,0,4,'2026-05-12 01:44:12','2026-05-28 05:08:38',NULL),(548,6,80,'Super Supreme Sandwich-سوبر سوبريم ساندوتش','* قطع الدجاج المشوي مع الفلفل الألوان والمشروم والبيف بيكون والتركي المدخن والجبنة الموزاريلا.',265.00,NULL,'products/images/seed_photo_photo-1509722747041-616f39b57569.jpg',1,0,1,'2026-05-12 01:44:12','2026-05-28 05:08:38',NULL),(549,6,80,'Beef Fajita Sandwich-بيف فاهيتا ساندوتش','* شرائح اللحم والفلفل الألوان والبصل والمشروم مع صوص الديميجلاس والجبنة.',285.00,NULL,'products/images/seed_photo_photo-1509722747041-616f39b57569.jpg',1,0,2,'2026-05-12 01:44:12','2026-05-28 05:08:38',NULL),(551,6,80,'Smoked Salmon Ciabatta - سالمون مدخن شيباتا',NULL,275.00,NULL,'products/images/seed_photo_photo-1509722747041-616f39b57569.jpg',1,0,4,'2026-05-12 01:44:12','2026-05-28 05:08:38',NULL),(552,6,82,'Classic Burger-كلاسيك برجر','قطعة برجر مع جبنة شيدر، خس، طماطم، خيار مخلل، وصوص كوكتيل',300.00,NULL,'products/images/seed_photo_photo-1568901346375-23c9450c58cd.jpg',1,0,1,'2026-05-12 01:44:12','2026-05-28 04:59:49',NULL),(553,6,82,'American Burger-امريكان برجر','قطعة برجر مميزة مع بيف بيكون، بصل مكرمل، وصوص شيدر.',305.00,NULL,'products/images/seed_photo_photo-1568901346375-23c9450c58cd.jpg',1,0,2,'2026-05-12 01:44:12','2026-05-28 04:59:49',NULL),(554,6,82,'Smoke Burger-سموك برجر','قطعة برجر مع اسموكي تركي، سلامي، بيف بيكون، خس، طماطم، مخلل، وصوص شيدر.',325.00,NULL,'products/images/seed_photo_photo-1568901346375-23c9450c58cd.jpg',1,0,3,'2026-05-12 01:44:12','2026-05-28 04:59:49',NULL),(555,6,82,'Mushroom Burger - مشروم برجر','قطعة برجر مع مشروم طازج، خس، طماطم، خيار مخلل، وصوص شيدر',320.00,NULL,'products/images/seed_photo_photo-1568901346375-23c9450c58cd.jpg',1,0,4,'2026-05-12 01:44:12','2026-05-28 04:59:49',NULL),(556,6,82,'Fred Chicken Burger-فريد تشيكن برجر',': صدور دجاج مقلية، بيف بيكون، طماطم، خس، حلقات بصل، وصوص جبنة شيدر',295.00,NULL,'products/images/seed_photo_photo-1568901346375-23c9450c58cd.jpg',1,0,5,'2026-05-12 01:44:12','2026-05-28 04:59:49',NULL),(557,6,83,'Margherita Pizza - مارجريتا','صوص البيتزا، جبنة موزاريلا، وزعتر',255.00,NULL,'products/images/seed_photo_photo-1513104890138-7c749659a591.jpg',1,0,1,'2026-05-12 01:44:12','2026-05-28 04:59:49',NULL),(558,6,83,'Vegetables Pizza - خضار بيتزا','صوص بيتزا، موزاريلا، مشروم، فلفل ألوان، زيتون، وبصل.',285.00,NULL,'products/images/seed_photo_photo-1513104890138-7c749659a591.jpg',1,0,2,'2026-05-12 01:44:12','2026-05-28 04:59:49',NULL),(559,6,83,'Pepperoni Pizza - بيبروني بيتزا','صوص بيتزا، بيبيروني، موزاريلا، وزيتون',305.00,NULL,'products/images/seed_photo_photo-1513104890138-7c749659a591.jpg',1,0,3,'2026-05-12 01:44:12','2026-05-28 04:59:49',NULL),(560,6,83,'Four Cheese Pizza - فور تشيز بيتزا',NULL,320.00,NULL,'products/images/seed_photo_photo-1513104890138-7c749659a591.jpg',1,0,4,'2026-05-12 01:44:12','2026-05-28 04:59:49',NULL),(561,6,83,'BBQ Chicken Pizza - بي بي كيو تشيكن بيتزا','قطع دجاج، فلفل ألوان، زيتون، موزاريلا، وصوص باربيكيو',320.00,NULL,'products/images/seed_photo_photo-1513104890138-7c749659a591.jpg',1,0,5,'2026-05-12 01:44:12','2026-05-28 04:59:49',NULL),(562,6,83,'Ranch Chicken Pizza - رانش تشيكن بيتزا','(اختيارك من دجاج مقلي أو مشوي)، فلفل ألوان، موزاريلا، زيتون، وصوص رانش',320.00,NULL,'products/images/seed_photo_photo-1513104890138-7c749659a591.jpg',1,0,6,'2026-05-12 01:44:12','2026-05-28 04:59:49',NULL),(563,6,83,'Super Supreme Pizza - سوبر سوبريم بيتزا','صوص بيتزا، موزاريلا، تركي مدخن، فلفل ألوان، زيتون، سلامي، ولحم مفروم',320.00,NULL,'products/images/seed_photo_photo-1513104890138-7c749659a591.jpg',1,0,7,'2026-05-12 01:44:12','2026-05-28 04:59:49',NULL),(564,6,84,'Lentil Soup - شوربة عدس',NULL,115.00,NULL,'products/images/seed_photo_photo-1594756202469-9ff9799b2e4e.jpg',1,0,1,'2026-05-12 01:44:12','2026-05-28 05:08:38',NULL),(565,6,84,'Mushroom Soup - شوربة مشروم',NULL,155.00,NULL,'products/images/seed_photo_photo-1594756202469-9ff9799b2e4e.jpg',1,0,2,'2026-05-12 01:44:12','2026-05-28 05:08:38',NULL),(566,6,84,'Chicken Soup - شوربة دجاج',NULL,165.00,NULL,'products/images/seed_photo_photo-1603105037880-880cd4edfb0d.jpg',1,0,3,'2026-05-12 01:44:12','2026-05-28 04:59:51',NULL),(567,6,84,'Seafood Soup - شوربة فواكه البحر',NULL,190.00,NULL,'products/images/seed_photo_photo-1534422298391-e4f8c172dddb.jpg',1,0,4,'2026-05-12 01:44:12','2026-05-28 04:59:51',NULL),(568,6,85,'Crispy Chicken - دجاج مقرمش','قطع الدجاج المقرمشة تقدم مع صوص الشيدر',255.00,NULL,'products/images/seed_photo_photo-1562967914-608f82629710.jpg',1,0,1,'2026-05-12 01:44:12','2026-05-28 04:59:52',NULL),(569,6,85,'Fried Mozzarella - موزاريلا مقلية','أصابع الموزاريلا المقلية تقدم مع صوص السويت شيلي',210.00,NULL,'products/images/seed_photo_photo-1606755962773-d324e0a13086.jpg',1,0,2,'2026-05-12 01:44:12','2026-05-28 05:08:39',NULL),(570,6,85,'Meat Sambosak -سمبوسك لحمة','رقائق السمبوسة المحشوة باللحم المفروم المتبل',175.00,NULL,'products/images/seed_photo_photo-1610192244261-3f33de3f55e4.jpg',1,0,3,'2026-05-12 01:44:12','2026-05-28 05:08:39',NULL),(571,6,85,'Sambosak Cheese  -  سمبوسك جبنة','رقائق السمبوسة المحشوة بميكس الجبن المميز',134.99,NULL,'products/images/seed_photo_photo-1610192244261-3f33de3f55e4.jpg',1,0,4,'2026-05-12 01:44:12','2026-05-28 05:08:39',NULL),(575,6,86,'Greek Salad - جريك سالاد','فلفل ألوان، خيار، طماطم، خس كابوتشي، زيتون، جبنة فيتا',245.00,NULL,'products/images/seed_photo_photo-1540420773420-3366772f4999.jpg',1,0,4,'2026-05-12 01:44:12','2026-05-28 04:59:54',NULL),(576,6,86,'Chicken Caesar Salad - تشيكن سيزر سالاد','قطع الدجاج المشوي، خس كابوتشي، خبز كروتون، طماطم شيري، جبنة بارميزان.',275.00,NULL,'products/images/seed_photo_photo-1550304943-4f24f54ddde9.jpg',1,0,5,'2026-05-12 01:44:12','2026-05-28 04:59:55',NULL),(577,6,86,'Tuna Salad - سلطة تونة','قطع التونة، خس كابوتشي، فلفل ألوان، بصل، جرجير',290.00,NULL,'products/images/seed_photo_photo-1546069901-ba9599a7e63c.jpg',1,0,6,'2026-05-12 01:44:12','2026-05-28 04:59:55',NULL),(578,6,86,'Taco Salad - تاكو سلاد','قطع الدجاج المشوي، ذرة حلوة، فاصوليا حمراء، كابوتشي، عين جمل، مع الصوص المكسيكي.',280.00,NULL,'products/images/seed_photo_photo-1513456852971-30c0b8199d4d.jpg',1,0,7,'2026-05-12 01:44:12','2026-05-28 04:59:55',NULL),(581,6,87,'Beef Piccata-بيف بيكاتا','قطع لحم بتلو مشوي مع اختيارك من الصوص (مشروم، بيبير، ريكفورد).',570.00,NULL,'products/images/seed_photo_photo-1544025162-d76694265947.jpg',1,0,1,'2026-05-12 01:44:12','2026-05-28 04:59:55',NULL),(582,6,87,'Meat Escalope - إسكالوب بيف','قطعتين من اللحم البتلو المقلي',550.00,NULL,'products/images/seed_photo_photo-1598515214211-89d3c73ae83b.jpg',1,0,2,'2026-05-12 01:44:12','2026-05-28 04:59:55',NULL),(583,6,87,'Grilled fillet-جريلد فيليه','قطعة فيليه بقري مع اختيارك من الصوص (مشروم، بيبير، ريكفورد)',550.00,NULL,'products/images/seed_photo_photo-1544025162-d76694265947.jpg',1,0,3,'2026-05-12 01:44:12','2026-05-28 04:59:55',NULL),(584,6,87,'Beef Mexican-بيف ميكسكان','شرائح اللحم المشوي مع الخضار وصوص السويت شيلي مع عين جمل',555.00,NULL,'products/images/seed_photo_photo-1544025162-d76694265947.jpg',1,0,4,'2026-05-12 01:44:12','2026-05-28 04:59:55',NULL),(585,6,88,'Cordon Bleu - كوردون بلو','صدور الدجاج المقلية المحشوة بـ (بيف بيكون، تركي مدخن، ميكس جبن) مع صوص الشيدر.',480.00,NULL,'products/images/seed_photo_photo-1623653387945-2fd25214f8fc.jpg',1,1,1,'2026-05-12 01:44:12','2026-05-28 04:59:55',NULL),(586,6,88,'Chicken Grill-تشيكين جريلد','صدور الدجاج المشوية مع اختيارك من الصوص (مشروم، ليمون، بيبير، ريكفورد).',455.00,NULL,'products/images/seed_photo_photo-1532550907401-a500c9a57435.jpg',1,0,2,'2026-05-12 01:44:12','2026-05-28 04:59:55',NULL),(587,6,88,'Chicken Sweet and Sour-تشيكن سويت اند ساور','قطع الدجاج المشوي مع فلفل ألوان، بصل، صوص السويت شيلي، وعين جمل',465.00,NULL,'products/images/seed_photo_photo-1604908176997-125f25cc6f3d.jpg',1,0,3,'2026-05-12 01:44:12','2026-05-28 04:59:55',NULL),(588,6,88,'Chicken Country-تشيكن كانترى','قطع الصدور المقرمشة مع التركي المدخن وصوص الجبنة الشيدر والبيستو',475.00,NULL,'products/images/seed_photo_photo-1532550907401-a500c9a57435.jpg',1,0,4,'2026-05-12 01:44:12','2026-05-28 04:59:55',NULL),(589,6,88,'French Style Chicken-فرنش ستايل تشيكن','صدور الدجاج المشوي مع السلامي والمشروم والفلفل الحار وطماطم شيري وصوص الكريمة.',480.00,NULL,'products/images/seed_photo_photo-1532550907401-a500c9a57435.jpg',1,0,5,'2026-05-12 01:44:12','2026-05-28 04:59:55',NULL),(590,6,88,'Grilled salmon fillet-جريلد سلمون فيليه','قطعة السالمون المتبلة مع صوص الليمون والشبت',565.00,NULL,'products/images/seed_photo_photo-1519708227418-c8fd9a32b7a2.jpg',1,0,6,'2026-05-12 01:44:12','2026-05-28 04:59:55',NULL),(591,6,88,'Grilled shrimp-جمبرى مشوى','مشوي يقدم مع صوص الليمون',530.00,NULL,'products/images/seed_photo_photo-1565557623262-b51c2513a641.jpg',1,0,7,'2026-05-12 01:44:12','2026-05-28 04:59:55',NULL),(592,6,88,'Mixed seafood-ميكس سى فود','جمبري، كالماري، وكابوريا يقدم مع صوص السي فود',560.00,NULL,'products/images/seed_photo_photo-1534422298391-e4f8c172dddb.jpg',1,0,8,'2026-05-12 01:44:12','2026-05-28 04:59:55',NULL),(594,6,89,'Chicken Fajita - فاهيتا دجاج',NULL,455.00,NULL,'products/images/seed_photo_photo-1534939561126-855b8675edd7.jpg',1,0,1,'2026-05-12 01:44:12','2026-05-28 04:59:55',NULL),(595,6,89,'Beef Fajita - فاهيتا لحم',NULL,555.00,NULL,'products/images/seed_photo_photo-1565299585323-38d6b0865b47.jpg',1,0,2,'2026-05-12 01:44:12','2026-05-28 04:59:55',NULL),(596,6,89,'Combo Fajita - فاهيتا كومبو',NULL,575.00,NULL,'products/images/seed_photo_photo-1534939561126-855b8675edd7.jpg',1,0,3,'2026-05-12 01:44:12','2026-05-28 04:59:55',NULL),(598,6,89,'Shrimp Fajita - فاهيتا جمبري',NULL,450.00,NULL,'products/images/seed_photo_photo-1551504734-5ee1c4a1479b.jpg',1,0,5,'2026-05-12 01:44:12','2026-05-28 04:59:55',NULL),(599,6,90,'Penne Arrabbiata - بينا أرابياتا','مكرونة بينا مع فلفل ألوان، زيتون، صوص طماطم، وجبنة بارميزان',215.00,NULL,'products/images/seed_photo_photo-1563379091339-03b21ab4a4f8.jpg',1,0,1,'2026-05-12 01:44:12','2026-05-28 04:59:55',NULL),(600,6,90,'Spaghetti Bolognese - اسباجتي بولونيز','مكرونة اسباجيتي مع صوص البلونيز (لحم مفروم) وجبنة بارميزان',270.00,NULL,'products/images/seed_photo_photo-1546549032-9571cd6b27df.jpg',1,0,2,'2026-05-12 01:44:12','2026-05-28 04:59:55',NULL),(601,6,90,'Chicken Pesto Pasta - بيستو باستا دجاج',': مكرونة بينا مع المشروم وصدور الدجاج المشوية وصوص البيستو جبنة بارميزان',285.00,NULL,'products/images/seed_photo_photo-1473093295043-cdd812d0e601.jpg',1,0,3,'2026-05-12 01:44:12','2026-05-28 04:59:55',NULL),(602,6,90,'Beef Stroganoff Pasta - بيف ستراجنوف باستا','مكرونة بينا مع شرائح اللحم البقري، المشروم، صوص البراون، وجبنة بارميزان',400.00,NULL,'products/images/seed_photo_photo-1546549032-9571cd6b27df.jpg',1,0,4,'2026-05-12 01:44:12','2026-05-28 04:59:55',NULL),(603,6,90,'Alfredo Pasta - ألفريدو','مكرونة بينا مع المشروم وصدور الدجاج المشوية وجبنة بارميزان',295.00,NULL,'products/images/seed_photo_photo-1645112411341-6c4fd023714a.jpg',1,0,5,'2026-05-12 01:44:12','2026-05-28 04:59:55',NULL),(604,6,90,'Chicken Negresco - تشيكن نيجرسكو','مكرونة بينا مع الصدور المشوية والمشروم والجبنة الموزاريلا',320.00,NULL,'products/images/seed_photo_photo-1563379091339-03b21ab4a4f8.jpg',1,0,6,'2026-05-12 01:44:12','2026-05-28 05:08:39',NULL),(605,6,90,'Seafood Pasta - سي فود باستا','مكرونة بينا مع صوص مميز، جمبري، كالماري، وكابوريا',370.00,NULL,'products/images/seed_photo_photo-1563379091339-03b21ab4a4f8.jpg',1,0,7,'2026-05-12 01:44:12','2026-05-28 04:59:56',NULL),(606,6,90,'Mac and Cheese Pasta-ماك اند تشيز باستا','مكرونة بينا مع الوايت صوص، جبنة تشيدر، بارميزان، وريكفورد',300.00,NULL,'products/images/seed_photo_photo-1543339308-43e59d6b73a6.jpg',1,0,8,'2026-05-12 01:44:12','2026-05-28 04:59:56',NULL),(607,6,91,'1 Scoop - 1 بولة',NULL,45.00,NULL,'products/images/seed_photo_photo-1563805042-7684c019e1cb.jpg',1,0,1,'2026-05-12 01:44:12','2026-05-28 04:59:56',NULL),(608,6,91,'2 Scoops - 2 بولة',NULL,75.00,NULL,'products/images/seed_photo_photo-1563805042-7684c019e1cb.jpg',1,0,2,'2026-05-12 01:44:12','2026-05-28 04:59:56',NULL),(609,6,91,'3 Scoops - 3 بولة',NULL,90.00,NULL,'products/images/seed_photo_photo-1563805042-7684c019e1cb.jpg',1,0,3,'2026-05-12 01:44:12','2026-05-28 04:59:56',NULL),(611,6,92,'Pepsi / 7Up / Diet - بيبسي / سفن / دايت',NULL,57.00,NULL,'products/images/seed_photo_photo-1622483767028-3f66f32aef97.jpg',1,0,1,'2026-05-12 01:44:12','2026-05-28 04:59:56',NULL),(612,6,92,'Red Bull - ريدبول',NULL,125.00,NULL,'products/images/seed_photo_photo-1622483767028-3f66f32aef97.jpg',1,0,2,'2026-05-12 01:44:12','2026-05-28 04:59:56',NULL),(613,6,92,'Water - مياه',NULL,28.00,NULL,'products/images/seed_photo_photo-1512446816042-444d641267d4.jpg',1,0,3,'2026-05-12 01:44:12','2026-05-28 05:08:40',NULL),(614,6,93,'Regular Shisha - شيشة عادي',NULL,60.00,NULL,'products/images/LJ3v6JbszLvpli3IBiPN5TmV2G4nUAjp5EFZdYzE.jpg',1,0,1,'2026-05-12 01:44:12','2026-05-28 05:05:10',NULL),(615,6,93,'Fruit Shisha - شيشة فواكه',NULL,215.00,NULL,'products/images/88uy7paNmsn4zBq3YbsF7HuoUZb5z0QLuHwyNdli.jpg',1,0,2,'2026-05-12 01:44:12','2026-05-28 05:04:56',NULL),(616,6,93,'لى طبى',NULL,28.00,NULL,'products/images/4Y9pS5OxBmdaNrpUMIap2AzW5XDqH2NANin6dXHT.jpg',1,0,3,'2026-05-12 01:44:12','2026-05-28 05:05:00',NULL),(617,6,94,'Flat White',NULL,120.00,NULL,'products/images/seed_photo_photo-1541167760496-1628856ab772.jpg',1,0,37,'2026-05-14 09:40:32','2026-05-28 04:59:57',NULL),(618,6,84,'شوربة بصل Onion soup',NULL,115.00,NULL,'products/images/seed_photo_photo-1594756202469-9ff9799b2e4e.jpg',1,0,38,'2026-05-14 15:17:11','2026-05-28 05:08:38',NULL),(619,6,84,'Carrot soup with gingerشوربة جزر بالجنزبيل',NULL,155.00,NULL,'products/images/seed_photo_photo-1594756202469-9ff9799b2e4e.jpg',1,0,39,'2026-05-14 15:18:18','2026-05-28 05:08:38',NULL),(620,6,85,'كاساديا- Cassadea','قطع الفراخ المشوية مع فلفل الألوان والمشروم والجبنة الموتزاريلا',280.00,NULL,'products/images/seed_photo_photo-1565299585323-38d6b0865b47.jpg',1,0,5,'2026-05-14 15:33:02','2026-05-28 04:59:54',NULL),(621,6,85,'onion rings- حلقات البصل','حلقات البصل المقرمشة مع صوص السويت شيلي',145.00,NULL,'products/images/2ZgRVWqoIUegRGkHVC4Jh3uj4L1pVjsCYyx6ZjQi.jpg',1,0,6,'2026-05-14 15:35:39','2026-05-28 05:09:53',NULL),(623,6,80,'Chicken Fajita Sandwich-تشيكين فاهيتا ساندوتش','شرائح الدجاج المشوي والفلفل الألوان والزيتون والبصل والمشروم مع صوص الكريمي.',255.00,NULL,'products/images/seed_photo_photo-1509722747041-616f39b57569.jpg',1,0,40,'2026-05-14 16:14:37','2026-05-28 05:08:38',NULL),(624,6,80,'Crispy shrimp sandwich-جمبرى كرسبى ساندوتش','جمبرى كرسبى مع الخيار المخلل والجرجير والصوص المميز',310.00,NULL,'products/images/seed_photo_photo-1509722747041-616f39b57569.jpg',1,0,41,'2026-05-14 16:15:23','2026-05-28 05:08:38',NULL),(625,6,80,'Viagra Sandwich-فياجرا ساندوتش','قطع الجمبري مع الكاليماري والكابوريا والفلفل الألوان وصوص الشيلي والجبنة الموزاريلا',340.00,NULL,'products/images/seed_photo_photo-1509722747041-616f39b57569.jpg',1,0,8,'2026-05-14 16:16:24','2026-05-28 05:08:38',NULL),(626,6,83,'Tuna pizza-بيتزا تونة','صوص بيتزا، قطع تونة، فلفل ألوان، بصل، وزيتون',330.00,NULL,'products/images/seed_photo_photo-1571407970349-bc81e7e96d47.jpg',1,0,43,'2026-05-14 16:21:41','2026-05-28 04:59:49',NULL),(627,6,87,'Grilled Rib Eye - ريب اي جرلد','قطعة لحم بقري طازجة مع اختيارك من الصوص (مشروم، بيبير، ريكفورد).',625.00,NULL,'products/images/seed_photo_photo-1544025162-d76694265947.jpg',1,1,44,'2026-05-14 16:38:15','2026-05-28 04:59:55',NULL),(628,6,95,'Matcha Frappé-فرابية ماتشا',NULL,140.00,NULL,'products/images/seed_photo_photo-1536256263959-770b48d82b0a.jpg',1,0,45,'2026-05-14 17:08:33','2026-05-28 04:59:57',NULL),(629,6,95,'Ice Matcha Fruity-ايس ماتشا فروتى',NULL,149.99,NULL,'products/images/seed_photo_photo-1536256263959-770b48d82b0a.jpg',1,0,46,'2026-05-14 17:18:29','2026-05-28 04:59:57',NULL),(630,6,95,'Mangito Matcha-مانجيتو ماتشا',NULL,150.00,NULL,'products/images/seed_photo_photo-1536256263959-770b48d82b0a.jpg',1,0,47,'2026-05-14 17:19:30','2026-05-28 04:59:57',NULL),(631,6,96,'Boba Mangitto-بوبا مانجيتو',NULL,165.00,NULL,'products/images/seed_photo_photo-1541658016709-82535e94bc69.jpg',1,0,48,'2026-05-14 17:21:13','2026-05-28 04:59:57',NULL),(632,6,96,'Boba Mix-بوبا مكس',NULL,165.00,NULL,'products/images/seed_photo_photo-1541658016709-82535e94bc69.jpg',1,0,3,'2026-05-14 17:22:45','2026-05-28 04:59:57',NULL),(633,6,96,'Boba Coconut-بوبا جوز هند',NULL,155.00,NULL,'products/images/seed_photo_photo-1541658016709-82535e94bc69.jpg',1,0,4,'2026-05-14 17:23:45','2026-05-28 04:59:57',NULL),(634,6,81,'Mash potato',NULL,65.00,NULL,'products/images/seed_photo_photo-1576107232684-1279f390859f.jpg',1,0,1,'2026-05-14 17:56:38','2026-05-28 04:59:49',NULL),(635,6,81,'white rice- ارز',NULL,59.99,NULL,'products/images/seed_photo_photo-1576107232684-1279f390859f.jpg',1,0,49,'2026-05-14 18:00:35','2026-05-28 04:59:49',NULL),(636,6,81,'خضار سوتية -Sauteed Vegetables',NULL,80.00,NULL,'products/images/seed_photo_photo-1576107232684-1279f390859f.jpg',1,0,3,'2026-05-14 18:01:49','2026-05-28 04:59:49',NULL),(637,6,81,'French Frise- بطاطس مقلية',NULL,70.00,NULL,'products/images/seed_photo_photo-1618040996337-56904b7850b9.jpg',1,0,50,'2026-05-14 18:02:46','2026-05-28 04:59:49',NULL),(638,6,98,'Sip Signature -ساب سجنتشر',NULL,205.00,NULL,'products/images/u9R1F0p2JowiGYuX4tE0mMG2LX9rUZ5l6x7klWOp.jpg',1,0,1,'2026-05-16 17:53:18','2026-05-22 08:06:34',NULL),(639,6,98,'Protein Shakes -بروتين شيكس',NULL,155.00,NULL,'products/images/seed_photo_photo-1579954115545-a95591f28bfc.jpg',1,0,2,'2026-05-16 17:54:21','2026-05-28 04:59:57',NULL),(640,6,98,'Kiwi Mint -كيوى منت',NULL,165.00,NULL,'products/images/n7ACdoXdBBnXDD57NWc7MQNh8E0MPH5C6bHkkCMc.jpg',1,0,3,'2026-05-16 17:55:21','2026-05-22 08:07:06',NULL),(641,6,98,'Fruit yogurt -زبادى فواكه',NULL,155.00,NULL,'products/images/seed_photo_photo-1488477181946-6428a0291777.jpg',1,0,4,'2026-05-16 17:58:17','2026-05-28 04:59:57',NULL),(642,6,98,'Florida -فلوريدا',NULL,140.00,NULL,'products/images/seed_photo_photo-1513558161293-cdaf765ed2fd.jpg',1,0,5,'2026-05-16 17:58:59','2026-05-28 04:59:57',NULL),(643,6,98,'Sunset Gold -صن سيت جولد',NULL,165.00,NULL,'products/images/seed_photo_photo-1513558161293-cdaf765ed2fd.jpg',1,0,6,'2026-05-16 17:59:42','2026-05-28 04:59:57',NULL),(644,6,80,'تونة ساندوتش','* قطع التونة مع البصل والفلفل الألوان والجرجير وصوص السيزار.',265.00,NULL,'products/images/seed_photo_photo-1509722747041-616f39b57569.jpg',1,0,7,'2026-05-18 11:08:50','2026-05-28 05:08:38',NULL),(1150,7,155,'شاي / Tea',NULL,50.00,NULL,NULL,1,0,0,'2026-05-27 08:52:56','2026-05-27 08:52:56',NULL),(1151,7,155,'شاي أخضر / Green Tea',NULL,55.00,NULL,NULL,1,0,1,'2026-05-27 08:52:56','2026-05-27 08:52:56',NULL),(1152,7,155,'ينسون / Anise',NULL,50.00,NULL,NULL,1,0,2,'2026-05-27 08:52:56','2026-05-27 08:52:56',NULL),(1153,7,155,'أعشاب / Herbs',NULL,60.00,NULL,NULL,1,0,3,'2026-05-27 08:52:56','2026-05-27 08:52:56',NULL),(1154,7,155,'هوت سيدر / Hot Cider',NULL,95.00,NULL,NULL,1,0,4,'2026-05-27 08:52:56','2026-05-27 08:52:56',NULL),(1155,7,155,'شاي كرك / Karak Tea',NULL,100.00,NULL,NULL,1,0,5,'2026-05-27 08:52:56','2026-05-27 08:52:56',NULL),(1156,7,155,'سحلب / Sahlab',NULL,110.00,NULL,NULL,1,0,6,'2026-05-27 08:52:56','2026-05-27 08:52:56',NULL),(1157,7,155,'هوت شوكليت / Hot Chocolate',NULL,115.00,NULL,NULL,1,0,7,'2026-05-27 08:52:56','2026-05-27 08:52:56',NULL),(1158,7,155,'هوت شوكليت مارشميلو / Hot Chocolate Marshmallow',NULL,160.00,NULL,NULL,1,0,8,'2026-05-27 08:52:56','2026-05-27 08:52:56',NULL),(1159,7,156,'قهوة تركي / Turkish Coffee',NULL,60.00,NULL,NULL,1,0,0,'2026-05-27 08:52:56','2026-05-27 08:52:56',NULL),(1160,7,156,'قهوة فرنساوي / French Coffee',NULL,90.00,NULL,NULL,1,0,1,'2026-05-27 08:52:56','2026-05-27 08:52:56',NULL),(1161,7,156,'موكا / Mocha',NULL,119.00,NULL,NULL,1,0,2,'2026-05-27 08:52:56','2026-05-27 08:52:56',NULL),(1162,7,156,'لاتيه / Latte',NULL,95.00,NULL,NULL,1,0,3,'2026-05-27 08:52:56','2026-05-27 08:52:56',NULL),(1163,7,156,'نسكافيه / Nescafe',NULL,90.00,NULL,NULL,1,0,4,'2026-05-27 08:52:56','2026-05-27 08:52:56',NULL),(1164,7,156,'أمريكان كوفي / American Coffee',NULL,95.00,NULL,NULL,1,0,5,'2026-05-27 08:52:56','2026-05-27 08:52:56',NULL),(1165,7,156,'بلاك كوفي / Black Coffee',NULL,95.00,NULL,NULL,1,0,6,'2026-05-27 08:52:56','2026-05-27 08:52:56',NULL),(1166,7,156,'فلات وايت / Flat White',NULL,110.00,NULL,NULL,1,0,7,'2026-05-27 08:52:56','2026-05-27 08:52:56',NULL),(1167,7,156,'كورتادو / Cortado',NULL,90.00,NULL,NULL,1,0,8,'2026-05-27 08:52:56','2026-05-27 08:52:56',NULL),(1168,7,156,'كابتشينو / Cappuccino',NULL,90.00,NULL,NULL,1,0,9,'2026-05-27 08:52:56','2026-05-27 08:52:56',NULL),(1169,7,156,'سبانش لاتيه / Spanish Latte',NULL,115.00,NULL,NULL,1,0,10,'2026-05-27 08:52:56','2026-05-27 08:52:56',NULL),(1170,7,156,'قهوة بندق / Hazelnut Coffee',NULL,95.00,NULL,NULL,1,0,11,'2026-05-27 08:52:56','2026-05-27 08:52:56',NULL),(1171,7,156,'ماكياتو / Macchiato',NULL,65.00,NULL,NULL,1,0,12,'2026-05-27 08:52:56','2026-05-27 08:52:56',NULL),(1172,7,156,'إسبريسو سنجل / Single Espresso',NULL,65.00,NULL,NULL,1,0,13,'2026-05-27 08:52:56','2026-05-27 08:52:56',NULL),(1173,7,156,'إسبريسو دبل / Double Espresso',NULL,80.00,NULL,NULL,1,0,14,'2026-05-27 08:52:56','2026-05-27 08:52:56',NULL),(1174,7,156,'قهوة تركي دبل / Double Turkish Coffee',NULL,75.00,NULL,NULL,1,0,15,'2026-05-27 08:52:56','2026-05-27 08:52:56',NULL),(1175,7,156,'نرويجي كوفي / Norwegian Coffee',NULL,105.00,NULL,NULL,1,0,16,'2026-05-27 08:52:56','2026-05-27 08:52:56',NULL),(1176,7,156,'بيستاشيو لاتيه / Pistachio Latte',NULL,140.00,NULL,NULL,1,0,17,'2026-05-27 08:52:56','2026-05-27 08:52:56',NULL),(1177,7,157,'مانجو / Mango Juice',NULL,100.00,NULL,NULL,1,0,0,'2026-05-27 08:52:56','2026-05-27 08:52:56',NULL),(1178,7,157,'فراولة / Strawberry Juice',NULL,100.00,NULL,NULL,1,0,1,'2026-05-27 08:52:56','2026-05-27 08:52:56',NULL),(1179,7,157,'جوافة / Guava Juice',NULL,100.00,NULL,NULL,1,0,2,'2026-05-27 08:52:56','2026-05-27 08:52:56',NULL),(1180,7,157,'برتقال / Orange Juice',NULL,100.00,NULL,NULL,1,0,3,'2026-05-27 08:52:56','2026-05-27 08:52:56',NULL),(1181,7,157,'ليمون نعناع / Lemon Mint',NULL,90.00,NULL,NULL,1,0,4,'2026-05-27 08:52:56','2026-05-27 08:52:56',NULL),(1182,7,157,'ليمون / Lemon Juice',NULL,85.00,NULL,NULL,1,0,5,'2026-05-27 08:52:56','2026-05-27 08:52:56',NULL),(1183,7,157,'كيوي / Kiwi Juice',NULL,115.00,NULL,NULL,1,0,6,'2026-05-27 08:52:56','2026-05-27 08:52:56',NULL),(1184,7,157,'موز باللبن / Banana with Milk',NULL,110.00,NULL,NULL,1,0,7,'2026-05-27 08:52:56','2026-05-27 08:52:56',NULL),(1185,7,157,'أفوكادو / Avocado Juice',NULL,160.00,NULL,NULL,1,0,8,'2026-05-27 08:52:56','2026-05-27 08:52:56',NULL),(1186,7,157,'بطيخ / Watermelon Juice',NULL,95.00,NULL,NULL,1,0,9,'2026-05-27 08:52:56','2026-05-27 08:52:56',NULL),(1187,7,158,'النرويجي كوكتيل / Norwegian Cocktail',NULL,140.00,NULL,NULL,1,0,0,'2026-05-27 08:52:56','2026-05-27 08:52:56',NULL),(1188,7,158,'مانجو كوك / Mango Coke',NULL,129.00,NULL,NULL,1,0,1,'2026-05-27 08:52:56','2026-05-27 08:52:56',NULL),(1189,7,158,'مانجو خوخ / Mango Peach',NULL,129.00,NULL,NULL,1,0,2,'2026-05-27 08:52:56','2026-05-27 08:52:56',NULL),(1190,7,158,'فلوريدا / Florida',NULL,135.00,NULL,NULL,1,0,3,'2026-05-27 08:52:56','2026-05-27 08:52:56',NULL),(1191,7,158,'آيس كاب / Iced Cap',NULL,135.00,NULL,NULL,1,0,4,'2026-05-27 08:52:56','2026-05-27 08:52:56',NULL),(1192,7,158,'بيتلز / Beatles',NULL,140.00,NULL,NULL,1,0,5,'2026-05-27 08:52:56','2026-05-27 08:52:56',NULL),(1193,7,158,'زبادي فواكه / Fruit Yogurt',NULL,135.00,NULL,NULL,1,0,6,'2026-05-27 08:52:56','2026-05-27 08:52:56',NULL),(1194,7,159,'بيبسي / Pepsi',NULL,60.00,NULL,NULL,1,0,0,'2026-05-27 08:52:56','2026-05-27 08:52:56',NULL),(1195,7,159,'سفن أب / Seven Up',NULL,60.00,NULL,NULL,1,0,1,'2026-05-27 08:52:56','2026-05-27 08:52:56',NULL),(1196,7,159,'بيرل / Birell',NULL,71.00,NULL,NULL,1,0,2,'2026-05-27 08:52:56','2026-05-27 08:52:56',NULL),(1197,7,159,'فيروز / Fayrouz',NULL,71.00,NULL,NULL,1,0,3,'2026-05-27 08:52:56','2026-05-27 08:52:56',NULL),(1198,7,159,'شيري كولا / Cherry Cola',NULL,115.00,NULL,NULL,1,0,4,'2026-05-27 08:52:56','2026-05-27 08:52:56',NULL),(1199,7,159,'ميرندا برتقال / Mirinda Orange',NULL,60.00,NULL,NULL,1,0,5,'2026-05-27 08:52:56','2026-05-27 08:52:56',NULL),(1200,7,159,'مياه فوارة / Sparkling Water',NULL,85.00,NULL,NULL,1,0,6,'2026-05-27 08:52:56','2026-05-27 08:52:56',NULL),(1201,7,159,'مياه صغيرة / Small Water',NULL,30.00,NULL,NULL,1,0,7,'2026-05-27 08:52:56','2026-05-27 08:52:56',NULL),(1202,7,160,'صوص / Sauce',NULL,50.00,NULL,NULL,1,0,0,'2026-05-27 08:52:56','2026-05-27 08:52:56',NULL),(1203,7,160,'فليفر / Flavor',NULL,40.00,NULL,NULL,1,0,1,'2026-05-27 08:52:56','2026-05-27 08:52:56',NULL),(1204,7,160,'مكسرات / Nuts',NULL,50.00,NULL,NULL,1,0,2,'2026-05-27 08:52:56','2026-05-27 08:52:56',NULL),(1205,7,160,'لبن / Milk',NULL,40.00,NULL,NULL,1,0,3,'2026-05-27 08:52:56','2026-05-27 08:52:56',NULL),(1206,7,160,'شوت إسبريسو / Espresso Shot',NULL,40.00,NULL,NULL,1,0,4,'2026-05-27 08:52:56','2026-05-27 08:52:56',NULL),(1207,7,160,'عسل / Honey',NULL,40.00,NULL,NULL,1,0,5,'2026-05-27 08:52:56','2026-05-27 08:52:56',NULL),(1208,7,160,'نوتيلا / Nutella',NULL,50.00,NULL,NULL,1,0,6,'2026-05-27 08:52:56','2026-05-27 08:52:56',NULL),(1209,7,160,'ويب كريم / Whipped Cream',NULL,40.00,NULL,NULL,1,0,7,'2026-05-27 08:52:56','2026-05-27 08:52:56',NULL),(1210,7,161,'تشيز كيك / Cheesecake',NULL,165.00,NULL,NULL,1,0,0,'2026-05-27 08:52:56','2026-05-27 08:52:56',NULL),(1211,7,161,'شوكليت كيك / Chocolate Cake',NULL,160.00,NULL,NULL,1,0,1,'2026-05-27 08:52:56','2026-05-27 08:52:56',NULL),(1212,7,161,'براوني / Brownie',NULL,160.00,NULL,NULL,1,0,2,'2026-05-27 08:52:56','2026-05-27 08:52:56',NULL),(1213,7,161,'مولتن كيك / Molten Cake',NULL,170.00,NULL,NULL,1,0,3,'2026-05-27 08:52:56','2026-05-27 08:52:56',NULL),(1214,7,161,'مولتن نوتيلا / Molten Nutella',NULL,170.00,NULL,NULL,1,0,4,'2026-05-27 08:52:56','2026-05-27 08:52:56',NULL),(1215,7,161,'تيراميسو / Tiramisu',NULL,180.00,NULL,NULL,1,0,5,'2026-05-27 08:52:56','2026-05-27 08:52:56',NULL),(1216,7,161,'أوريو مادنس / Oreo Madness',NULL,155.00,NULL,NULL,1,0,6,'2026-05-27 08:52:56','2026-05-27 08:52:56',NULL),(1217,7,161,'هوت كوكي / Hot Cookie',NULL,190.00,NULL,NULL,1,0,7,'2026-05-27 08:52:56','2026-05-27 08:52:56',NULL),(1218,7,161,'كريب / Crepe',NULL,180.00,NULL,NULL,1,0,8,'2026-05-27 08:52:56','2026-05-27 08:52:56',NULL),(1219,7,161,'بان كيك / Pancake',NULL,180.00,NULL,NULL,1,0,9,'2026-05-27 08:52:56','2026-05-27 08:52:56',NULL),(1220,7,161,'وافل / Waffle',NULL,185.00,NULL,NULL,1,0,10,'2026-05-27 08:52:56','2026-05-27 08:52:56',NULL),(1221,7,161,'آيس كريم مكس / Mixed Ice Cream',NULL,140.00,NULL,NULL,1,0,11,'2026-05-27 08:52:56','2026-05-27 08:52:56',NULL),(1222,7,161,'آيس كريم 1 بولة / Ice Cream 1 Scoop',NULL,60.00,NULL,NULL,1,0,12,'2026-05-27 08:52:56','2026-05-27 08:52:56',NULL),(1223,7,162,'شيشة فواكه / Fruit Shisha',NULL,185.00,NULL,NULL,1,0,0,'2026-05-27 08:52:56','2026-05-27 08:52:56',NULL),(1224,7,162,'شيشة معسل / Maassel Shisha',NULL,65.00,NULL,NULL,1,0,1,'2026-05-27 08:52:56','2026-05-27 08:52:56',NULL),(1225,7,162,'لي طبي / Medical Hose',NULL,27.00,NULL,NULL,1,0,2,'2026-05-27 08:52:56','2026-05-27 08:52:56',NULL),(1226,8,163,'شاي / Tea',NULL,50.00,NULL,NULL,1,0,0,'2026-05-27 08:52:56','2026-05-27 08:52:56',NULL),(1227,8,163,'شاي أخضر / Green Tea',NULL,55.00,NULL,NULL,1,0,1,'2026-05-27 08:52:56','2026-05-27 08:52:56',NULL),(1228,8,163,'ينسون / Anise',NULL,50.00,NULL,NULL,1,0,2,'2026-05-27 08:52:56','2026-05-27 08:52:56',NULL),(1229,8,163,'أعشاب / Herbs',NULL,60.00,NULL,NULL,1,0,3,'2026-05-27 08:52:56','2026-05-27 08:52:56',NULL),(1230,8,163,'هوت سيدر / Hot Cider',NULL,95.00,NULL,NULL,1,0,4,'2026-05-27 08:52:56','2026-05-27 08:52:56',NULL),(1231,8,163,'شاي كرك / Karak Tea',NULL,100.00,NULL,NULL,1,0,5,'2026-05-27 08:52:56','2026-05-27 08:52:56',NULL),(1232,8,163,'سحلب / Sahlab',NULL,110.00,NULL,NULL,1,0,6,'2026-05-27 08:52:56','2026-05-27 08:52:56',NULL),(1233,8,163,'هوت شوكليت / Hot Chocolate',NULL,115.00,NULL,NULL,1,0,7,'2026-05-27 08:52:56','2026-05-27 08:52:56',NULL),(1234,8,163,'هوت شوكليت مارشميلو / Hot Chocolate Marshmallow',NULL,160.00,NULL,NULL,1,0,8,'2026-05-27 08:52:56','2026-05-27 08:52:56',NULL),(1235,8,164,'قهوة تركي / Turkish Coffee',NULL,60.00,NULL,NULL,1,0,0,'2026-05-27 08:52:56','2026-05-27 08:52:56',NULL),(1236,8,164,'قهوة فرنساوي / French Coffee',NULL,90.00,NULL,NULL,1,0,1,'2026-05-27 08:52:56','2026-05-27 08:52:56',NULL),(1237,8,164,'موكا / Mocha',NULL,119.00,NULL,NULL,1,0,2,'2026-05-27 08:52:56','2026-05-27 08:52:56',NULL),(1238,8,164,'لاتيه / Latte',NULL,95.00,NULL,NULL,1,0,3,'2026-05-27 08:52:56','2026-05-27 08:52:56',NULL),(1239,8,164,'نسكافيه / Nescafe',NULL,90.00,NULL,NULL,1,0,4,'2026-05-27 08:52:56','2026-05-27 08:52:56',NULL),(1240,8,164,'أمريكان كوفي / American Coffee',NULL,95.00,NULL,NULL,1,0,5,'2026-05-27 08:52:56','2026-05-27 08:52:56',NULL),(1241,8,164,'بلاك كوفي / Black Coffee',NULL,95.00,NULL,NULL,1,0,6,'2026-05-27 08:52:56','2026-05-27 08:52:56',NULL),(1242,8,164,'فلات وايت / Flat White',NULL,110.00,NULL,NULL,1,0,7,'2026-05-27 08:52:56','2026-05-27 08:52:56',NULL),(1243,8,164,'كورتادو / Cortado',NULL,90.00,NULL,NULL,1,0,8,'2026-05-27 08:52:56','2026-05-27 08:52:56',NULL),(1244,8,164,'كابتشينو / Cappuccino',NULL,90.00,NULL,NULL,1,0,9,'2026-05-27 08:52:56','2026-05-27 08:52:56',NULL),(1245,8,164,'سبانش لاتيه / Spanish Latte',NULL,115.00,NULL,NULL,1,0,10,'2026-05-27 08:52:56','2026-05-27 08:52:56',NULL),(1246,8,164,'قهوة بندق / Hazelnut Coffee',NULL,95.00,NULL,NULL,1,0,11,'2026-05-27 08:52:56','2026-05-27 08:52:56',NULL),(1247,8,164,'ماكياتو / Macchiato',NULL,65.00,NULL,NULL,1,0,12,'2026-05-27 08:52:56','2026-05-27 08:52:56',NULL),(1248,8,164,'إسبريسو سنجل / Single Espresso',NULL,65.00,NULL,NULL,1,0,13,'2026-05-27 08:52:56','2026-05-27 08:52:56',NULL),(1249,8,164,'إسبريسو دبل / Double Espresso',NULL,80.00,NULL,NULL,1,0,14,'2026-05-27 08:52:56','2026-05-27 08:52:56',NULL),(1250,8,164,'قهوة تركي دبل / Double Turkish Coffee',NULL,75.00,NULL,NULL,1,0,15,'2026-05-27 08:52:56','2026-05-27 08:52:56',NULL),(1251,8,164,'نرويجي كوفي / Norwegian Coffee',NULL,105.00,NULL,NULL,1,0,16,'2026-05-27 08:52:56','2026-05-27 08:52:56',NULL),(1252,8,164,'بيستاشيو لاتيه / Pistachio Latte',NULL,140.00,NULL,NULL,1,0,17,'2026-05-27 08:52:56','2026-05-27 08:52:56',NULL),(1253,8,165,'مانجو / Mango Juice',NULL,100.00,NULL,NULL,1,0,0,'2026-05-27 08:52:56','2026-05-27 08:52:56',NULL),(1254,8,165,'فراولة / Strawberry Juice',NULL,100.00,NULL,NULL,1,0,1,'2026-05-27 08:52:56','2026-05-27 08:52:56',NULL),(1255,8,165,'جوافة / Guava Juice',NULL,100.00,NULL,NULL,1,0,2,'2026-05-27 08:52:56','2026-05-27 08:52:56',NULL),(1256,8,165,'برتقال / Orange Juice',NULL,100.00,NULL,NULL,1,0,3,'2026-05-27 08:52:56','2026-05-27 08:52:56',NULL),(1257,8,165,'ليمون نعناع / Lemon Mint',NULL,90.00,NULL,NULL,1,0,4,'2026-05-27 08:52:56','2026-05-27 08:52:56',NULL),(1258,8,165,'ليمون / Lemon Juice',NULL,85.00,NULL,NULL,1,0,5,'2026-05-27 08:52:56','2026-05-27 08:52:56',NULL),(1259,8,165,'كيوي / Kiwi Juice',NULL,115.00,NULL,NULL,1,0,6,'2026-05-27 08:52:56','2026-05-27 08:52:56',NULL),(1260,8,165,'موز باللبن / Banana with Milk',NULL,110.00,NULL,NULL,1,0,7,'2026-05-27 08:52:56','2026-05-27 08:52:56',NULL),(1261,8,165,'أفوكادو / Avocado Juice',NULL,160.00,NULL,NULL,1,0,8,'2026-05-27 08:52:56','2026-05-27 08:52:56',NULL),(1262,8,165,'بطيخ / Watermelon Juice',NULL,95.00,NULL,NULL,1,0,9,'2026-05-27 08:52:56','2026-05-27 08:52:56',NULL),(1263,8,166,'النرويجي كوكتيل / Norwegian Cocktail',NULL,140.00,NULL,NULL,1,0,0,'2026-05-27 08:52:56','2026-05-27 08:52:56',NULL),(1264,8,166,'مانجو كوك / Mango Coke',NULL,129.00,NULL,NULL,1,0,1,'2026-05-27 08:52:56','2026-05-27 08:52:56',NULL),(1265,8,166,'مانجو خوخ / Mango Peach',NULL,129.00,NULL,NULL,1,0,2,'2026-05-27 08:52:56','2026-05-27 08:52:56',NULL),(1266,8,166,'فلوريدا / Florida',NULL,135.00,NULL,NULL,1,0,3,'2026-05-27 08:52:56','2026-05-27 08:52:56',NULL),(1267,8,166,'آيس كاب / Iced Cap',NULL,135.00,NULL,NULL,1,0,4,'2026-05-27 08:52:56','2026-05-27 08:52:56',NULL),(1268,8,166,'بيتلز / Beatles',NULL,140.00,NULL,NULL,1,0,5,'2026-05-27 08:52:56','2026-05-27 08:52:56',NULL),(1269,8,166,'زبادي فواكه / Fruit Yogurt',NULL,135.00,NULL,NULL,1,0,6,'2026-05-27 08:52:56','2026-05-27 08:52:56',NULL),(1270,8,167,'بيبسي / Pepsi',NULL,60.00,NULL,NULL,1,0,0,'2026-05-27 08:52:56','2026-05-27 08:52:56',NULL),(1271,8,167,'سفن أب / Seven Up',NULL,60.00,NULL,NULL,1,0,1,'2026-05-27 08:52:56','2026-05-27 08:52:56',NULL),(1272,8,167,'بريل / Birell',NULL,71.00,NULL,NULL,1,0,2,'2026-05-27 08:52:56','2026-05-27 09:12:19',NULL),(1273,8,167,'فيروز / Fayrouz',NULL,71.00,NULL,NULL,1,0,3,'2026-05-27 08:52:56','2026-05-27 08:52:56',NULL),(1274,8,167,'شيري كولا / Cherry Cola',NULL,115.00,NULL,NULL,1,0,4,'2026-05-27 08:52:56','2026-05-27 08:52:56',NULL),(1275,8,167,'ميرندا برتقال / Mirinda Orange',NULL,60.00,NULL,NULL,1,0,5,'2026-05-27 08:52:56','2026-05-27 08:52:56',NULL),(1276,8,167,'مياه فوارة / Sparkling Water',NULL,85.00,NULL,NULL,1,0,6,'2026-05-27 08:52:56','2026-05-27 08:52:56',NULL),(1277,8,167,'مياه صغيرة / Small Water',NULL,30.00,NULL,NULL,1,0,7,'2026-05-27 08:52:56','2026-05-27 08:52:56',NULL),(1278,8,168,'صوص / Sauce',NULL,50.00,NULL,NULL,1,0,0,'2026-05-27 08:52:56','2026-05-27 08:52:56',NULL),(1279,8,168,'فليفر / Flavor',NULL,40.00,NULL,NULL,1,0,1,'2026-05-27 08:52:56','2026-05-27 08:52:56',NULL),(1280,8,168,'مكسرات / Nuts',NULL,50.00,NULL,NULL,1,0,2,'2026-05-27 08:52:56','2026-05-27 08:52:56',NULL),(1281,8,168,'لبن / Milk',NULL,40.00,NULL,NULL,1,0,3,'2026-05-27 08:52:56','2026-05-27 08:52:56',NULL),(1282,8,168,'شوت إسبريسو / Espresso Shot',NULL,40.00,NULL,NULL,1,0,4,'2026-05-27 08:52:57','2026-05-27 08:52:57',NULL),(1283,8,168,'عسل / Honey',NULL,40.00,NULL,NULL,1,0,5,'2026-05-27 08:52:57','2026-05-27 08:52:57',NULL),(1284,8,168,'نوتيلا / Nutella',NULL,50.00,NULL,NULL,1,0,6,'2026-05-27 08:52:57','2026-05-27 08:52:57',NULL),(1285,8,168,'ويب كريم / Whipped Cream',NULL,40.00,NULL,NULL,1,0,7,'2026-05-27 08:52:57','2026-05-27 08:52:57',NULL),(1286,8,169,'تشيز كيك / Cheesecake',NULL,165.00,NULL,NULL,1,0,0,'2026-05-27 08:52:57','2026-05-27 08:52:57',NULL),(1287,8,169,'شوكليت كيك / Chocolate Cake',NULL,160.00,NULL,NULL,1,0,1,'2026-05-27 08:52:57','2026-05-27 08:52:57',NULL),(1288,8,169,'براوني / Brownie',NULL,160.00,NULL,NULL,1,0,2,'2026-05-27 08:52:57','2026-05-27 08:52:57',NULL),(1289,8,169,'مولتن كيك / Molten Cake',NULL,170.00,NULL,NULL,1,0,3,'2026-05-27 08:52:57','2026-05-27 08:52:57',NULL),(1290,8,169,'مولتن نوتيلا / Molten Nutella',NULL,170.00,NULL,NULL,1,0,4,'2026-05-27 08:52:57','2026-05-27 08:52:57',NULL),(1291,8,169,'تيراميسو / Tiramisu',NULL,180.00,NULL,NULL,1,0,5,'2026-05-27 08:52:57','2026-05-27 08:52:57',NULL),(1292,8,169,'أوريو مادنس / Oreo Madness',NULL,155.00,NULL,NULL,1,0,6,'2026-05-27 08:52:57','2026-05-27 08:52:57',NULL),(1293,8,169,'هوت كوكي / Hot Cookie',NULL,190.00,NULL,NULL,1,0,7,'2026-05-27 08:52:57','2026-05-27 08:52:57',NULL),(1294,8,169,'كريب / Crepe',NULL,180.00,NULL,NULL,1,0,8,'2026-05-27 08:52:57','2026-05-27 08:52:57',NULL),(1295,8,169,'بان كيك / Pancake',NULL,180.00,NULL,NULL,1,0,9,'2026-05-27 08:52:57','2026-05-27 08:52:57',NULL),(1296,8,169,'وافل / Waffle',NULL,185.00,NULL,NULL,1,0,10,'2026-05-27 08:52:57','2026-05-27 08:52:57',NULL),(1297,8,169,'آيس كريم مكس / Mixed Ice Cream',NULL,140.00,NULL,NULL,1,0,11,'2026-05-27 08:52:57','2026-05-27 08:52:57',NULL),(1298,8,169,'آيس كريم 1 بولة / Ice Cream 1 Scoop',NULL,60.00,NULL,NULL,1,0,12,'2026-05-27 08:52:57','2026-05-27 08:52:57',NULL),(1299,8,170,'شيشة فواكه / Fruit Shisha',NULL,185.00,NULL,NULL,1,0,0,'2026-05-27 08:52:57','2026-05-27 08:52:57',NULL),(1300,8,170,'شيشة معسل / Maassel Shisha',NULL,65.00,NULL,NULL,1,0,1,'2026-05-27 08:52:57','2026-05-27 08:52:57',NULL),(1301,8,170,'لي طبي / Medical Hose',NULL,27.00,NULL,NULL,1,0,2,'2026-05-27 08:52:57','2026-05-27 08:52:57',NULL),(1302,8,171,'سموزي خوخ',NULL,150.00,NULL,NULL,1,0,0,'2026-05-27 09:19:27','2026-05-27 09:19:27',NULL),(1303,8,171,'سموزي مانجو',NULL,150.00,NULL,NULL,1,0,1,'2026-05-27 09:19:27','2026-05-27 09:19:27',NULL),(1304,8,171,'سموزي باشن فروت',NULL,150.00,NULL,NULL,1,0,2,'2026-05-27 09:19:27','2026-05-27 09:19:27',NULL),(1305,8,171,'سموزي كيوي',NULL,150.00,NULL,NULL,1,0,3,'2026-05-27 09:19:27','2026-05-27 09:19:27',NULL),(1306,8,171,'سموزي بطيخ',NULL,150.00,NULL,NULL,1,0,4,'2026-05-27 09:19:27','2026-05-27 09:19:27',NULL),(1307,8,171,'سموزي ليمون نعناع',NULL,150.00,NULL,NULL,1,0,5,'2026-05-27 09:19:27','2026-05-27 09:19:27',NULL),(1308,8,171,'سموزي ليمون',NULL,150.00,NULL,NULL,1,0,6,'2026-05-27 09:19:27','2026-05-27 09:19:27',NULL),(1309,8,171,'سموزي مكس بيري',NULL,150.00,NULL,NULL,1,0,7,'2026-05-27 09:19:27','2026-05-27 09:19:27',NULL),(1310,8,171,'سموزي نرويجي',NULL,150.00,NULL,NULL,1,0,8,'2026-05-27 09:19:27','2026-05-27 09:19:27',NULL),(1311,8,172,'ميلك شيك فانيليا',NULL,160.00,NULL,NULL,1,0,0,'2026-05-27 09:19:27','2026-05-27 09:19:27',NULL),(1312,8,172,'ميلك شيك شوكولاتة',NULL,160.00,NULL,NULL,1,0,1,'2026-05-27 09:19:27','2026-05-27 09:19:27',NULL),(1313,8,172,'ميلك شيك فراولة',NULL,160.00,NULL,NULL,1,0,2,'2026-05-27 09:19:27','2026-05-27 09:19:27',NULL),(1314,8,172,'ميلك شيك مانجو',NULL,160.00,NULL,NULL,1,0,3,'2026-05-27 09:19:27','2026-05-27 09:19:27',NULL),(1315,8,172,'ميلك شيك أوريو',NULL,180.00,NULL,NULL,1,0,4,'2026-05-27 09:19:27','2026-05-27 09:19:27',NULL),(1316,8,172,'ميلك شيك سنيكرز',NULL,200.00,NULL,NULL,1,0,5,'2026-05-27 09:19:27','2026-05-27 09:19:27',NULL),(1317,8,172,'ميلك شيك براوني',NULL,200.00,NULL,NULL,1,0,6,'2026-05-27 09:19:27','2026-05-27 09:19:27',NULL),(1318,8,172,'ميلك شيك تشيز كيك',NULL,200.00,NULL,NULL,1,0,7,'2026-05-27 09:19:27','2026-05-27 09:19:27',NULL),(1319,8,172,'ميلك شيك كراميل',NULL,160.00,NULL,NULL,1,0,8,'2026-05-27 09:19:27','2026-05-27 09:19:27',NULL),(1320,8,172,'ميلك شيك نوتيلا',NULL,170.00,NULL,NULL,1,0,9,'2026-05-27 09:19:27','2026-05-27 09:19:27',NULL),(1321,8,172,'ميلك شيك مالتيزرز',NULL,180.00,NULL,NULL,1,0,10,'2026-05-27 09:19:27','2026-05-27 09:19:27',NULL),(1322,8,172,'ميلك شيك لوتس',NULL,180.00,NULL,NULL,1,0,11,'2026-05-27 09:19:27','2026-05-27 09:19:27',NULL),(1323,8,173,'آيس لاتيه',NULL,100.00,NULL,NULL,1,0,0,'2026-05-27 09:19:27','2026-05-27 09:19:27',NULL),(1324,8,173,'آيس كابتشينو',NULL,110.00,NULL,NULL,1,0,1,'2026-05-27 09:19:27','2026-05-27 09:19:27',NULL),(1325,8,173,'آيس سبانش لاتيه',NULL,130.00,NULL,NULL,1,0,2,'2026-05-27 09:19:27','2026-05-27 09:19:27',NULL),(1326,8,173,'آيس موكا',NULL,140.00,NULL,NULL,1,0,3,'2026-05-27 09:19:27','2026-05-27 09:19:27',NULL),(1327,8,173,'فرابتشينو',NULL,120.00,NULL,NULL,1,0,4,'2026-05-27 09:19:27','2026-05-27 09:19:27',NULL),(1328,8,173,'كراميل فرابيه',NULL,130.00,NULL,NULL,1,0,5,'2026-05-27 09:19:27','2026-05-27 09:19:27',NULL),(1329,8,173,'موكا فرابيه',NULL,130.00,NULL,NULL,1,0,6,'2026-05-27 09:19:27','2026-05-27 09:19:27',NULL),(1330,8,173,'آيس بيستاشيو لاتيه',NULL,140.00,NULL,NULL,1,0,7,'2026-05-27 09:19:27','2026-05-27 09:19:27',NULL),(1331,8,173,'آيس شوكولاتة',NULL,130.00,NULL,NULL,1,0,8,'2026-05-27 09:19:27','2026-05-27 09:19:27',NULL),(1332,8,174,'موهيتو كلاسيك',NULL,110.00,NULL,NULL,1,0,0,'2026-05-27 09:19:27','2026-05-27 09:19:27',NULL),(1333,8,174,'موهيتو خوخ',NULL,130.00,NULL,NULL,1,0,1,'2026-05-27 09:19:27','2026-05-27 09:19:27',NULL),(1334,8,174,'موهيتو بلوبيري',NULL,130.00,NULL,NULL,1,0,2,'2026-05-27 09:19:27','2026-05-27 09:19:27',NULL),(1335,8,174,'موهيتو باشن فروت',NULL,130.00,NULL,NULL,1,0,3,'2026-05-27 09:19:27','2026-05-27 09:19:27',NULL),(1336,8,174,'موهيتو مانجو',NULL,130.00,NULL,NULL,1,0,4,'2026-05-27 09:19:27','2026-05-27 09:19:27',NULL),(1337,8,174,'موهيتو فراولة',NULL,130.00,NULL,NULL,1,0,5,'2026-05-27 09:19:27','2026-05-27 09:19:27',NULL),(1338,8,174,'موهيتو راسبيري',NULL,130.00,NULL,NULL,1,0,6,'2026-05-27 09:19:27','2026-05-27 09:19:27',NULL),(1339,8,174,'موهيتو كيوي',NULL,130.00,NULL,NULL,1,0,7,'2026-05-27 09:19:27','2026-05-27 09:19:27',NULL),(1340,8,174,'صن شاين',NULL,150.00,NULL,NULL,1,0,8,'2026-05-27 09:19:27','2026-05-27 09:19:27',NULL),(1341,8,174,'موهيتو ريد بول',NULL,180.00,NULL,NULL,1,0,9,'2026-05-27 09:19:27','2026-05-27 09:19:27',NULL),(1342,8,174,'هامر هيد',NULL,185.00,NULL,NULL,1,0,10,'2026-05-27 09:19:27','2026-05-27 09:19:27',NULL),(1348,8,175,'بوبا باشن فروت',NULL,130.00,NULL,NULL,1,0,0,'2026-05-27 09:20:35','2026-05-27 09:20:35',NULL),(1349,8,175,'بوبا بلوبيري',NULL,130.00,NULL,NULL,1,0,1,'2026-05-27 09:20:35','2026-05-27 09:20:35',NULL),(1350,8,175,'بوبا كولا',NULL,130.00,NULL,NULL,1,0,2,'2026-05-27 09:20:36','2026-05-27 09:20:36',NULL),(1351,8,175,'بوبا بطيخ',NULL,130.00,NULL,NULL,1,0,3,'2026-05-27 09:20:36','2026-05-27 09:20:36',NULL),(1352,8,175,'بوبا فراولة',NULL,130.00,NULL,NULL,1,0,4,'2026-05-27 09:20:36','2026-05-27 09:20:36',NULL),(1353,3,176,'قص الشعر / Haircut','قص وتصفيف الشعر بأحدث الصيحات العالمية',150.00,NULL,NULL,1,0,2,'2026-05-28 04:56:13','2026-05-28 09:34:14',NULL),(1354,3,176,'قص الشعر للأطفال / Kids Haircut','من سن سنة إلى 8 سنوات بأجواء ممتعة ومريحة للأطفال',100.00,NULL,NULL,1,0,1,'2026-05-28 04:56:13','2026-05-28 09:34:23',NULL),(1355,3,176,'قص الذقن / Beard Trim','تحديد وتهذيب اللحية بشكل متناسق مع ملامح الوجه',100.00,NULL,NULL,1,0,3,'2026-05-28 04:56:13','2026-05-28 09:34:37',NULL),(1356,3,176,'قص شعر + ذقن / Hair & Beard Cut','العرض الأساسي لقص الشعر وتحديد اللحية',200.00,NULL,NULL,1,0,4,'2026-05-28 04:56:13','2026-05-28 09:34:50',NULL),(1357,3,176,'قص شعر + ذقن + سيشوار أو ويفي / Hair, Beard & Styling','باقة متكاملة للحلاقة مع التصفيف الاحترافي سيشوار أو ويفي',300.00,NULL,NULL,1,0,5,'2026-05-28 04:56:13','2026-05-28 09:35:03',NULL),(1358,3,176,'سيشوار / Blowdry','تصفيف وتجفيف الشعر بالسيشوار لمظهر أنيق',150.00,NULL,NULL,1,0,6,'2026-05-28 04:56:13','2026-05-28 04:56:13',NULL),(1359,3,176,'ويفي / Wavy Styling','عمل تموجات ويفي مميزة للشعر',150.00,NULL,NULL,1,0,7,'2026-05-28 04:56:13','2026-05-28 04:56:13',NULL),(1360,3,176,'كيرلي / Curly Styling','تصفيف الشعر كيرلي بشكل طبيعي وجذاب',200.00,NULL,NULL,1,0,8,'2026-05-28 04:56:13','2026-05-28 04:56:13',NULL),(1361,3,176,'بيبيليس / Babyliss','فرد وتنعيم الشعر باستخدام البيبيليس',150.00,NULL,NULL,1,0,9,'2026-05-28 04:56:13','2026-05-28 08:48:22','2026-05-28 08:48:22'),(1362,3,176,'دريد (ضفائر) / Dreadlocks & Braids','عمل ضفائر ودريد لوكس احترافية - السعر يبدأ من 1000 ج.م ويحدد حسب الطول والكثافة',1000.00,NULL,NULL,1,0,10,'2026-05-28 04:56:13','2026-05-28 04:56:13',NULL),(1363,3,177,'بروتين بالجرام / Protein Per Gram','فرد الشعر بالبروتين العلاجي الخالي من الفورمالين (سعر الجرام الواحد)',15.00,NULL,NULL,1,0,1,'2026-05-28 04:56:13','2026-05-28 04:56:13',NULL),(1364,3,177,'كيراتين بالجرام / Keratin Per Gram','علاج وتنعيم الشعر بالكيراتين الأصلي (سعر الجرام الواحد)',15.00,NULL,NULL,1,0,2,'2026-05-28 04:56:13','2026-05-28 04:56:13',NULL),(1365,3,177,'خدمة بروتين أو كيراتين / Service Fee','تكلفة تطبيق وفرد جلسة البروتين/الكيراتين داخل الصالون',500.00,NULL,NULL,1,0,3,'2026-05-28 04:56:13','2026-05-28 04:56:13',NULL),(1366,3,177,'مكواة فرد الشعر / Hair Straightening','فرد الشعر المؤقت بجودة عالية',200.00,NULL,NULL,1,0,4,'2026-05-28 04:56:13','2026-05-28 04:56:13',NULL),(1367,3,177,'مكواة فرد اللحية / Beard Straightening','تهذيب وفرد شعر اللحية بالمكواة الحرارية',100.00,NULL,NULL,1,0,5,'2026-05-28 04:56:13','2026-05-28 04:56:13',NULL),(1368,3,177,'حمام زيت / Hot Oil Treatment','حمام زيت دافئ مغذي لبصيلات الشعر لعلاج التقصف والتساقط',250.00,NULL,NULL,1,0,6,'2026-05-28 04:56:13','2026-05-28 04:56:13',NULL),(1369,3,177,'فرد شعر / Hair Relaxing','جلسة فرد شعر كيميائي خفيف وآمن',150.00,NULL,NULL,1,0,7,'2026-05-28 04:56:13','2026-05-28 04:56:13',NULL),(1370,3,177,'اسبراي لون / Color Spray','تلوين مؤقت للشعر سهل الغسيل بالماء',50.00,NULL,NULL,1,0,8,'2026-05-28 04:56:13','2026-05-28 04:56:13',NULL),(1371,3,178,'صبغة الشعر سيلفر أو أبيض / Silver & White Dye','صبغ الشعر باللون السيلفر أو الأبيض الثلجي الفاخر',700.00,NULL,NULL,1,0,1,'2026-05-28 04:56:13','2026-05-28 04:56:13',NULL),(1372,3,178,'صبغة الشعر أسود / Black Dye','تلوين كامل للشعر باللون الأسود الطبيعي لإخفاء الشيب',400.00,NULL,NULL,1,0,2,'2026-05-28 04:56:13','2026-05-28 04:56:13',NULL),(1373,3,178,'صبغة ذقن / Beard Dyeing','تحديد وصبغ اللحية لإخفاء عيوب الفراغات والشيب',150.00,NULL,NULL,1,0,3,'2026-05-28 04:56:13','2026-05-28 04:56:13',NULL),(1374,3,178,'توبيك / Toppik Fibers','إخفاء الفراغات وتكثيف مظهر الشعر الفراغي بشكل فوري وطبيعي',100.00,NULL,NULL,1,0,4,'2026-05-28 04:56:13','2026-05-28 04:56:13',NULL),(1375,3,179,'تنظيف بشرة / Deep Skin Cleansing','تنظيف عميق للبشرة لإزالة الرؤوس السوداء والدهون وتفتيح البشرة',400.00,NULL,NULL,1,0,2,'2026-05-28 04:56:13','2026-05-28 08:51:46',NULL),(1376,3,179,'هايدرافيشل للبشرة / Hydrafacial Treatment','جلسة الهايدفشيال المتكاملة لتقشير البشرة وترطيبها وتجديد النضارة',700.00,NULL,NULL,1,0,1,'2026-05-28 04:56:13','2026-05-28 08:51:33',NULL),(1377,3,179,'ديرما بن للوجه / Derma Pen Treatment','جلسة ديرما بن لتحفيز الكولاجين وعلاج آثار الحبوب والندبات بالبشرة',150.00,NULL,NULL,1,0,3,'2026-05-28 04:56:13','2026-05-28 04:56:13',NULL),(1378,3,180,'شمع كامل للوجه / Full Face Waxing','إزالة شعر الوجه الزائد بالكامل باستخدام الشمع الطبيعي لراحة أطول',150.00,NULL,NULL,1,0,1,'2026-05-28 04:56:13','2026-05-28 04:56:13',NULL),(1379,3,180,'شمع أنف أو أذن / Ear & Nose Waxing','إزالة شعر الأنف أو الأذن الزائد بالشمع بطريقة سريعة وبدون ألم',100.00,NULL,NULL,1,0,2,'2026-05-28 04:56:13','2026-05-28 04:56:13',NULL),(1380,3,180,'ماسك الوجه / Face Mask Treatment','ماسك مغذي ومرطب مخصص لنوع بشرتك لإعطاء مظهر مشرق وخالٍ من الإرهاق',100.00,NULL,NULL,1,0,3,'2026-05-28 04:56:13','2026-05-28 04:56:13',NULL),(1381,3,180,'مساج للوجه والاسترخاء / Relaxing Massage','مساج مهدئ لعضلات الوجه والرقبة لتنشيط الدورة الدموية والاسترخاء',100.00,NULL,NULL,1,0,4,'2026-05-28 04:56:13','2026-05-28 04:56:13',NULL),(1382,3,181,'باديكير اليدين / Manicure','تنظيف وتقليم الأظافر وترطيب اليدين ومساج خفيف لراحة اليدين',300.00,NULL,NULL,1,0,1,'2026-05-28 04:56:13','2026-05-28 04:56:13',NULL),(1383,3,181,'باديكير القدمين / Pedicure','جلسة تنظيف عميق وتقشير لكعب القدمين وإزالة الجلد الميت وترطيب القدمين',400.00,NULL,NULL,1,0,2,'2026-05-28 04:56:13','2026-05-28 04:56:13',NULL),(1384,3,181,'مانيكير وباديكير متكامل / Manicure & Pedicure','جلسة دبل متكاملة لتنظيف وعلاج أظافر اليدين والقدمين معاً بسعر مخفض',600.00,NULL,NULL,1,0,3,'2026-05-28 04:56:13','2026-05-28 04:56:13',NULL),(1385,3,182,'باكيدج العريس (داخل الصالون) / Groom Package (In-Salon)','باقة الزفاف المتكاملة وتشمل: قص + ذقن + حمام زيت مغذي + تنظيف بشرة عميق + باديكير كامل لليدين والقدمين + فينش العريس المميز داخل الصالون',2500.00,NULL,NULL,1,1,1,'2026-05-28 04:56:13','2026-05-28 04:56:13',NULL),(1386,3,182,'باكيدج العريس (خارج الصالون) / Groom Package (Out-Salon)','باقة الزفاف المتكاملة وتشمل: قص + ذقن + حمام زيت مغذي + تنظيف بشرة عميق + باديكير كامل لليدين والقدمين + فينش العريس المميز (خدمة خارجية في مكان العريس)',3500.00,NULL,NULL,1,1,2,'2026-05-28 04:56:13','2026-05-28 04:56:13',NULL),(1387,3,183,'باقة النرويجي الكلاسيكية / El-Nerwegy Basic Package','تشمل: قص شعر + قص ذقن + حمام زيت مغذي + تنظيف بشرة (عرض خاص بدلاً من 1250 ج.م)',1000.00,NULL,NULL,1,1,1,'2026-05-28 04:56:13','2026-05-28 04:56:13',NULL),(1388,3,183,'باقة النرويجي الذهبية / El-Nerwegy Premium Package','تشمل: قص شعر + قص ذقن + حمام زيت مغذي + تنظيف بشرة + باديكير يدين وقدمين (عرض خاص بدلاً من 1800 ج.م)',1300.00,NULL,NULL,1,1,2,'2026-05-28 04:56:13','2026-05-28 04:56:13',NULL),(1389,3,184,'قص شعر إضافي / Special Haircut','قص وتصميم قصات خاصة وتدريج متقدم للشعر',200.00,NULL,NULL,1,0,1,'2026-05-28 04:56:13','2026-05-28 08:55:31','2026-05-28 08:55:31'),(1390,3,184,'تصفيف استشوار احترافي / Premium Blowdry','تصفيف كامل للشعر بالاستشوار للمناسبات الخاصة',300.00,NULL,NULL,1,0,2,'2026-05-28 04:56:13','2026-05-28 08:56:55','2026-05-28 08:56:55'),(1391,3,184,'تنعيم بالمكواة / Hair Flat Ironing','جلسة فرد بالمكواة السيراميك لحماية ولمعان أطول للشعر',300.00,NULL,NULL,1,0,3,'2026-05-28 04:56:13','2026-05-28 08:57:01','2026-05-28 08:57:01'),(1392,3,184,'باديكير يد خاص / Special Manicure','تنظيف وترطيب متطور لأطراف اليدين',300.00,NULL,NULL,1,0,4,'2026-05-28 04:56:13','2026-05-28 08:57:06','2026-05-28 08:57:06'),(1393,3,184,'باديكير قدم خاص / Special Pedicure','تنظيف وتقشير متطور لأطراف وقدمين العميل',400.00,NULL,NULL,1,0,5,'2026-05-28 04:56:13','2026-05-28 08:57:10','2026-05-28 08:57:10'),(1394,3,184,'باديكير يدين وقدمين خاص / Special Mani-Pedi','الجمع بين خدمات العناية بالأطراف في جلسة واحدة فاخرة',600.00,NULL,NULL,1,0,6,'2026-05-28 04:56:13','2026-05-28 08:57:21','2026-05-28 08:57:21'),(1395,3,184,'تنظيف بشرة (6 مراحل) / 6-Step Facial','تنظيف بشرة بمواد طبيعية على 6 مراحل متتالية لإشراقة سريعة',400.00,NULL,NULL,1,0,7,'2026-05-28 04:56:13','2026-05-28 08:57:28','2026-05-28 08:57:28'),(1396,3,184,'تنظيف بشرة (12 مراحل) / 12-Step Premium Facial','جلسة تنظيف بشرة وعلاج الخلايا التالفة على 12 مرحلة كاملة متخصصة',700.00,NULL,NULL,1,0,8,'2026-05-28 04:56:13','2026-05-28 08:57:33','2026-05-28 08:57:33'),(1397,3,184,'تركيب أظافر مؤقتة / Fake Nails','تركيب وتنسيق أظافر مؤقتة لمظهر أيدي مميز',300.00,NULL,NULL,1,0,9,'2026-05-28 04:56:13','2026-05-28 04:56:13',NULL),(1398,3,184,'تهذيب وجه وحواجب / Face & Brows Threading','إزالة وجه وحواجب بالخيط بشكل جمالي ناعم',150.00,NULL,NULL,1,0,10,'2026-05-28 04:56:13','2026-05-28 04:56:13',NULL),(1399,3,184,'تركيب رموش (قطعة واحدة) / Lashes (1 Pc)','تركيب وتطويل الرموش لتكثيفها وإعطاء العينين مظهراً جذاباً',150.00,NULL,NULL,1,0,11,'2026-05-28 04:56:13','2026-05-28 09:06:59',NULL),(1400,3,184,'تركيب رموش (أكثر من قطعة) / (Hair-by-Hair Lashes)','رموش يتم تركيبها شعرة بشعرة أو في مجموعات صغيرة لملء الفراغات',250.00,NULL,NULL,1,0,12,'2026-05-28 04:56:13','2026-05-28 09:12:36',NULL),(1401,3,185,'عرض الأب والابن / Father & Son Offer','احلق أنت وابنك داخل الصالون واحصل على حلاقة ابنك بنصف الثمن',0.00,NULL,NULL,1,1,1,'2026-05-28 04:56:13','2026-05-28 09:30:19',NULL),(1402,3,185,'خصم قائمة الانتظار / Waiting List Discount','إذا كنت في قائمة الانتظار، استمتع بخصم 25% على جميع مشروبات الكافيه الخاص بالصالون',0.00,NULL,NULL,1,0,2,'2026-05-28 04:56:13','2026-05-28 04:56:13',NULL),(1403,3,185,'عرض الساعة السعيدة / Happy Hour Offer','احجز خدماتك من الساعة 12 صباحاً إلى 4 عصراً، واحصل على خصم 25% على التكلفة الكلية للخدمات',0.00,NULL,NULL,1,1,3,'2026-05-28 04:56:13','2026-05-28 04:56:13',NULL),(1404,6,85,'Combo SIP CHILL- كومبو ساب شيل',NULL,325.00,NULL,'products/images/6rBNr1gsINfBVaOubmMlppydAbCkTcKFisYRuyBE.jpg',1,0,51,'2026-05-28 05:06:28','2026-05-28 05:09:47',NULL);
/*!40000 ALTER TABLE `products` ENABLE KEYS */;
UNLOCK TABLES;

--
-- Table structure for table `restaurants`
--

DROP TABLE IF EXISTS `restaurants`;
/*!40101 SET @saved_cs_client     = @@character_set_client */;
/*!50503 SET character_set_client = utf8mb4 */;
CREATE TABLE `restaurants` (
  `id` bigint unsigned NOT NULL AUTO_INCREMENT,
  `name` varchar(255) CHARACTER SET utf8mb4 COLLATE utf8mb4_unicode_ci NOT NULL,
  `phone` varchar(30) CHARACTER SET utf8mb4 COLLATE utf8mb4_unicode_ci DEFAULT NULL,
  `address` varchar(255) CHARACTER SET utf8mb4 COLLATE utf8mb4_unicode_ci DEFAULT NULL,
  `logo_path` varchar(255) CHARACTER SET utf8mb4 COLLATE utf8mb4_unicode_ci DEFAULT NULL,
  `banner_path` varchar(255) CHARACTER SET utf8mb4 COLLATE utf8mb4_unicode_ci DEFAULT NULL,
  `description` text CHARACTER SET utf8mb4 COLLATE utf8mb4_unicode_ci,
  `permanent_qr_code` varchar(64) CHARACTER SET utf8mb4 COLLATE utf8mb4_unicode_ci DEFAULT NULL,
  `subscription_status` varchar(20) CHARACTER SET utf8mb4 COLLATE utf8mb4_unicode_ci NOT NULL DEFAULT 'active',
  `subscription_starts_at` timestamp NULL DEFAULT NULL,
  `subscription_ends_at` timestamp NULL DEFAULT NULL,
  `created_at` timestamp NULL DEFAULT NULL,
  `updated_at` timestamp NULL DEFAULT NULL,
  PRIMARY KEY (`id`),
  UNIQUE KEY `restaurants_permanent_qr_code_unique` (`permanent_qr_code`),
  KEY `restaurants_permanent_qr_code_index` (`permanent_qr_code`)
) ENGINE=InnoDB AUTO_INCREMENT=10 DEFAULT CHARSET=utf8mb4 COLLATE=utf8mb4_unicode_ci;
/*!40101 SET character_set_client = @saved_cs_client */;

--
-- Dumping data for table `restaurants`
--

LOCK TABLES `restaurants` WRITE;
/*!40000 ALTER TABLE `restaurants` DISABLE KEYS */;
INSERT INTO `restaurants` VALUES (1,'مشويات نوح','01206628718',NULL,NULL,NULL,NULL,'rest_dpnpzhlfl0','active','2026-04-19 14:00:00','2028-10-19 14:00:00','2026-04-20 04:30:36','2026-05-11 07:29:31'),(2,'The tree','+201144806748',NULL,NULL,NULL,'مطعم وكافيه','rest_ax6on6awko','active','2026-04-20 04:39:57','2026-05-20 04:39:57','2026-04-20 04:42:49','2026-04-20 04:42:49'),(3,'صالون النرويجي                                                                                                              El-Nerwegy Barber Shop','01206628719','الإسكندرية','restaurants/logos/rXGEA4wjHh4sV9K376i6Hev3hLjS8h2vkPyOiVCb.jpg','restaurants/banners/e2EvM4w2PSMffoDoN7hiY7Fq8smlI0zKXiI5IDxQ.png','أرقى خدمات العناية بالشعر والوجه والبشرة للرجال والسيدات / Premium Hair, Face &  Skin Care Services for Men and Woman','rest_v3mzlrbwdb','active','2026-05-28 04:56:12','2026-06-28 04:56:12','2026-04-20 05:30:19','2026-05-28 09:21:56'),(4,'sds','01206628714',NULL,NULL,NULL,NULL,'rest_fjhee9a3wd','active','2026-04-20 06:51:34','2026-05-20 06:51:34','2026-04-20 06:51:50','2026-04-20 06:51:50'),(5,'THE - TREE','01278455666',NULL,'restaurants/logos/ZBtM5oSjDEMK4OH9l8phWM4IHWrWGTnVHJAdR0Nq.png','restaurants/banners/1L3mTBrtdIAjab1LmrRRwvxLWFic7RgJaaACWzgQ.png','Restaurant & Cafe','rest_gbsbaz0i5s','active','2026-04-25 14:00:00','2027-01-01 16:00:00','2026-04-26 06:19:57','2026-05-11 07:25:35'),(6,'Sip Chill','01202669559',NULL,'restaurants/logos/y3yw3PG201FvK2OO7xDSTshBNHWCf2JCjZwSG1Ge.jpg','restaurants/banners/npWZI66SEK1TazjRkrpZJTv2qRtAgeeo03WhgMkp.jpg',NULL,'rest_qum2truoui','active','2026-05-12 00:14:10','2026-06-11 00:14:10','2026-05-12 00:15:13','2026-05-12 00:15:13'),(7,'النرويجي كوفي','01206628718','الإسكندرية، مصر','restaurants/logos/C29K4sudjcqDqjfUcgpkjFAjYGH8i7n4qot4S94V.jpg',NULL,'THE ART OF BREWING - فن تحضير القهوة الفاخرة والمشروبات المميزة','rest_ivqcxknjwa','suspended','2026-05-26 14:00:00','2026-06-25 14:00:00','2026-05-27 04:58:40','2026-05-27 09:04:47'),(8,'النرويجي كوفي','01206628719','الإسكندرية، مصر','restaurants/logos/C29K4sudjcqDqjfUcgpkjFAjYGH8i7n4qot4S94V.jpg',NULL,'THE ART OF BREWING - فن تحضير القهوة الفاخرة والمشروبات المميزة','rest_f755kywtdd','active','2026-05-26 14:00:00','2026-06-10 14:00:00','2026-05-27 05:39:15','2026-05-27 09:05:52'),(9,'test-admin','01206628711',NULL,NULL,NULL,NULL,'rest_dfkecaf8do','active','2026-05-30 07:46:52','2026-06-29 07:46:52','2026-05-30 07:47:11','2026-05-30 07:47:11');
/*!40000 ALTER TABLE `restaurants` ENABLE KEYS */;
UNLOCK TABLES;

--
-- Table structure for table `sessions`
--

DROP TABLE IF EXISTS `sessions`;
/*!40101 SET @saved_cs_client     = @@character_set_client */;
/*!50503 SET character_set_client = utf8mb4 */;
CREATE TABLE `sessions` (
  `id` varchar(255) CHARACTER SET utf8mb4 COLLATE utf8mb4_unicode_ci NOT NULL,
  `user_id` bigint unsigned DEFAULT NULL,
  `ip_address` varchar(45) CHARACTER SET utf8mb4 COLLATE utf8mb4_unicode_ci DEFAULT NULL,
  `user_agent` text CHARACTER SET utf8mb4 COLLATE utf8mb4_unicode_ci,
  `payload` longtext CHARACTER SET utf8mb4 COLLATE utf8mb4_unicode_ci NOT NULL,
  `last_activity` int NOT NULL,
  PRIMARY KEY (`id`),
  KEY `sessions_user_id_index` (`user_id`),
  KEY `sessions_last_activity_index` (`last_activity`)
) ENGINE=InnoDB DEFAULT CHARSET=utf8mb4 COLLATE=utf8mb4_unicode_ci;
/*!40101 SET character_set_client = @saved_cs_client */;

--
-- Dumping data for table `sessions`
--

LOCK TABLES `sessions` WRITE;
/*!40000 ALTER TABLE `sessions` DISABLE KEYS */;
INSERT INTO `sessions` VALUES ('01bltnXx3SjCWPZOGEcryMWMel7R4X3jDGgZKgOP',NULL,'172.68.234.8','Mozilla/5.0 (Linux; Android 10; K) AppleWebKit/537.36 (KHTML, like Gecko) Chrome/148.0.0.0 Mobile Safari/537.36','eyJfdG9rZW4iOiI2RzhQZFc3TFZEWkRTYVVNT1cwa2VCWGk0NE5HOVdEU1JKWVd5cUhzIiwiX3ByZXZpb3VzIjp7InVybCI6Imh0dHBzOlwvXC9tZW51Lm9zaXJpeC5vbmxpbmVcL21lbnVcL3RoZS10cmVlIiwicm91dGUiOiJtZW51LnNob3cifSwiX2ZsYXNoIjp7Im9sZCI6W10sIm5ldyI6W119fQ==',1780154394),('0TWO2y5WqPDd27ZKg8Ze5qTm9vw1Kw0Gi9E8NDWg',NULL,'162.158.22.171','Mozilla/5.0 (Linux; Android 10; K) AppleWebKit/537.36 (KHTML, like Gecko) Chrome/148.0.0.0 Mobile Safari/537.36','eyJfdG9rZW4iOiJqaWFkVzBGa0tZd0YyYU83dWhXcVh0eHVtRVowZjJ5STk0ejFTbG1tIiwiX3ByZXZpb3VzIjp7InVybCI6Imh0dHBzOlwvXC9tZW51Lm9zaXJpeC5vbmxpbmVcL21lbnVcL3NpcC1jaGlsbCIsInJvdXRlIjoibWVudS5zaG93In0sIl9mbGFzaCI6eyJvbGQiOltdLCJuZXciOltdfX0=',1780153704),('1DLX13095c5KJ7RmB2Q4Bm9g2JWhrYkIRoVZGfQz',NULL,'172.69.9.70','Mozilla/5.0 (Linux; Android 10; K) AppleWebKit/537.36 (KHTML, like Gecko) Chrome/148.0.0.0 Mobile Safari/537.36','eyJfdG9rZW4iOiJ5TzJMUFRpNjVxSmF5SzVhUUR3cXBXMURCTzA5QTlHUGl4aFJtQnA1IiwiX3ByZXZpb3VzIjp7InVybCI6Imh0dHBzOlwvXC9tZW51Lm9zaXJpeC5vbmxpbmVcL21lbnVcL3NpcC1jaGlsbCIsInJvdXRlIjoibWVudS5zaG93In0sIl9mbGFzaCI6eyJvbGQiOltdLCJuZXciOltdfX0=',1780154799),('1F1VqW4lRQQp9mdEpbqAYVNQhJpzECO10Y4esoMu',NULL,'162.158.129.148','Mozilla/5.0 (Linux; Android 10; K) AppleWebKit/537.36 (KHTML, like Gecko) Chrome/148.0.0.0 Mobile Safari/537.36','eyJfdG9rZW4iOiJBNno5T0NTbUpXSUJKTnRoY1Nrdk0yWVk0TzNSM3A4YlBwTE5vYnlSIiwiX3ByZXZpb3VzIjp7InVybCI6Imh0dHBzOlwvXC9tZW51Lm9zaXJpeC5vbmxpbmVcL21lbnVcL3NpcC1jaGlsbCIsInJvdXRlIjoibWVudS5zaG93In0sIl9mbGFzaCI6eyJvbGQiOltdLCJuZXciOltdfX0=',1780154778),('1GFGyZ8KaiicQPIBnl49xRINHB6GGjtD7PDoToCR',NULL,'104.22.24.8','Mozilla/5.0 (Linux; Android 10; K) AppleWebKit/537.36 (KHTML, like Gecko) Chrome/138.0.0.0 Mobile Safari/537.36 (compatible; Google-Read-Aloud; +https://support.google.com/webmasters/answer/1061943)','eyJfdG9rZW4iOiJJakdRb3htZThsb0VvZHgyczBFTFhRY1J6QmVxaWxnaGdKUDBucWZsIiwiX3ByZXZpb3VzIjp7InVybCI6Imh0dHBzOlwvXC9tZW51Lm9zaXJpeC5vbmxpbmVcL21lbnVcL2VsLW5lcndlZ3kiLCJyb3V0ZSI6Im1lbnUuc2hvdyJ9LCJfZmxhc2giOnsib2xkIjpbXSwibmV3IjpbXX19',1780156353),('1iWqBcFU0VhbHW6lagFCYzj8I5MnSzvwQlGZIT3C',NULL,'172.68.234.9','Mozilla/5.0 (iPhone; CPU iPhone OS 18_7 like Mac OS X) AppleWebKit/605.1.15 (KHTML, like Gecko) Mobile/15E148','eyJfdG9rZW4iOiJ6RThCMkF6dVFERlY0aXhkbUhjYTRBZVdSWEU4N2pReVdjN0FOSExBIiwiX3ByZXZpb3VzIjp7InVybCI6Imh0dHBzOlwvXC9tZW51Lm9zaXJpeC5vbmxpbmVcL21lbnVcL3NpcC1jaGlsbCIsInJvdXRlIjoibWVudS5zaG93In0sIl9mbGFzaCI6eyJvbGQiOltdLCJuZXciOltdfX0=',1780154473),('1mD60BZf2zcUiiN7WrpZz7i1aADMrE1wmRD5s8oY',NULL,'172.71.238.227','Mozilla/5.0 (iPhone; CPU iPhone OS 13_2_3 like Mac OS X) AppleWebKit/605.1.15 (KHTML, like Gecko) Version/13.0.3 Mobile/15E148 Safari/604.1','eyJfdG9rZW4iOiJmYWpWNndhYW8yM2xrdUUxRnJweWc4aHZTcWdINEJNT05YYk1yZDltIiwiX3ByZXZpb3VzIjp7InVybCI6Imh0dHBzOlwvXC9tZW51Lm9zaXJpeC5vbmxpbmUiLCJyb3V0ZSI6ImhvbWUifSwiX2ZsYXNoIjp7Im9sZCI6W10sIm5ldyI6W119fQ==',1780153136),('2aL1KBcflb8nTl9hx9oFd542R8C2UrjofqhfleKG',NULL,'162.159.122.87','Mozilla/5.0 (Linux; Android 10; K) AppleWebKit/537.36 (KHTML, like Gecko) Chrome/148.0.0.0 Mobile Safari/537.36','eyJfdG9rZW4iOiJsV3JuT2ZNUmNJZEJzMWVMSzE4VVlvQXNMcXdPTGMwd3dyU2JZYVNuIiwiX3ByZXZpb3VzIjp7InVybCI6Imh0dHBzOlwvXC9tZW51Lm9zaXJpeC5vbmxpbmVcL21lbnVcL3NpcC1jaGlsbCIsInJvdXRlIjoibWVudS5zaG93In0sIl9mbGFzaCI6eyJvbGQiOltdLCJuZXciOltdfX0=',1780158707),('2AO3tGbOlr1wdI7zUutEj35Q4sC25Vh3rHwEvyaz',NULL,'172.70.216.78','WhatsApp/2.23.20.0','eyJfdG9rZW4iOiJIWUJHaTN3bVVXeWdaQUpTYWRRWU1aZHBMYkF0ZnNDSmtQZTY5OUJsIiwiX3ByZXZpb3VzIjp7InVybCI6Imh0dHBzOlwvXC9tZW51Lm9zaXJpeC5vbmxpbmVcL21lbnVcL3RoZS10cmVlIiwicm91dGUiOiJtZW51LnNob3cifSwiX2ZsYXNoIjp7Im9sZCI6W10sIm5ldyI6W119fQ==',1780155021),('2APUg89qnagobK5r49h6Z8w4cOqqeqAEhI7mlBw1',NULL,'172.69.68.83','Mozilla/5.0 (iPhone; CPU iPhone OS 26_1_0 like Mac OS X) AppleWebKit/605.1.15 (KHTML, like Gecko) CriOS/148.0.7778.166 Mobile/15E148 Safari/604.1','eyJfdG9rZW4iOiJNd005TWdqYXhWeTRwalg2UXh2ZTJnS3N4bUp6azdDdWZxS1ZpTnpaIiwiX3ByZXZpb3VzIjp7InVybCI6Imh0dHBzOlwvXC9tZW51Lm9zaXJpeC5vbmxpbmVcL21lbnVcL3NpcC1jaGlsbCIsInJvdXRlIjoibWVudS5zaG93In0sIl9mbGFzaCI6eyJvbGQiOltdLCJuZXciOltdfX0=',1780160160),('3484Bw515oXskKHI5fOvnlPWHaaHboHUC8sbbBlU',NULL,'162.158.23.160','Mozilla/5.0 (Linux; Android 10; K) AppleWebKit/537.36 (KHTML, like Gecko) Chrome/148.0.0.0 Mobile Safari/537.36','eyJfdG9rZW4iOiJBaFlEd3lGeXEzNFFWWjQxTU1jT0N6RHZSUzROYVZZY2wwZ2FQUXlJIiwiX3ByZXZpb3VzIjp7InVybCI6Imh0dHBzOlwvXC9tZW51Lm9zaXJpeC5vbmxpbmVcL21lbnVcL3NpcC1jaGlsbCIsInJvdXRlIjoibWVudS5zaG93In0sIl9mbGFzaCI6eyJvbGQiOltdLCJuZXciOltdfX0=',1780156864),('3jjs97TCXFeveeqgejbIaYZG2b11RBKEBDwcW65C',NULL,'127.0.0.1','Mozilla/5.0 (Windows NT; Windows NT 10.0; en-US) WindowsPowerShell/5.1.17763.2931','eyJfdG9rZW4iOiJJMzBueHhOdHRoRU9oVEpqYU9DS3hFTEk2MDZQMGJtamJSTEo5YmFKIiwiX3ByZXZpb3VzIjp7InVybCI6Imh0dHA6XC9cLzEyNy4wLjAuMTo4MDAxIiwicm91dGUiOiJob21lIn0sIl9mbGFzaCI6eyJvbGQiOltdLCJuZXciOltdfX0=',1780155101),('3zhhvSCJgLx7sN4GagszSNqALEwvvCpo4gzk78yy',NULL,'172.70.216.79','Mozilla/5.0 (Linux; Android 10; K) AppleWebKit/537.36 (KHTML, like Gecko) SamsungBrowser/30.0 Chrome/143.0.0.0 Mobile Safari/537.36','eyJfdG9rZW4iOiJzdDB6MmRRM1ZGMDA3Nno4eTdoeHVpdjZlR0VSOHNOVnJvaUlvOWNxIiwiX3ByZXZpb3VzIjp7InVybCI6Imh0dHBzOlwvXC9tZW51Lm9zaXJpeC5vbmxpbmVcL21lbnVcL3NpcC1jaGlsbCIsInJvdXRlIjoibWVudS5zaG93In0sIl9mbGFzaCI6eyJvbGQiOltdLCJuZXciOltdfX0=',1780156052),('4QpdZ1wGmXN2Zd2MwG1WFWhs59kkvr17NKt7J0pX',NULL,'162.159.122.87','Mozilla/5.0 (Linux; Android 10; K) AppleWebKit/537.36 (KHTML, like Gecko) Chrome/148.0.0.0 Mobile Safari/537.36','eyJfdG9rZW4iOiJJUDVzRFVSRG5haVI0RkNpODNsRXQ5RUlYRGFHWVhOZmhTVFp2WWxjIiwiX3ByZXZpb3VzIjp7InVybCI6Imh0dHBzOlwvXC9tZW51Lm9zaXJpeC5vbmxpbmVcL21lbnVcL3NpcC1jaGlsbCIsInJvdXRlIjoibWVudS5zaG93In0sIl9mbGFzaCI6eyJvbGQiOltdLCJuZXciOltdfX0=',1780161668),('5451vtagzivvtMoGibeRQEN4UIaAYyeSuIaopaw1',NULL,'172.70.216.79','Mozilla/5.0 (iPhone; CPU iPhone OS 26_3_1 like Mac OS X) AppleWebKit/605.1.15 (KHTML, like Gecko) CriOS/148.0.7778.166 Mobile/15E148 Safari/604.1','eyJfdG9rZW4iOiJIN1BlcGJxdm1RUXdRUWl3Tnp3WU42UlpQQ3I5WDJ6eFNwMkRyb2Q2IiwiX3ByZXZpb3VzIjp7InVybCI6Imh0dHBzOlwvXC9tZW51Lm9zaXJpeC5vbmxpbmVcL21lbnVcL3NpcC1jaGlsbCIsInJvdXRlIjoibWVudS5zaG93In0sIl9mbGFzaCI6eyJvbGQiOltdLCJuZXciOltdfX0=',1780159582),('54kzLprdqK26gblVVwiLhj5jc4tDuhCp26fWStvw',NULL,'172.70.216.78','Mozilla/5.0 (Linux; Android 10; K) AppleWebKit/537.36 (KHTML, like Gecko) Chrome/148.0.0.0 Mobile Safari/537.36','eyJfdG9rZW4iOiJSMUlZbjBxRlZ6Z3BZbHFvdG9KT1hicmh1Zkt0dGRtUXA0dkFLTW5nIiwiX3ByZXZpb3VzIjp7InVybCI6Imh0dHBzOlwvXC9tZW51Lm9zaXJpeC5vbmxpbmVcL21lbnVcL3RoZS10cmVlIiwicm91dGUiOiJtZW51LnNob3cifSwiX2ZsYXNoIjp7Im9sZCI6W10sIm5ldyI6W119fQ==',1780159949),('5MYzJQU2lb17HuXaNmavkjRBV7zpEZy8yuvTivJl',NULL,'141.101.76.39','Mozilla/5.0 (Linux; Android 10; K) AppleWebKit/537.36 (KHTML, like Gecko) Chrome/138.0.0.0 Mobile Safari/537.36 (compatible; Google-Read-Aloud; +https://support.google.com/webmasters/answer/1061943)','eyJfdG9rZW4iOiJuTUJEaWdXSTNBREN5bVVhSElSSWg3ZURCVUl4ZG5la3NsVTNFZE4yIiwiX3ByZXZpb3VzIjp7InVybCI6Imh0dHBzOlwvXC9tZW51Lm9zaXJpeC5vbmxpbmVcL21lbnVcL3NpcC1jaGlsbCIsInJvdXRlIjoibWVudS5zaG93In0sIl9mbGFzaCI6eyJvbGQiOltdLCJuZXciOltdfX0=',1780161671),('6fD0Bna0Mmm2xsbyDm5P7WtSzqPXX7l6NCcr2aZY',NULL,'162.158.22.171','Mozilla/5.0 (Linux; Android 10; K) AppleWebKit/537.36 (KHTML, like Gecko) Chrome/148.0.0.0 Mobile Safari/537.36','eyJfdG9rZW4iOiJKM0FMQzY2RUxzdzB0R1FPVHo5cVoxdWVNNFR6TFZWVUJ0b2FvUkw0IiwiX3ByZXZpb3VzIjp7InVybCI6Imh0dHBzOlwvXC9tZW51Lm9zaXJpeC5vbmxpbmVcL21lbnVcL3RoZS10cmVlIiwicm91dGUiOiJtZW51LnNob3cifSwiX2ZsYXNoIjp7Im9sZCI6W10sIm5ldyI6W119fQ==',1780154235),('6zlEn2AaRfFYX8ACnOxv9oZyjtPxcBAUZLYs78ZP',NULL,'162.159.122.87','Mozilla/5.0 (iPhone; CPU iPhone OS 18_7 like Mac OS X) AppleWebKit/605.1.15 (KHTML, like Gecko) Version/26.5 Mobile/15E148 Safari/604.1','eyJfdG9rZW4iOiJZaVJiWGp6OVRxSW9KTzFoWFM0REdWbmpTZUhGTms1emEzSVc1QjZDIiwiX3ByZXZpb3VzIjp7InVybCI6Imh0dHBzOlwvXC9tZW51Lm9zaXJpeC5vbmxpbmVcL21lbnVcL3RoZS10cmVlIiwicm91dGUiOiJtZW51LnNob3cifSwiX2ZsYXNoIjp7Im9sZCI6W10sIm5ldyI6W119fQ==',1780160837),('7Owz6wwlbDgXmgW2m6NHmNqjZgir2sOLTRO7TIxq',NULL,'172.70.108.87','Mozilla/5.0 (Linux; Android 10; K) AppleWebKit/537.36 (KHTML, like Gecko) Chrome/148.0.0.0 Mobile Safari/537.36','eyJfdG9rZW4iOiJ2WDhyUHdqVUZRb0RxQTNkazJ1ZjdIQUtndTA3d1BPUURFS09zMTViIiwiX3ByZXZpb3VzIjp7InVybCI6Imh0dHBzOlwvXC9tZW51Lm9zaXJpeC5vbmxpbmVcL21lbnVcL3NpcC1jaGlsbCIsInJvdXRlIjoibWVudS5zaG93In0sIl9mbGFzaCI6eyJvbGQiOltdLCJuZXciOltdfX0=',1780159303),('7ZXgqC9PNZxD7uwPfhunzic76hvif9VGTVdhxWs9',NULL,'172.68.234.8','Mozilla/5.0 (iPhone; CPU iPhone OS 18_7 like Mac OS X) AppleWebKit/605.1.15 (KHTML, like Gecko) Version/18.7.5 Mobile/15E148 Safari/604.1','eyJfdG9rZW4iOiJPUUZPVWh6VnYwWFBPSEJvUUt4dmFsZTM4UXFkemtVUTlpN3Zha3RnIiwiX3ByZXZpb3VzIjp7InVybCI6Imh0dHBzOlwvXC9tZW51Lm9zaXJpeC5vbmxpbmVcL21lbnVcL25nIiwicm91dGUiOiJtZW51LnNob3cifSwiX2ZsYXNoIjp7Im9sZCI6W10sIm5ldyI6W119fQ==',1780158457),('8DoNOuBvPd2Zwrf1qY7TOd5cEOFLFEGPaI1PeuuL',NULL,'172.70.216.79','Mozilla/5.0 (Linux; Android 10; K) AppleWebKit/537.36 (KHTML, like Gecko) Chrome/148.0.0.0 Mobile Safari/537.36','eyJfdG9rZW4iOiJtOVhnbGtZdFE1Ylg0OWV3Ymx3eUVGRWs0VVpueldsNVdweVdhcm5XIiwiX3ByZXZpb3VzIjp7InVybCI6Imh0dHBzOlwvXC9tZW51Lm9zaXJpeC5vbmxpbmVcL21lbnVcL3RoZS10cmVlIiwicm91dGUiOiJtZW51LnNob3cifSwiX2ZsYXNoIjp7Im9sZCI6W10sIm5ldyI6W119fQ==',1780160182),('8EWO44W6KMYX0jQhphKktmWNTrhVqi8JPwQ8WXhT',NULL,'172.68.234.8','Mozilla/5.0 (iPhone; CPU iPhone OS 18_6_2 like Mac OS X) AppleWebKit/605.1.15 (KHTML, like Gecko) Version/18.6 Mobile/15E148 Safari/604.1','eyJfdG9rZW4iOiJGbU9xVEZPUjRkUHhBMUdvZGI4dG9iNzhIdXY0TXZGSlJDdDRENEdUIiwiX3ByZXZpb3VzIjp7InVybCI6Imh0dHBzOlwvXC9tZW51Lm9zaXJpeC5vbmxpbmVcL21lbnVcL3RoZS10cmVlIiwicm91dGUiOiJtZW51LnNob3cifSwiX2ZsYXNoIjp7Im9sZCI6W10sIm5ldyI6W119fQ==',1780160829),('8sU7i6htSjh0zSu3QOI7laQVnecMAT3uzaneWVlV',NULL,'172.68.234.8','Mozilla/5.0 (iPhone; CPU iPhone OS 18_7 like Mac OS X) AppleWebKit/605.1.15 (KHTML, like Gecko) Version/26.2 Mobile/15E148 Safari/604.1','eyJfdG9rZW4iOiJac2phd0lmVGZaZHJLNmFIdUVxU1BJYkpPMjExWXhYcVh5VlFSQVQ1IiwiX3ByZXZpb3VzIjp7InVybCI6Imh0dHBzOlwvXC9tZW51Lm9zaXJpeC5vbmxpbmVcL21lbnVcL3NpcC1jaGlsbCIsInJvdXRlIjoibWVudS5zaG93In0sIl9mbGFzaCI6eyJvbGQiOltdLCJuZXciOltdfX0=',1780159856),('9K11Nqn7o1Gsvgu17ZzWvqDPqQYvYtWV1MmgWiiz',NULL,'172.69.9.71','Mozilla/5.0 (iPhone; CPU iPhone OS 18_6_2 like Mac OS X) AppleWebKit/605.1.15 (KHTML, like Gecko) Version/18.6 Mobile/15E148 Safari/604.1','eyJfdG9rZW4iOiJ0ZDFWRzRRNnBHcXg4YVhJNTNudVZvYUl5Z215Y0hXRUJXSHB5ZzZxIiwiX3ByZXZpb3VzIjp7InVybCI6Imh0dHBzOlwvXC9tZW51Lm9zaXJpeC5vbmxpbmVcL21lbnVcL3RoZS10cmVlIiwicm91dGUiOiJtZW51LnNob3cifSwiX2ZsYXNoIjp7Im9sZCI6W10sIm5ldyI6W119fQ==',1780155229),('9VTBkuo40rQ3VKdoyq96igNwcz96JxPZQEF7JQso',NULL,'162.159.122.87','Mozilla/5.0 (iPhone; CPU iPhone OS 18_7 like Mac OS X) AppleWebKit/605.1.15 (KHTML, like Gecko) Version/26.3 Mobile/15E148 Safari/604.1','eyJfdG9rZW4iOiJtT2pvTFgzbDhqZDl0NVFkNzZDajY2b3NqZEJNem9KTXp0YWVPN2gxIiwiX3ByZXZpb3VzIjp7InVybCI6Imh0dHBzOlwvXC9tZW51Lm9zaXJpeC5vbmxpbmVcL21lbnVcL25nIiwicm91dGUiOiJtZW51LnNob3cifSwiX2ZsYXNoIjp7Im9sZCI6W10sIm5ldyI6W119fQ==',1780159505),('9WX4dZkQso0RHEZdtONAtNVb8wIhnsc7359l9rbS',9,'172.68.234.8','Mozilla/5.0 (iPhone; CPU iPhone OS 18_7 like Mac OS X) AppleWebKit/605.1.15 (KHTML, like Gecko) Version/26.2 Mobile/15E148 Safari/604.1','eyJfdG9rZW4iOiJ6RlJlWDFKWW82bFo2a0pnVmtsbXdQMGlLRkpheTBjQTJDNWRIUml3IiwiX3ByZXZpb3VzIjp7InVybCI6Imh0dHBzOlwvXC9tZW51Lm9zaXJpeC5vbmxpbmVcL2Rhc2hib2FyZCIsInJvdXRlIjoiZGFzaGJvYXJkIn0sIl9mbGFzaCI6eyJvbGQiOltdLCJuZXciOltdfSwibG9naW5fd2ViXzU5YmEzNmFkZGMyYjJmOTQwMTU4MGYwMTRjN2Y1OGVhNGUzMDk4OWQiOjl9',1780160644),('a8Zg7ztVVnwjjHbswDX51gCsZjEiWWwjdfe4D95t',NULL,'172.70.108.87','WhatsApp/2.23.20.0','eyJfdG9rZW4iOiJRVWdma2NBT1pNQmZNdGIzeVZqVTdaZHRDVDRnNGY3cmUxZ3k1U05uIiwiX3ByZXZpb3VzIjp7InVybCI6Imh0dHBzOlwvXC9tZW51Lm9zaXJpeC5vbmxpbmVcL21lbnVcL2VsLW5lcndlZ3kiLCJyb3V0ZSI6Im1lbnUuc2hvdyJ9LCJfZmxhc2giOnsib2xkIjpbXSwibmV3IjpbXX19',1780155980),('AcLIBBgjvzjIWpOgDTvWWORGYvg5aOX6gcUkxllg',NULL,'172.70.108.86','Mozilla/5.0 (Linux; Android 10; K) AppleWebKit/537.36 (KHTML, like Gecko) Chrome/148.0.0.0 Mobile Safari/537.36','eyJfdG9rZW4iOiJBMndBZUU3SWtiN0hQQ3RybzRsZ3c1TGJDTVNaR0tKMWZqWW5INVUxIiwiX3ByZXZpb3VzIjp7InVybCI6Imh0dHBzOlwvXC9tZW51Lm9zaXJpeC5vbmxpbmVcL21lbnVcL3RoZS10cmVlIiwicm91dGUiOiJtZW51LnNob3cifSwiX2ZsYXNoIjp7Im9sZCI6W10sIm5ldyI6W119fQ==',1780160280),('aGZuY1YHFMqkL6ALpaPipDwHyKKksclTGRFtp2mg',NULL,'172.70.216.78','Mozilla/5.0 (iPhone; CPU iPhone OS 18_7 like Mac OS X) AppleWebKit/605.1.15 (KHTML, like Gecko) Version/26.5 Mobile/15E148 Safari/604.1','eyJfdG9rZW4iOiI5TlRaV2tBZU5wNXdmeHpockRFb0hxdkJENFlmdnFqVjJGQmxTcnBGIiwiX3ByZXZpb3VzIjp7InVybCI6Imh0dHBzOlwvXC9tZW51Lm9zaXJpeC5vbmxpbmVcL21lbnVcL3NpcC1jaGlsbCIsInJvdXRlIjoibWVudS5zaG93In0sIl9mbGFzaCI6eyJvbGQiOltdLCJuZXciOltdfX0=',1780161286),('bqcx1Czs4lZk5nSqkacsDJCNU2xEI9bx59MxRgTH',NULL,'172.69.11.243','Hello from Palo Alto Networks, find out more about our scans in https://docs-cortex.paloaltonetworks.com/r/1/Cortex-Xpanse/Scanning-activity','eyJfdG9rZW4iOiJuREZoY3ZBUTdGRkF5WG10djJtc2E5S2ZxaE1ZN0FjMEdNTWFqd01qIiwiX3ByZXZpb3VzIjp7InVybCI6Imh0dHBzOlwvXC9tZW51Lm9zaXJpeC5vbmxpbmUiLCJyb3V0ZSI6ImhvbWUifSwiX2ZsYXNoIjp7Im9sZCI6W10sIm5ldyI6W119fQ==',1780153428),('bT0kptpFNpm8FodayNf1R2ZVb2pRNpCegSmrl7h8',NULL,'172.68.234.8','WhatsApp/2.23.20.0','eyJfdG9rZW4iOiJMRWNrOWFBR3NGbXhKZmI3MGtRZWhFVHd3ZDJtbUdxdFFJajd2anhWIiwiX3ByZXZpb3VzIjp7InVybCI6Imh0dHBzOlwvXC9tZW51Lm9zaXJpeC5vbmxpbmVcL21lbnVcL2VsLW5lcndlZ3kiLCJyb3V0ZSI6Im1lbnUuc2hvdyJ9LCJfZmxhc2giOnsib2xkIjpbXSwibmV3IjpbXX19',1780152995),('BU1VTr7tHzWQ2SYzQAMv5KMUE99TWnCuDQffTzle',NULL,'172.69.68.82','Mozilla/5.0 (Linux; Android 10; K) AppleWebKit/537.36 (KHTML, like Gecko) Chrome/148.0.0.0 Mobile Safari/537.36','eyJfdG9rZW4iOiI4TXhRQ3gwYURXWktTRExRc2VORkZ5T21INVIyMUhqczZUN2xPV01yIiwiX3ByZXZpb3VzIjp7InVybCI6Imh0dHBzOlwvXC9tZW51Lm9zaXJpeC5vbmxpbmVcL3JcL3Jlc3RfZ2JzYmF6MGk1cyIsInJvdXRlIjoicHVibGljLm1lbnUucmVkaXJlY3QifSwiX2ZsYXNoIjp7Im9sZCI6W10sIm5ldyI6W119fQ==',1780155041),('ChJskHaplTvySlVeDuQVxzAS3DS8Ir321PC6sTIg',NULL,'172.70.108.86','Mozilla/5.0 (Windows NT 10.0; Win64; x64) AppleWebKit/537.36 (KHTML, like Gecko) Chrome/148.0.0.0 Safari/537.36','eyJfdG9rZW4iOiJIeWZEUFZlYTNtUFJNSEEzZ05CWGIycVBTMzBacjQ3TmR2dHYzUUtyIiwiX2ZsYXNoIjp7Im9sZCI6W10sIm5ldyI6W119LCJfcHJldmlvdXMiOnsidXJsIjoiaHR0cHM6XC9cL21lbnUub3Npcml4Lm9ubGluZVwvcmVnaXN0ZXIiLCJyb3V0ZSI6InJlZ2lzdGVyIn19',1780161298),('CNKJxm3CAW47bAUQU2gRm2n2blyQpGeUdrTFRS1W',NULL,'172.68.234.9','Mozilla/5.0 (iPhone; CPU iPhone OS 18_7 like Mac OS X) AppleWebKit/605.1.15 (KHTML, like Gecko) Version/26.3 Mobile/15E148 Safari/604.1','eyJfdG9rZW4iOiJWY29DU3c5eTJiSldaY2g0N1VHVkhkbFh4VmFjWUtjRXNzamlZdjFKIiwiX3ByZXZpb3VzIjp7InVybCI6Imh0dHBzOlwvXC9tZW51Lm9zaXJpeC5vbmxpbmVcL21lbnVcL3NpcC1jaGlsbCIsInJvdXRlIjoibWVudS5zaG93In0sIl9mbGFzaCI6eyJvbGQiOltdLCJuZXciOltdfX0=',1780158959),('CO93DaGpeslKOHtUubB8xiYombsHhLyi3539rsc7',NULL,'172.70.216.79','Mozilla/5.0 (iPhone; CPU iPhone OS 18_7 like Mac OS X) AppleWebKit/605.1.15 (KHTML, like Gecko) Version/26.3 Mobile/15E148 Safari/604.1','eyJfdG9rZW4iOiIxaWNDbnZEOVh3V3lqZ3BNaVNMUmlhRlNxZ2VnYkZzazFQd1FOMXdGIiwiX3ByZXZpb3VzIjp7InVybCI6Imh0dHBzOlwvXC9tZW51Lm9zaXJpeC5vbmxpbmVcL21lbnVcL3NpcC1jaGlsbCIsInJvdXRlIjoibWVudS5zaG93In0sIl9mbGFzaCI6eyJvbGQiOltdLCJuZXciOltdfX0=',1780160314),('co9DtwXbCgBLHCPDwCF080yNuKJFMSRfZJ1sWiMG',NULL,'162.159.122.86','Mozilla/5.0 (iPhone; CPU iPhone OS 18_1_1 like Mac OS X) AppleWebKit/605.1.15 (KHTML, like Gecko) Version/18.1.1 Mobile/15E148 Safari/604.1','eyJfdG9rZW4iOiI0VEU3S241TkVsZjI4UVF1UldrenkwSDE4aWpuWnJ4R2pUSkE4YXIwIiwiX3ByZXZpb3VzIjp7InVybCI6Imh0dHBzOlwvXC9tZW51Lm9zaXJpeC5vbmxpbmVcL21lbnVcL3RoZS10cmVlIiwicm91dGUiOiJtZW51LnNob3cifSwiX2ZsYXNoIjp7Im9sZCI6W10sIm5ldyI6W119fQ==',1780157609),('CpTKTOefyz6N7ih5es6NCx69w4Tk5lMPInevb2NZ',NULL,'162.158.22.170','Mozilla/5.0 (iPhone; CPU iPhone OS 18_7 like Mac OS X) AppleWebKit/605.1.15 (KHTML, like Gecko) Version/26.3 Mobile/15E148 Safari/604.1','eyJfdG9rZW4iOiI1MGNXMEVVZjhwdEgzdHJkZTVwUk54RjVNMlp1eE4xZnA2UkNPaUwzIiwiX3ByZXZpb3VzIjp7InVybCI6Imh0dHBzOlwvXC9tZW51Lm9zaXJpeC5vbmxpbmVcL21lbnVcL3NpcC1jaGlsbCIsInJvdXRlIjoibWVudS5zaG93In0sIl9mbGFzaCI6eyJvbGQiOltdLCJuZXciOltdfX0=',1780159289),('cwSlmX3eJBnoZWrgFhlR8yTUaGef3o0r3FUPGlpA',NULL,'172.69.68.82','Mozilla/5.0 (Linux; Android 10; K) AppleWebKit/537.36 (KHTML, like Gecko) Chrome/148.0.0.0 Mobile Safari/537.36','eyJfdG9rZW4iOiJQVWZvTXpVMzh1d2dpNkViZGNVeFFyYkRtU2REZVZZa01hYm5xU2RRIiwiX3ByZXZpb3VzIjp7InVybCI6Imh0dHBzOlwvXC9tZW51Lm9zaXJpeC5vbmxpbmVcL3JcL3Jlc3RfZ2JzYmF6MGk1cyIsInJvdXRlIjoicHVibGljLm1lbnUucmVkaXJlY3QifSwiX2ZsYXNoIjp7Im9sZCI6W10sIm5ldyI6W119fQ==',1780155035),('dLUOusjJiQZxhdoS26WV9AwFDlzdsBKlVHAmWCxE',NULL,'162.159.122.87','Mozilla/5.0 (Linux; Android 10; K) AppleWebKit/537.36 (KHTML, like Gecko) Chrome/148.0.0.0 Mobile Safari/537.36','eyJfdG9rZW4iOiI2dG43SE1WQmJsMVhObHZUMUlrbmNxTWNmUFZBWURNam5GYWFVSmRVIiwiX3ByZXZpb3VzIjp7InVybCI6Imh0dHBzOlwvXC9tZW51Lm9zaXJpeC5vbmxpbmVcL21lbnVcL2VsLW5lcndlZ3kiLCJyb3V0ZSI6Im1lbnUuc2hvdyJ9LCJfZmxhc2giOnsib2xkIjpbXSwibmV3IjpbXX19',1780156346),('dM9UBS947YqLJxmeRj92M3gKAcUDwCHEKRUz50Qu',NULL,'172.69.68.83','Mozilla/5.0 (Linux; Android 10; K) AppleWebKit/537.36 (KHTML, like Gecko) Chrome/148.0.0.0 Mobile Safari/537.36','eyJfdG9rZW4iOiJLNmE3aXBudkVKbU5FSFJzMW9NbUJRMGE2dFpnRXVmNXhabWtUTFNHIiwiX3ByZXZpb3VzIjp7InVybCI6Imh0dHBzOlwvXC9tZW51Lm9zaXJpeC5vbmxpbmVcL21lbnVcL3NpcC1jaGlsbCIsInJvdXRlIjoibWVudS5zaG93In0sIl9mbGFzaCI6eyJvbGQiOltdLCJuZXciOltdfX0=',1780161461),('EHRk9h5Vkn6nu47h4EOrT9psk8n6C5NtzmrZTeNV',NULL,'172.70.216.78','Mozilla/5.0 (Linux; Android 10; K) AppleWebKit/537.36 (KHTML, like Gecko) SamsungBrowser/30.0 Chrome/143.0.0.0 Mobile Safari/537.36','eyJfdG9rZW4iOiI3ODk1blplSkpSc0FGRFo3QzE2U2dEbExqNHZDbThMMHFnUWF5NDhvIiwiX3ByZXZpb3VzIjp7InVybCI6Imh0dHBzOlwvXC9tZW51Lm9zaXJpeC5vbmxpbmVcL21lbnVcL3NpcC1jaGlsbCIsInJvdXRlIjoibWVudS5zaG93In0sIl9mbGFzaCI6eyJvbGQiOltdLCJuZXciOltdfX0=',1780161001),('EIvIom4PRiXrIh0109kbJ3usOJ99K0deLtax5lKx',NULL,'162.159.122.87','Mozilla/5.0 (iPhone; CPU iPhone OS 18_7 like Mac OS X) AppleWebKit/605.1.15 (KHTML, like Gecko) Version/26.5 Mobile/15E148 Safari/604.1','eyJfdG9rZW4iOiJodXhNanJsZzNmZ3NXcFRaUkg2SHhLeUFPNE5KODQ0WkFrdjJWbGFXIiwiX3ByZXZpb3VzIjp7InVybCI6Imh0dHBzOlwvXC9tZW51Lm9zaXJpeC5vbmxpbmVcL21lbnVcL3NpcC1jaGlsbCIsInJvdXRlIjoibWVudS5zaG93In0sIl9mbGFzaCI6eyJvbGQiOltdLCJuZXciOltdfX0=',1780157576),('ESBCbl18rDbERC7aqs1yWcI0xYwq7MNc44euvdkZ',NULL,'162.158.129.148','Mozilla/5.0 (Linux; Android 10; K) AppleWebKit/537.36 (KHTML, like Gecko) Chrome/148.0.0.0 Mobile Safari/537.36','eyJfdG9rZW4iOiJmcWFoaWJUc21LamtyZXFYNmVBTFllZFc5ZGtZMTFRM1Z2QVJORGlBIiwiX3ByZXZpb3VzIjp7InVybCI6Imh0dHBzOlwvXC9tZW51Lm9zaXJpeC5vbmxpbmVcL21lbnVcL3NpcC1jaGlsbCIsInJvdXRlIjoibWVudS5zaG93In0sIl9mbGFzaCI6eyJvbGQiOltdLCJuZXciOltdfX0=',1780154816),('Ex8aLkFpR9UHP7XMdQluCgZkIPiqUyLkEk4m1Kgv',NULL,'162.158.130.7','Mozilla/5.0 (Linux; Android 10; K) AppleWebKit/537.36 (KHTML, like Gecko) Chrome/148.0.0.0 Mobile Safari/537.36','eyJfdG9rZW4iOiJGb29IUGMzSGNQU3dic01sd1pQMVRwcU43N3JlV00xSjh1R2dqN05UIiwiX3ByZXZpb3VzIjp7InVybCI6Imh0dHBzOlwvXC9tZW51Lm9zaXJpeC5vbmxpbmVcL21lbnVcL3NpcC1jaGlsbCIsInJvdXRlIjoibWVudS5zaG93In0sIl9mbGFzaCI6eyJvbGQiOltdLCJuZXciOltdfX0=',1780159878),('fHz1vjtFQ4j7z5k5awvP1ZJFcDzLLm4BtWZ7mN1P',NULL,'172.70.47.172','Mozilla/5.0 (Linux; Android 10; K) AppleWebKit/537.36 (KHTML, like Gecko) Chrome/138.0.0.0 Mobile Safari/537.36 (compatible; Google-Read-Aloud; +https://support.google.com/webmasters/answer/1061943)','eyJfdG9rZW4iOiJoR1BSVXFZR05YUFlsSDFqVUdTWm9GNGt6b1pUN0pyelEzZ21LVjROIiwiX3ByZXZpb3VzIjp7InVybCI6Imh0dHBzOlwvXC9tZW51Lm9zaXJpeC5vbmxpbmVcL21lbnVcL3NpcC1jaGlsbCIsInJvdXRlIjoibWVudS5zaG93In0sIl9mbGFzaCI6eyJvbGQiOltdLCJuZXciOltdfX0=',1780156975),('FU3mOjjM2qcXUWOxgzAD2uCztBvGCGQIQJNR53SQ',NULL,'172.70.108.87','Mozilla/5.0 (iPhone; CPU iPhone OS 18_7 like Mac OS X) AppleWebKit/605.1.15 (KHTML, like Gecko) Version/26.5 Mobile/15E148 Safari/604.1','eyJfdG9rZW4iOiJiOE5XRzl5ZjUwR2xRalFtTzNXbnBFN0piZUxjWlFFU1FCVHpqSlFTIiwiX3ByZXZpb3VzIjp7InVybCI6Imh0dHBzOlwvXC9tZW51Lm9zaXJpeC5vbmxpbmVcL21lbnVcL3NpcC1jaGlsbCIsInJvdXRlIjoibWVudS5zaG93In0sIl9mbGFzaCI6eyJvbGQiOltdLCJuZXciOltdfX0=',1780161256),('Fw6IPHkPxWxEd27TTUm2Kgwszk3oUrzAbOixSynp',NULL,'172.68.234.8','Mozilla/5.0 (iPhone; CPU iPhone OS 18_7 like Mac OS X) AppleWebKit/605.1.15 (KHTML, like Gecko) Version/26.4 Mobile/15E148 Safari/604.1','eyJfdG9rZW4iOiJBNm1tc0hENUgwck8xbDBVMmdkT0lqQlk2OFd6cWlZZjJkcG14Snh2IiwiX3ByZXZpb3VzIjp7InVybCI6Imh0dHBzOlwvXC9tZW51Lm9zaXJpeC5vbmxpbmVcL21lbnVcL3NpcC1jaGlsbCIsInJvdXRlIjoibWVudS5zaG93In0sIl9mbGFzaCI6eyJvbGQiOltdLCJuZXciOltdfX0=',1780160045),('gDsSMY64abstenKs4YdZvUy4r6VRnHZUoU65mUyA',NULL,'172.69.68.82','Mozilla/5.0 (iPhone; CPU iPhone OS 18_7 like Mac OS X) AppleWebKit/605.1.15 (KHTML, like Gecko) Version/26.3 Mobile/15E148 Safari/604.1','eyJfdG9rZW4iOiJVZEdRU1plMTc2Qjh0bUN6cUpMZXdKRUU2cjl3anZ2Zno0UndkcnN3IiwiX3ByZXZpb3VzIjp7InVybCI6Imh0dHBzOlwvXC9tZW51Lm9zaXJpeC5vbmxpbmVcL21lbnVcL3RoZS10cmVlIiwicm91dGUiOiJtZW51LnNob3cifSwiX2ZsYXNoIjp7Im9sZCI6W10sIm5ldyI6W119fQ==',1780156074),('GoD3CCne4jTrTVUM4pukbl47ov5vTzY5y4oO4yjy',NULL,'162.158.22.170','Mozilla/5.0 (Linux; Android 10; K) AppleWebKit/537.36 (KHTML, like Gecko) Chrome/148.0.0.0 Mobile Safari/537.36','eyJfdG9rZW4iOiJSNEFJRHk4SEVKMjQxT1FraklxVEpWa2lTRXlhTEpZY0RnWGJtTGNMIiwiX3ByZXZpb3VzIjp7InVybCI6Imh0dHBzOlwvXC9tZW51Lm9zaXJpeC5vbmxpbmVcL21lbnVcL3RoZS10cmVlIiwicm91dGUiOiJtZW51LnNob3cifSwiX2ZsYXNoIjp7Im9sZCI6W10sIm5ldyI6W119fQ==',1780159683),('gRF9p7T797dFVoN2k2SNNInBOgyxb8uyBJ2VnTre',NULL,'172.69.68.60','Mozilla/5.0 (iPhone; CPU iPhone OS 17_6_1 like Mac OS X) AppleWebKit/605.1.15 (KHTML, like Gecko) Version/17.6 Mobile/15E148 Safari/604.1','eyJfdG9rZW4iOiI3aW54dW14TG45N3JtRTdqalZkcnhScXlyNmJFbzBwakhQSEVVSkpCIiwiX3ByZXZpb3VzIjp7InVybCI6Imh0dHBzOlwvXC9tZW51Lm9zaXJpeC5vbmxpbmVcL21lbnVcL3NpcC1jaGlsbCIsInJvdXRlIjoibWVudS5zaG93In0sIl9mbGFzaCI6eyJvbGQiOltdLCJuZXciOltdfX0=',1780154671),('gZEkrRTydjTstcREiFrEYGelGQDwpNBGJ7Zqv8Vh',NULL,'172.70.216.79','Mozilla/5.0 (iPhone; CPU iPhone OS 26_5_0 like Mac OS X) AppleWebKit/605.1.15 (KHTML, like Gecko) GSA/422.6.916665746 Mobile/15E148 Safari/604.1','eyJfdG9rZW4iOiJ5enB5UkR4SE83bXlDOHVRWXFjVkU0MDUyZHFMNFBRTnZlZ014amdUIiwiX3ByZXZpb3VzIjp7InVybCI6Imh0dHBzOlwvXC9tZW51Lm9zaXJpeC5vbmxpbmVcL21lbnVcL3RoZS10cmVlIiwicm91dGUiOiJtZW51LnNob3cifSwiX2ZsYXNoIjp7Im9sZCI6W10sIm5ldyI6W119fQ==',1780159721),('hAY4JKx7TpXF7NWBlzbsVfkP81bRQPl2uXcvo2dv',NULL,'172.70.108.87','WhatsApp/2.23.20.0','eyJfdG9rZW4iOiI3NEM3RjY4M2VsNkhBSzA2R2oxRGtVYlNtTjg3VzZOSjBkQ2pBOEV3IiwiX3ByZXZpb3VzIjp7InVybCI6Imh0dHBzOlwvXC9tZW51Lm9zaXJpeC5vbmxpbmVcL21lbnVcL2VsLW5lcndlZ3kiLCJyb3V0ZSI6Im1lbnUuc2hvdyJ9LCJfZmxhc2giOnsib2xkIjpbXSwibmV3IjpbXX19',1780155981),('HDrIggj6AvEJZ3SUuhjoA0XtXUNiHfIj3HmJ8gfK',NULL,'172.71.191.124','Mozilla/5.0 (iPhone; CPU iPhone OS 13_2_3 like Mac OS X) AppleWebKit/605.1.15 (KHTML, like Gecko) Version/13.0.3 Mobile/15E148 Safari/604.1','eyJfdG9rZW4iOiJNRWhPN3hEbndmdmVBSFpSMFEwWE5GdVI0dEJidUtwQkNlQlRYRzdzIiwiX3ByZXZpb3VzIjp7InVybCI6Imh0dHBzOlwvXC9tZW51Lm9zaXJpeC5vbmxpbmUiLCJyb3V0ZSI6ImhvbWUifSwiX2ZsYXNoIjp7Im9sZCI6W10sIm5ldyI6W119fQ==',1780153891),('hNM0XFDHj6UvqZhNSTVw6bDTgVsbvr5oQPXwGOC2',NULL,'162.158.129.149','Mozilla/5.0 (Linux; Android 10; K) AppleWebKit/537.36 (KHTML, like Gecko) Chrome/148.0.0.0 Mobile Safari/537.36','eyJfdG9rZW4iOiJiR2pLRXRyQXlkVTlRbGtGdmJNMWlsZ3YxdWtlOGIzNkRYZFdvV2V1IiwiX3ByZXZpb3VzIjp7InVybCI6Imh0dHBzOlwvXC9tZW51Lm9zaXJpeC5vbmxpbmVcL21lbnVcL3RoZS10cmVlIiwicm91dGUiOiJtZW51LnNob3cifSwiX2ZsYXNoIjp7Im9sZCI6W10sIm5ldyI6W119fQ==',1780159997),('hr91VJiKEdm5e6mMqHpKEq5Yoo1xoLNfvd9CzWRh',NULL,'172.68.234.9','Mozilla/5.0 (Linux; Android 10; K) AppleWebKit/537.36 (KHTML, like Gecko) Chrome/148.0.0.0 Mobile Safari/537.36','eyJfdG9rZW4iOiJBc3QzVVdVdUdPTEl1dkNOR05DSUNLMWo5V3JCc3BERUF4MWZ5VzdjIiwiX3ByZXZpb3VzIjp7InVybCI6Imh0dHBzOlwvXC9tZW51Lm9zaXJpeC5vbmxpbmVcL21lbnVcL3RoZS10cmVlIiwicm91dGUiOiJtZW51LnNob3cifSwiX2ZsYXNoIjp7Im9sZCI6W10sIm5ldyI6W119fQ==',1780160989),('HUJGRS7HEOHsjPkamFjA60TjT9AjyXk5kON7uptm',NULL,'172.68.234.9','Mozilla/5.0 (Linux; Android 10; K) AppleWebKit/537.36 (KHTML, like Gecko) Chrome/148.0.0.0 Mobile Safari/537.36','eyJfdG9rZW4iOiJZNzFodlFSZDE1anJTYnRpVDQ0NVlPVjR5Q2Z6cmg4a3hxRHJtMHpLIiwiX3ByZXZpb3VzIjp7InVybCI6Imh0dHBzOlwvXC9tZW51Lm9zaXJpeC5vbmxpbmVcL21lbnVcL3RoZS10cmVlIiwicm91dGUiOiJtZW51LnNob3cifSwiX2ZsYXNoIjp7Im9sZCI6W10sIm5ldyI6W119fQ==',1780156073),('HuKqB2V78u8dPUbHrzuqwwhYUNqQryYolOj2eI4I',NULL,'172.70.108.86','Mozilla/5.0 (Linux; Android 10; K) AppleWebKit/537.36 (KHTML, like Gecko) Chrome/148.0.0.0 Mobile Safari/537.36','eyJfdG9rZW4iOiI0Umw2UmxlTjQybGhVUUtVdkExRzdSWGJtT3p1SDlpQUYxOGNYU2RoIiwiX3ByZXZpb3VzIjp7InVybCI6Imh0dHBzOlwvXC9tZW51Lm9zaXJpeC5vbmxpbmVcL21lbnVcL3NpcC1jaGlsbCIsInJvdXRlIjoibWVudS5zaG93In0sIl9mbGFzaCI6eyJvbGQiOltdLCJuZXciOltdfX0=',1780161312),('I82RrEOZ6cLt52OrLD1q8qq3J7AYRUCAlugubTDt',NULL,'172.69.9.68','Mozilla/5.0 (Linux; Android 10; K) AppleWebKit/537.36 (KHTML, like Gecko) Chrome/148.0.0.0 Mobile Safari/537.36','eyJfdG9rZW4iOiJ1R3hNYW1MZGpQVmJodUZCZzhFeWRHUUtybWxBT09RRlFvd3laZk1WIiwiX3ByZXZpb3VzIjp7InVybCI6Imh0dHBzOlwvXC9tZW51Lm9zaXJpeC5vbmxpbmVcL21lbnVcL3NpcC1jaGlsbCIsInJvdXRlIjoibWVudS5zaG93In0sIl9mbGFzaCI6eyJvbGQiOltdLCJuZXciOltdfX0=',1780160170),('IgqUZXbJCiQPNzGXuOhPxD404kBBjPqaSt2EZM3p',NULL,'172.70.216.78','Mozilla/5.0 (Linux; Android 10; K) AppleWebKit/537.36 (KHTML, like Gecko) Chrome/148.0.0.0 Mobile Safari/537.36','eyJfdG9rZW4iOiJKS0FKbHlPdVUwVm5WbjQzbFJ1aUlVZzBXdEFiaktMakZoZEpLN1ljIiwiX3ByZXZpb3VzIjp7InVybCI6Imh0dHBzOlwvXC9tZW51Lm9zaXJpeC5vbmxpbmVcL21lbnVcL3NpcC1jaGlsbCIsInJvdXRlIjoibWVudS5zaG93In0sIl9mbGFzaCI6eyJvbGQiOltdLCJuZXciOltdfX0=',1780156972),('JarXKbiHDPHfTDBtYMh2OXbTmp4cT2m6D4lXnoDT',NULL,'172.71.114.93','Mozilla/5.0 (Linux; Android 10; K) AppleWebKit/537.36 (KHTML, like Gecko) Chrome/148.0.0.0 Mobile Safari/537.36','eyJfdG9rZW4iOiI5VE9DSjJWVERMRjFIT3NjWkZCVVp3b3M2WWtXdmVmaTZNYnExWGgyIiwiX3ByZXZpb3VzIjp7InVybCI6Imh0dHBzOlwvXC9tZW51Lm9zaXJpeC5vbmxpbmVcL21lbnVcL3RoZS10cmVlIiwicm91dGUiOiJtZW51LnNob3cifSwiX2ZsYXNoIjp7Im9sZCI6W10sIm5ldyI6W119fQ==',1780155057),('joSG63vkrDjYJaJC77fwGktT1VELcLBxxhWJs1YR',NULL,'188.114.102.217','Mozilla/5.0 (Linux; Android 10; K) AppleWebKit/537.36 (KHTML, like Gecko) SamsungBrowser/30.0 Chrome/143.0.0.0 Mobile Safari/537.36','eyJfdG9rZW4iOiJ3aHJnc2RIc253MkVsS2hwTWxubEIwQVgwOU50VzZkcnJhamVxVUhwIiwiX3ByZXZpb3VzIjp7InVybCI6Imh0dHBzOlwvXC9tZW51Lm9zaXJpeC5vbmxpbmVcL21lbnVcL3RoZS10cmVlIiwicm91dGUiOiJtZW51LnNob3cifSwiX2ZsYXNoIjp7Im9sZCI6W10sIm5ldyI6W119fQ==',1780160597),('kcbbmDZjNi77JSmQubuRRZ6qdh12ZGJ6SUAcoCOg',NULL,'172.69.68.82','Mozilla/5.0 (Linux; Android 10; K) AppleWebKit/537.36 (KHTML, like Gecko) Chrome/148.0.0.0 Mobile Safari/537.36','eyJfdG9rZW4iOiJRbWNmSEFDd2wxRXc1a244MWJmZVVLRWFsODJibVU1OTFJbnloSXlSIiwiX3ByZXZpb3VzIjp7InVybCI6Imh0dHBzOlwvXC9tZW51Lm9zaXJpeC5vbmxpbmVcL3JcL3Jlc3RfZ2JzYmF6MGk1cyIsInJvdXRlIjoicHVibGljLm1lbnUucmVkaXJlY3QifSwiX2ZsYXNoIjp7Im9sZCI6W10sIm5ldyI6W119fQ==',1780155036),('LPA8aV2etwrAjuJ5y9LvOjSYXlGWEQ0gZf3pGpCi',NULL,'172.70.216.79','Mozilla/5.0 (Linux; Android 10; K) AppleWebKit/537.36 (KHTML, like Gecko) Chrome/148.0.0.0 Mobile Safari/537.36','eyJfdG9rZW4iOiJEdUlQRlVEdk9md0ZQWWhTbjVOS2pOTzFLRmQ5cmdTV0FwUDdNYXhDIiwiX3ByZXZpb3VzIjp7InVybCI6Imh0dHBzOlwvXC9tZW51Lm9zaXJpeC5vbmxpbmVcL21lbnVcL3RoZS10cmVlIiwicm91dGUiOiJtZW51LnNob3cifSwiX2ZsYXNoIjp7Im9sZCI6W10sIm5ldyI6W119fQ==',1780161373),('lRlPpMFoDOd1n69ydvccro8MO9kbY1RqbK2S4uob',12,'172.68.234.8','Mozilla/5.0 (Windows NT 10.0; Win64; x64) AppleWebKit/537.36 (KHTML, like Gecko) Chrome/148.0.0.0 Safari/537.36','eyJfdG9rZW4iOiI5enlVSzBraW1ubEswR0ltOXlsbUdycks2UE16SUxod0F0d0o3emhuIiwiX3ByZXZpb3VzIjp7InVybCI6Imh0dHBzOlwvXC9tZW51Lm9zaXJpeC5vbmxpbmVcL2Rhc2hib2FyZCIsInJvdXRlIjoiZGFzaGJvYXJkIn0sIl9mbGFzaCI6eyJvbGQiOltdLCJuZXciOltdfSwibG9naW5fd2ViXzU5YmEzNmFkZGMyYjJmOTQwMTU4MGYwMTRjN2Y1OGVhNGUzMDk4OWQiOjEyfQ==',1780161272),('lRnpWOs5dilU3S1swWryL9GCVKUbHQ3boktqDS1Q',NULL,'172.68.234.9','Mozilla/5.0 (Linux; Android 10; K) AppleWebKit/537.36 (KHTML, like Gecko) SamsungBrowser/30.0 Chrome/143.0.0.0 Mobile Safari/537.36','eyJfdG9rZW4iOiJLVU5Ib1NieG01T1VSNkVuQ29Oa05WYzdURUpTVlA5UjJqTDhSZnJjIiwiX3ByZXZpb3VzIjp7InVybCI6Imh0dHBzOlwvXC9tZW51Lm9zaXJpeC5vbmxpbmVcL21lbnVcL3RoZS10cmVlIiwicm91dGUiOiJtZW51LnNob3cifSwiX2ZsYXNoIjp7Im9sZCI6W10sIm5ldyI6W119fQ==',1780155765),('LXJD3xYUV8br20kW1gvKv51HIyucFwUeNQG70wEY',NULL,'172.69.9.70','Mozilla/5.0 (iPhone; CPU iPhone OS 26_5_0 like Mac OS X) AppleWebKit/605.1.15 (KHTML, like Gecko) CriOS/148.0.7778.166 Mobile/15E148 Safari/604.1','eyJfdG9rZW4iOiIzWHBUVHFJbjVVamE3RmRhSklLVEJVeWNWUlJydHZHVGJjTHZwVnBQIiwiX3ByZXZpb3VzIjp7InVybCI6Imh0dHBzOlwvXC9tZW51Lm9zaXJpeC5vbmxpbmVcL21lbnVcL3NpcC1jaGlsbCIsInJvdXRlIjoibWVudS5zaG93In0sIl9mbGFzaCI6eyJvbGQiOltdLCJuZXciOltdfX0=',1780160863),('lYqlAtW7r7YoK1ayuMI0HdoP1grtP5izFTnfrcbA',NULL,'172.70.216.79','Mozilla/5.0 (iPhone; CPU iPhone OS 18_5 like Mac OS X) AppleWebKit/605.1.15 (KHTML, like Gecko) Version/18.5 Mobile/15E148 Safari/604.1','eyJfdG9rZW4iOiJVZEltZGYzVHo5ZnQ1OVNsR3Zsdm1LeE14R1FBSjlTM1Q2VlZmelBmIiwiX3ByZXZpb3VzIjp7InVybCI6Imh0dHBzOlwvXC9tZW51Lm9zaXJpeC5vbmxpbmVcL21lbnVcL3RoZS10cmVlIiwicm91dGUiOiJtZW51LnNob3cifSwiX2ZsYXNoIjp7Im9sZCI6W10sIm5ldyI6W119fQ==',1780161585),('lZECEcODO1WlfAlfOW8PKuEdxmzKSxZt9dzW6UGg',NULL,'162.159.122.86','Mozilla/5.0 (Linux; Android 10; K) AppleWebKit/537.36 (KHTML, like Gecko) Chrome/148.0.0.0 Mobile Safari/537.36','eyJfdG9rZW4iOiI4RDNoVTFYMk1UZnBCQ3dYZmoxVjV5V1pKQVB2NjZCc0ZQSTg2ZHFPIiwiX3ByZXZpb3VzIjp7InVybCI6Imh0dHBzOlwvXC9tZW51Lm9zaXJpeC5vbmxpbmVcL21lbnVcL2VsLW5lcndlZ3kiLCJyb3V0ZSI6Im1lbnUuc2hvdyJ9LCJfZmxhc2giOnsib2xkIjpbXSwibmV3IjpbXX19',1780156522),('mCBzyUINfjEvUImy957klYwajG4rnqEIiHyuCRqB',NULL,'162.158.22.171','Mozilla/5.0 (Linux; Android 10; K) AppleWebKit/537.36 (KHTML, like Gecko) Chrome/148.0.0.0 Mobile Safari/537.36','eyJfdG9rZW4iOiJZTXRhcU80eW5pZEJ3MmQ1Tll5RE5PRjlmVFhsS2RUYkY3SkdVelhCIiwiX3ByZXZpb3VzIjp7InVybCI6Imh0dHBzOlwvXC9tZW51Lm9zaXJpeC5vbmxpbmVcL21lbnVcL3NpcC1jaGlsbCIsInJvdXRlIjoibWVudS5zaG93In0sIl9mbGFzaCI6eyJvbGQiOltdLCJuZXciOltdfX0=',1780160039),('Mp7GGHLdpIh7ArAoXfYxqUAYHfapqX6SLiLz3bsI',NULL,'172.70.216.79','Mozilla/5.0 (Linux; Android 10; K) AppleWebKit/537.36 (KHTML, like Gecko) Chrome/127.0.0.0 Mobile Safari/537.36','eyJfdG9rZW4iOiJvaXVaTEhFSnpDN3RnZ3dyMkhtU2hUZmZGNUVuNTBlWGxUb3Y2WHRwIiwiX3ByZXZpb3VzIjp7InVybCI6Imh0dHBzOlwvXC9tZW51Lm9zaXJpeC5vbmxpbmVcL21lbnVcL3RoZS10cmVlIiwicm91dGUiOiJtZW51LnNob3cifSwiX2ZsYXNoIjp7Im9sZCI6W10sIm5ldyI6W119fQ==',1780157853),('nawdqqrLcUxD6YlC1LoiXHVMtJZly4P4WLyKT907',NULL,'127.0.0.1','Mozilla/5.0 (Windows NT; Windows NT 10.0; en-US) WindowsPowerShell/5.1.17763.2931','eyJfdG9rZW4iOiIwd285b3FCdmlkZXFrVWlDcDh5OFJBYzdqSUU4MTcyenA0ZVROWVdaIiwiX3ByZXZpb3VzIjp7InVybCI6Imh0dHA6XC9cLzEyNy4wLjAuMTo4MDAxIiwicm91dGUiOiJob21lIn0sIl9mbGFzaCI6eyJvbGQiOltdLCJuZXciOltdfX0=',1780154921),('nBZAFz5yfh2YNZwsxhCZ2oy21mdY9lG0b1wJEI9g',NULL,'172.70.216.78','Mozilla/5.0 (Macintosh; Intel Mac OS X 10_11_1) AppleWebKit/601.2.4 (KHTML, like Gecko) Version/9.0.1 Safari/601.2.4 facebookexternalhit/1.1 Facebot Twitterbot/1.0','eyJfdG9rZW4iOiJVRDBablM2VGlHT2c0NERNWjQ2SVRESHBXSHBBdllrQ3lmb3ZvQ1JvIiwiX3ByZXZpb3VzIjp7InVybCI6Imh0dHBzOlwvXC9tZW51Lm9zaXJpeC5vbmxpbmVcL21lbnVcL3RoZS10cmVlIiwicm91dGUiOiJtZW51LnNob3cifSwiX2ZsYXNoIjp7Im9sZCI6W10sIm5ldyI6W119fQ==',1780155011),('nlHb20SwsaxR7N4hf8WG6PDlEHeh17d6gm3KhVll',NULL,'162.158.129.149','QR Scanner Android','eyJfdG9rZW4iOiJxbkx0UFNuZllKMXJuQ0xpamJKSXh1Mlprc0FsVURQNDE0ZDRuWlhKIiwiX3ByZXZpb3VzIjp7InVybCI6Imh0dHBzOlwvXC9tZW51Lm9zaXJpeC5vbmxpbmVcL21lbnVcL3NpcC1jaGlsbCIsInJvdXRlIjoibWVudS5zaG93In0sIl9mbGFzaCI6eyJvbGQiOltdLCJuZXciOltdfX0=',1780154862),('nyJQZCKrycZ3443NTW61L82MiYrazK5ZgbOUHXq5',NULL,'172.71.254.123','Mozilla/5.0 (Linux; Android 10; K) AppleWebKit/537.36 (KHTML, like Gecko) Chrome/138.0.0.0 Mobile Safari/537.36 (compatible; Google-Read-Aloud; +https://support.google.com/webmasters/answer/1061943)','eyJfdG9rZW4iOiJiNDRJZngxem9hMnZRdWQ3bHlvTDRISERScWM1Q2p1N1BacjJtb3lzIiwiX3ByZXZpb3VzIjp7InVybCI6Imh0dHBzOlwvXC9tZW51Lm9zaXJpeC5vbmxpbmVcL21lbnVcL3NpcC1jaGlsbCIsInJvdXRlIjoibWVudS5zaG93In0sIl9mbGFzaCI6eyJvbGQiOltdLCJuZXciOltdfX0=',1780156976),('o1LsaoTGRKsy217hFKbWqhuFcGJBnE80yCy9h3en',NULL,'172.71.98.185','Mozilla/5.0 (Linux; Android 10; K) AppleWebKit/537.36 (KHTML, like Gecko) Chrome/138.0.0.0 Mobile Safari/537.36 (compatible; Google-Read-Aloud; +https://support.google.com/webmasters/answer/1061943)','eyJfdG9rZW4iOiJ4ZzZoNGhFdGtGMHZwdGFvR0Z0ekxFSXBaNXkzRzgyNnljUWJ5OFd0IiwiX3ByZXZpb3VzIjp7InVybCI6Imh0dHBzOlwvXC9tZW51Lm9zaXJpeC5vbmxpbmVcL21lbnVcL3NpcC1jaGlsbCIsInJvdXRlIjoibWVudS5zaG93In0sIl9mbGFzaCI6eyJvbGQiOltdLCJuZXciOltdfX0=',1780161672),('oWQY8mFiI3BgIaBdXgMHJLdHvfdR5l634kVheLDg',NULL,'162.158.22.171','Mozilla/5.0 (iPhone; CPU iPhone OS 18_7 like Mac OS X) AppleWebKit/605.1.15 (KHTML, like Gecko) Version/26.4 Mobile/15E148 Safari/604.1','eyJfdG9rZW4iOiJTSzdJNldBVkszSzZHb2o3YkFHaG9Ma1JZdWhjNjZxbWhGcnlaV21BIiwiX3ByZXZpb3VzIjp7InVybCI6Imh0dHBzOlwvXC9tZW51Lm9zaXJpeC5vbmxpbmVcL21lbnVcL3NpcC1jaGlsbCIsInJvdXRlIjoibWVudS5zaG93In0sIl9mbGFzaCI6eyJvbGQiOltdLCJuZXciOltdfX0=',1780159390),('oZFfQnLceJzh7iKJkMJNhqlVDkPRRsGBsjunDaLY',NULL,'172.70.216.78','Mozilla/5.0 (Linux; Android 10; K) AppleWebKit/537.36 (KHTML, like Gecko) SamsungBrowser/30.0 Chrome/143.0.0.0 Mobile Safari/537.36','eyJfdG9rZW4iOiJZSVVLM2ZRZ0dIaWYyMGQyYXo3OXlsbkQwbEY5QlFyd2J5OXBJNUU0IiwiX3ByZXZpb3VzIjp7InVybCI6Imh0dHBzOlwvXC9tZW51Lm9zaXJpeC5vbmxpbmVcL21lbnVcL3RoZS10cmVlIiwicm91dGUiOiJtZW51LnNob3cifSwiX2ZsYXNoIjp7Im9sZCI6W10sIm5ldyI6W119fQ==',1780158414),('PJ7Sia71OLvZVo9jyMPM4B7XvnuJaRaiTtaJ35tb',NULL,'172.69.9.71','Mozilla/5.0 (Linux; Android 10; K) AppleWebKit/537.36 (KHTML, like Gecko) Chrome/148.0.0.0 Mobile Safari/537.36','eyJfdG9rZW4iOiJZRzE1VXBwSk9tQ1dkbG1FZm03UXRFdFpBd1drdDFpQUFzY1hkMHNvIiwiX3ByZXZpb3VzIjp7InVybCI6Imh0dHBzOlwvXC9tZW51Lm9zaXJpeC5vbmxpbmVcL21lbnVcL3NpcC1jaGlsbCIsInJvdXRlIjoibWVudS5zaG93In0sIl9mbGFzaCI6eyJvbGQiOltdLCJuZXciOltdfX0=',1780154838),('q6GJPIhBwIDllEG4jTDRwFb2prJYHlxv1wXi2jEu',NULL,'162.158.22.170','Mozilla/5.0 (Macintosh; Intel Mac OS X 10_11_1) AppleWebKit/601.2.4 (KHTML, like Gecko) Version/9.0.1 Safari/601.2.4 facebookexternalhit/1.1 Facebot Twitterbot/1.0','eyJfdG9rZW4iOiJLbUtpRzBJZXV1ZVE3V2hNUmdXSWVBRmpXQTQ2SmxkamZFbWFCMjRPIiwiX3ByZXZpb3VzIjp7InVybCI6Imh0dHBzOlwvXC9tZW51Lm9zaXJpeC5vbmxpbmVcL21lbnVcL3NpcC1jaGlsbCIsInJvdXRlIjoibWVudS5zaG93In0sIl9mbGFzaCI6eyJvbGQiOltdLCJuZXciOltdfX0=',1780161237),('Q9z0m5PVbZild0RDWb02gH1yKFSmQjxXLi2DLSj7',NULL,'172.68.234.9','Mozilla/5.0 (iPhone; CPU iPhone OS 18_7 like Mac OS X) AppleWebKit/605.1.15 (KHTML, like Gecko) Version/26.5 Mobile/15E148 Safari/604.1','eyJfdG9rZW4iOiJOZEFDbUZ3RGM2OGVZalowTlNIc25YazZJY2NUOXFIeXJSRnRwZGlZIiwiX3ByZXZpb3VzIjp7InVybCI6Imh0dHBzOlwvXC9tZW51Lm9zaXJpeC5vbmxpbmVcL21lbnVcL3NpcC1jaGlsbCIsInJvdXRlIjoibWVudS5zaG93In0sIl9mbGFzaCI6eyJvbGQiOltdLCJuZXciOltdfX0=',1780158193),('qc4C2nbxdWNg27BWZ0Onmj6BlOAkWHTpJtnKy3s9',NULL,'162.159.122.86','Mozilla/5.0 (Linux; Android 10; K) AppleWebKit/537.36 (KHTML, like Gecko) Chrome/148.0.0.0 Mobile Safari/537.36','eyJfdG9rZW4iOiJwZUEzSndMeWRDSFNrdmREaU04bEhXcmlVd082czN3dVFrVkZLMGlHIiwiX3ByZXZpb3VzIjp7InVybCI6Imh0dHBzOlwvXC9tZW51Lm9zaXJpeC5vbmxpbmVcL21lbnVcL3RoZS10cmVlIiwicm91dGUiOiJtZW51LnNob3cifSwiX2ZsYXNoIjp7Im9sZCI6W10sIm5ldyI6W119fQ==',1780157841),('qMYapgL9swCi4JQMuv72IROHJir2QfndGRss4T99',NULL,'141.101.97.3','Mozilla/5.0 (Linux; Android 10; K) AppleWebKit/537.36 (KHTML, like Gecko) Chrome/138.0.0.0 Mobile Safari/537.36 (compatible; Google-Read-Aloud; +https://support.google.com/webmasters/answer/1061943)','eyJfdG9rZW4iOiJSbENLNkxqUldBMXJySFVZcnVwVmtaVlloMVFTNUpMelpoQzE3RFRlIiwiX3ByZXZpb3VzIjp7InVybCI6Imh0dHBzOlwvXC9tZW51Lm9zaXJpeC5vbmxpbmVcL21lbnVcL2VsLW5lcndlZ3kiLCJyb3V0ZSI6Im1lbnUuc2hvdyJ9LCJfZmxhc2giOnsib2xkIjpbXSwibmV3IjpbXX19',1780156351),('R4Cx0NO9nh67ku9lv1n2DG1ieGgVdGRZjmODh5uZ',NULL,'172.69.9.71','Mozilla/5.0 (iPhone; CPU iPhone OS 18_7 like Mac OS X) AppleWebKit/605.1.15 (KHTML, like Gecko) Version/26.3 Mobile/15E148 Safari/604.1','eyJfdG9rZW4iOiJ4SG1sTWRUVFBxQ3ROZHJGOEVISWg5aVBmRzBZM3JnVHhwaWkwSFFqIiwiX3ByZXZpb3VzIjp7InVybCI6Imh0dHBzOlwvXC9tZW51Lm9zaXJpeC5vbmxpbmVcL21lbnVcL3NpcC1jaGlsbCIsInJvdXRlIjoibWVudS5zaG93In0sIl9mbGFzaCI6eyJvbGQiOltdLCJuZXciOltdfX0=',1780157302),('rmWBOKTLhzjimCWbWzJGNn3R7B6okZ6VJZpoToak',NULL,'162.159.122.86','Mozilla/5.0 (Linux; Android 10; K) AppleWebKit/537.36 (KHTML, like Gecko) Chrome/148.0.0.0 Mobile Safari/537.36','eyJfdG9rZW4iOiJUY1F0REx3bVZMdGFOUURCa3AyYXJrSGF3d0xWZHo5QkcwQ0dQM1lyIiwiX3ByZXZpb3VzIjp7InVybCI6Imh0dHBzOlwvXC9tZW51Lm9zaXJpeC5vbmxpbmVcL21lbnVcL3NpcC1jaGlsbCIsInJvdXRlIjoibWVudS5zaG93In0sIl9mbGFzaCI6eyJvbGQiOltdLCJuZXciOltdfX0=',1780161368),('rxuYFVkE200ABCowxInDOj5TSuVCaFSc9X8zZK4S',NULL,'104.22.1.8','Mozilla/5.0 (Linux; Android 10; K) AppleWebKit/537.36 (KHTML, like Gecko) Chrome/138.0.0.0 Mobile Safari/537.36 (compatible; Google-Read-Aloud; +https://support.google.com/webmasters/answer/1061943)','eyJfdG9rZW4iOiJEdFRjc2F2SklCZGpwclNzMGZqYmR4MVNFaTl3dzQ3Rk5abk1YeDZsIiwiX3ByZXZpb3VzIjp7InVybCI6Imh0dHBzOlwvXC9tZW51Lm9zaXJpeC5vbmxpbmVcL21lbnVcL3NpcC1jaGlsbCIsInJvdXRlIjoibWVudS5zaG93In0sIl9mbGFzaCI6eyJvbGQiOltdLCJuZXciOltdfX0=',1780156976),('SikzZ9gya1NiawUlqesUssBzw8XmTKPuOMKpRXOG',NULL,'162.159.122.86','Mozilla/5.0 (iPhone; CPU iPhone OS 18_7 like Mac OS X) AppleWebKit/605.1.15 (KHTML, like Gecko) Version/26.5 Mobile/15E148 Safari/604.1','eyJfdG9rZW4iOiJ3SlE3ejRXYWlZVDVQRE5EUUNhU1ozblhEV3RtWTdPTUtJcXpPQk9YIiwiX3ByZXZpb3VzIjp7InVybCI6Imh0dHBzOlwvXC9tZW51Lm9zaXJpeC5vbmxpbmVcL21lbnVcL3NpcC1jaGlsbCIsInJvdXRlIjoibWVudS5zaG93In0sIl9mbGFzaCI6eyJvbGQiOltdLCJuZXciOltdfX0=',1780161366),('SJoe8Trky6flzUQpPNfVqpHcfdj8oLATLdzsHD0R',NULL,'172.68.234.9','Mozilla/5.0 (iPhone; CPU iPhone OS 18_7 like Mac OS X) AppleWebKit/605.1.15 (KHTML, like Gecko) Version/26.3 Mobile/15E148 Safari/604.1','eyJfdG9rZW4iOiI0SXR2cGx4UFFvdkJnUFNwVFZndlFUaUxsODdKMVd0bWx6QmRhekZnIiwiX3ByZXZpb3VzIjp7InVybCI6Imh0dHBzOlwvXC9tZW51Lm9zaXJpeC5vbmxpbmVcL21lbnVcL3NpcC1jaGlsbCIsInJvdXRlIjoibWVudS5zaG93In0sIl9mbGFzaCI6eyJvbGQiOltdLCJuZXciOltdfX0=',1780161239),('sRtQgNPdw6GMyo3TMf8THOwi8EjDBQ8x8JtGgpM2',NULL,'172.69.68.82','Mozilla/5.0 (iPhone; CPU iPhone OS 18_7 like Mac OS X) AppleWebKit/605.1.15 (KHTML, like Gecko) Version/26.4 Mobile/15E148 Safari/604.1','eyJfdG9rZW4iOiJreGdSbGN5emp2TUtzVXFlcDRaOFNoZ0hrVXlLZjZIVVVpdlFPbktqIiwiX3ByZXZpb3VzIjp7InVybCI6Imh0dHBzOlwvXC9tZW51Lm9zaXJpeC5vbmxpbmVcL21lbnVcL3RoZS10cmVlIiwicm91dGUiOiJtZW51LnNob3cifSwiX2ZsYXNoIjp7Im9sZCI6W10sIm5ldyI6W119fQ==',1780161368),('t58suvD3q5ysoJdxMddOLvjvFBvXUXzNtuJWfnIm',NULL,'162.159.122.86','Mozilla/5.0 (iPhone; CPU iPhone OS 16_4_1 like Mac OS X) AppleWebKit/605.1.15 (KHTML, like Gecko) Version/16.4 Mobile/15E148 Safari/604.1','eyJfdG9rZW4iOiJnQ2pwY3RCVWJPSGpxUjZ3cmJpcjE4bnVQN3pvR0djd1pMb2RWczQ0IiwiX3ByZXZpb3VzIjp7InVybCI6Imh0dHBzOlwvXC9tZW51Lm9zaXJpeC5vbmxpbmVcL21lbnVcL3NpcC1jaGlsbCIsInJvdXRlIjoibWVudS5zaG93In0sIl9mbGFzaCI6eyJvbGQiOltdLCJuZXciOltdfX0=',1780159303),('T5dGHbk4MZ4woGgDktXebaNFKdE7HxQup6dMr5hV',NULL,'162.159.122.87','Mozilla/5.0 (Linux; Android 13; SAMSUNG SM-A325F) AppleWebKit/537.36 (KHTML, like Gecko) SamsungBrowser/22.0 Chrome/111.0.5563.116 Mobile Safari/537.36','eyJfdG9rZW4iOiJYbUkza2FsN1hvVUc2bm5KQXpDSnhiNGlmVkJ2dlJIOUY5UU9vZ2xyIiwiX3ByZXZpb3VzIjp7InVybCI6Imh0dHBzOlwvXC9tZW51Lm9zaXJpeC5vbmxpbmVcL21lbnVcL3RoZS10cmVlIiwicm91dGUiOiJtZW51LnNob3cifSwiX2ZsYXNoIjp7Im9sZCI6W10sIm5ldyI6W119fQ==',1780159854),('tfRxNpK7NCzz5ycDjFnsxRpAmK6OmYm3X5PKE4jD',NULL,'172.70.108.87','Mozilla/5.0 (iPhone; CPU iPhone OS 18_7 like Mac OS X) AppleWebKit/605.1.15 (KHTML, like Gecko) Version/26.5 Mobile/15E148 Safari/604.1','eyJfdG9rZW4iOiJUTldsTjRwdWhlOUhuWmNxdVJPN09PV05jbm5YV2d6eWZpWURvV1JXIiwiX3ByZXZpb3VzIjp7InVybCI6Imh0dHBzOlwvXC9tZW51Lm9zaXJpeC5vbmxpbmVcL21lbnVcL3NpcC1jaGlsbCIsInJvdXRlIjoibWVudS5zaG93In0sIl9mbGFzaCI6eyJvbGQiOltdLCJuZXciOltdfX0=',1780161005),('thE9rZ95OF1TFJAN8FQwBngtgyrGh1hpOZRqYpQz',NULL,'162.159.122.86','Mozilla/5.0 (iPhone; CPU iPhone OS 15_8_8 like Mac OS X) AppleWebKit/605.1.15 (KHTML, like Gecko) Version/15.6.8 Mobile/15E148 Safari/604.1','eyJfdG9rZW4iOiI2S1JNNVZTTHh4aGdoTDA1VUZBYkpNTlZlNUJxdnNvbkZBR3dyUUlFIiwiX3ByZXZpb3VzIjp7InVybCI6Imh0dHBzOlwvXC9tZW51Lm9zaXJpeC5vbmxpbmVcL21lbnVcL25nIiwicm91dGUiOiJtZW51LnNob3cifSwiX2ZsYXNoIjp7Im9sZCI6W10sIm5ldyI6W119fQ==',1780155189),('tUHouyTn4MQYlrVOq7HUvPgj5mGMSWkPxdRwaZ3R',NULL,'172.69.68.83','Mozilla/5.0 (Linux; Android 10; K) AppleWebKit/537.36 (KHTML, like Gecko) Chrome/133.0.0.0 Mobile Safari/537.36','eyJfdG9rZW4iOiJHT0xOOFFuWUkwdjNOQWNwcm5WWHBBSVlVQkY2czlyVjBPZHlEMEdYIiwiX3ByZXZpb3VzIjp7InVybCI6Imh0dHBzOlwvXC9tZW51Lm9zaXJpeC5vbmxpbmVcL21lbnVcL3NpcC1jaGlsbCIsInJvdXRlIjoibWVudS5zaG93In0sIl9mbGFzaCI6eyJvbGQiOltdLCJuZXciOltdfX0=',1780154903),('U7Jjmw0pdPCk2qhLaBB1YRzxtwMhYQsylCNKHnX3',NULL,'172.69.68.83','Mozilla/5.0 (iPhone; CPU iPhone OS 18_7 like Mac OS X) AppleWebKit/605.1.15 (KHTML, like Gecko) Version/26.5 Mobile/15E148 Safari/604.1','eyJfdG9rZW4iOiJtckJiNDdVRVlESmhrdTVyNjkycTA1NHF1RFBaYXN5cTh6U2QwWko1IiwiX3ByZXZpb3VzIjp7InVybCI6Imh0dHBzOlwvXC9tZW51Lm9zaXJpeC5vbmxpbmVcL21lbnVcL3NpcC1jaGlsbCIsInJvdXRlIjoibWVudS5zaG93In0sIl9mbGFzaCI6eyJvbGQiOltdLCJuZXciOltdfX0=',1780161318),('ugbaSktA7s2C0MGBKt8chIxiS4WtQYmiyAtZAeGh',NULL,'172.68.234.9','Mozilla/5.0 (iPhone; CPU iPhone OS 18_7 like Mac OS X) AppleWebKit/605.1.15 (KHTML, like Gecko) Version/26.2.1 Mobile/15E148 Safari/604.1 Brave','eyJfdG9rZW4iOiJIa1lVbmtES2dvejg0VTNWdHB2UG41UkZPcjRLTnBTVjlKS3R5STl3IiwiX3ByZXZpb3VzIjp7InVybCI6Imh0dHBzOlwvXC9tZW51Lm9zaXJpeC5vbmxpbmVcL21lbnVcL2VsLW5lcndlZ3kiLCJyb3V0ZSI6Im1lbnUuc2hvdyJ9LCJfZmxhc2giOnsib2xkIjpbXSwibmV3IjpbXX19',1780160711),('v1mW2yLNH5MlsG23ZqgdclXRZ0D4EGM4gAC17awi',NULL,'172.70.108.86','Mozilla/5.0 (Windows NT 10.0; Win64; x64; rv:151.0) Gecko/20100101 Firefox/151.0','eyJfdG9rZW4iOiJyS2UycTlhaXcxRHZUeHppc0F2MVhzU2FIOFlMMmtoc1AxNENicUZpIiwidXJsIjp7ImludGVuZGVkIjoiaHR0cHM6XC9cL21lbnUub3Npcml4Lm9ubGluZVwvb25ib2FyZGluZyJ9LCJfcHJldmlvdXMiOnsidXJsIjoiaHR0cHM6XC9cL21lbnUub3Npcml4Lm9ubGluZVwvcmVnaXN0ZXIiLCJyb3V0ZSI6InJlZ2lzdGVyIn0sIl9mbGFzaCI6eyJvbGQiOltdLCJuZXciOltdfX0=',1780156979),('v98ib94CaSnCbN7OvdNJFsKOIOyQ1jrEOUUVdQbo',NULL,'172.69.68.83','Mozilla/5.0 (Linux; Android 10; K) AppleWebKit/537.36 (KHTML, like Gecko) Chrome/148.0.0.0 Mobile Safari/537.36','eyJfdG9rZW4iOiI2Z3NuMEpMSHZ6UXlGQXF4eGxVTW4xNlJUdTB5YjUxTjk1cHgxcndoIiwiX3ByZXZpb3VzIjp7InVybCI6Imh0dHBzOlwvXC9tZW51Lm9zaXJpeC5vbmxpbmVcL21lbnVcL3RoZS10cmVlIiwicm91dGUiOiJtZW51LnNob3cifSwiX2ZsYXNoIjp7Im9sZCI6W10sIm5ldyI6W119fQ==',1780157339),('VPem6rIhUIPRDsGyigkqT4ZzBenMdt2mFRYp6QYM',NULL,'162.159.122.87','QR Scanner Android','eyJfdG9rZW4iOiIwcnFWcUdVVGR0Zld4VWtKS2dWOHJ2ZFRRWHo1UG5SdXBzaElYaVg0IiwiX3ByZXZpb3VzIjp7InVybCI6Imh0dHBzOlwvXC9tZW51Lm9zaXJpeC5vbmxpbmVcL21lbnVcL3NpcC1jaGlsbCIsInJvdXRlIjoibWVudS5zaG93In0sIl9mbGFzaCI6eyJvbGQiOltdLCJuZXciOltdfX0=',1780161302),('wGtVIzHVVUOtu0HngJv2ysPEa1X6D4PZzyeGAAjY',NULL,'172.70.216.78','Mozilla/5.0 (iPhone; CPU iPhone OS 18_7 like Mac OS X) AppleWebKit/605.1.15 (KHTML, like Gecko) Version/26.5 Mobile/15E148 Safari/604.1','eyJfdG9rZW4iOiJNa1pUWGwzODFubFZicmFVU2ZZekxYMEJadWhxT3ZYNnB1cGlRd25mIiwiX3ByZXZpb3VzIjp7InVybCI6Imh0dHBzOlwvXC9tZW51Lm9zaXJpeC5vbmxpbmVcL21lbnVcL3NpcC1jaGlsbCIsInJvdXRlIjoibWVudS5zaG93In0sIl9mbGFzaCI6eyJvbGQiOltdLCJuZXciOltdfX0=',1780159299),('wOxG74S2xvHZW85LpxcXYXWaTXCDr7YT45SogJAp',NULL,'172.69.68.83','Mozilla/5.0 (Linux; Android 10; K) AppleWebKit/537.36 (KHTML, like Gecko) Chrome/148.0.0.0 Mobile Safari/537.36','eyJfdG9rZW4iOiJMZW5aWXhEdGo3aWU3akxnS3FzRmJmc1RGT3FaeEozbTE2QkdDSGRDIiwiX3ByZXZpb3VzIjp7InVybCI6Imh0dHBzOlwvXC9tZW51Lm9zaXJpeC5vbmxpbmVcL21lbnVcL3NpcC1jaGlsbCIsInJvdXRlIjoibWVudS5zaG93In0sIl9mbGFzaCI6eyJvbGQiOltdLCJuZXciOltdfX0=',1780161658),('WUZesuASjtw77mjiJRvkf6gokbcciH5jbfMGAhc9',NULL,'162.159.122.86','Mozilla/5.0 (iPhone; CPU iPhone OS 18_7 like Mac OS X) AppleWebKit/605.1.15 (KHTML, like Gecko) Version/26.3 Mobile/15E148 Safari/604.1','eyJfdG9rZW4iOiJnNXhlZEhuU05XZ2Jnc1ZiTWxxVzJ3WTZwNEJsQzJRMGdOVndta0VTIiwiX3ByZXZpb3VzIjp7InVybCI6Imh0dHBzOlwvXC9tZW51Lm9zaXJpeC5vbmxpbmVcL21lbnVcL3NpcC1jaGlsbCIsInJvdXRlIjoibWVudS5zaG93In0sIl9mbGFzaCI6eyJvbGQiOltdLCJuZXciOltdfX0=',1780158356),('X3qz8iI8nn1KSDGooMHy2BbGsw2NFIny0vzKciqV',NULL,'162.159.122.86','Mozilla/5.0 (Windows NT 10.0; Win64; x64) AppleWebKit/537.36 (KHTML, like Gecko) Chrome/148.0.0.0 Safari/537.36 Edg/148.0.0.0','eyJfdG9rZW4iOiI0czAwVlhDZ285MGxoREF1YUY3aHlnZ3ByTXJhR3RQMzNzdTVsb004IiwiX2ZsYXNoIjp7Im9sZCI6W10sIm5ldyI6W119LCJfcHJldmlvdXMiOnsidXJsIjoiaHR0cHM6XC9cL21lbnUub3Npcml4Lm9ubGluZVwvbWVudVwvZWwtbmVyd2VneSIsInJvdXRlIjoibWVudS5zaG93In19',1780161225),('x5olJfnPw8Z14NYg3G7LLlrSS5eK43Z3ULOBqqDq',NULL,'172.69.68.82','Mozilla/5.0 (Linux; Android 10; K) AppleWebKit/537.36 (KHTML, like Gecko) Chrome/148.0.0.0 Mobile Safari/537.36','eyJfdG9rZW4iOiI5dXo2RTN3WlQ5NGZrMlFKaXBuUEVzYVNNRWllbExoUTlPbEZNQ0VUIiwiX3ByZXZpb3VzIjp7InVybCI6Imh0dHBzOlwvXC9tZW51Lm9zaXJpeC5vbmxpbmVcL21lbnVcL3NpcC1jaGlsbCIsInJvdXRlIjoibWVudS5zaG93In0sIl9mbGFzaCI6eyJvbGQiOltdLCJuZXciOltdfX0=',1780160404),('X7aao3PDmIGSSXocWyOG1L5eclkMTJNaY3AW191N',NULL,'162.158.129.148','Mozilla/5.0 (iPhone; CPU iPhone OS 18_7 like Mac OS X) AppleWebKit/605.1.15 (KHTML, like Gecko) Version/26.4 Mobile/15E148 Safari/604.1','eyJfdG9rZW4iOiJ5V2luSnZzckhVdVFjWUlWQkN0MDN3cTB2dWpWS3JDZWU2ekhaZUMxIiwiX3ByZXZpb3VzIjp7InVybCI6Imh0dHBzOlwvXC9tZW51Lm9zaXJpeC5vbmxpbmVcL21lbnVcL3RoZS10cmVlIiwicm91dGUiOiJtZW51LnNob3cifSwiX2ZsYXNoIjp7Im9sZCI6W10sIm5ldyI6W119fQ==',1780154195),('XBnGzpdFKWi6L2tsC4saOcNrrXDgiSjSJdGJ62lI',NULL,'104.23.245.191','Mozilla/5.0 (Linux; Android 10; K) AppleWebKit/537.36 (KHTML, like Gecko) Chrome/138.0.0.0 Mobile Safari/537.36 (compatible; Google-Read-Aloud; +https://support.google.com/webmasters/answer/1061943)','eyJfdG9rZW4iOiJwSDFPMVU4WFVmZHRSSHBkMXlnTFpJZ2JIdlYwZjE2TlNtNE5mSHFsIiwiX3ByZXZpb3VzIjp7InVybCI6Imh0dHBzOlwvXC9tZW51Lm9zaXJpeC5vbmxpbmVcL21lbnVcL2VsLW5lcndlZ3kiLCJyb3V0ZSI6Im1lbnUuc2hvdyJ9LCJfZmxhc2giOnsib2xkIjpbXSwibmV3IjpbXX19',1780156353),('XEV6W0cf878q0xxGLqUSEHG2QXjllexOJ9xHIPSf',NULL,'172.70.108.86','Mozilla/5.0 (iPhone; CPU iPhone OS 18_7 like Mac OS X) AppleWebKit/605.1.15 (KHTML, like Gecko) Version/18.7.5 Mobile/15E148 Safari/604.1','eyJfdG9rZW4iOiI0R29GV2tPMTAzcE01dTJ4UGI1ZTZRTXM1eVZlQVhPa3YwM2owVGtpIiwiX3ByZXZpb3VzIjp7InVybCI6Imh0dHBzOlwvXC9tZW51Lm9zaXJpeC5vbmxpbmVcL21lbnVcL3RoZS10cmVlIiwicm91dGUiOiJtZW51LnNob3cifSwiX2ZsYXNoIjp7Im9sZCI6W10sIm5ldyI6W119fQ==',1780156136),('xh6HTlqzVcBkK357gA2QdRNPgHGT75DN1ICJ7tgX',NULL,'172.70.216.78','Mozilla/5.0 (iPhone; CPU iPhone OS 18_7 like Mac OS X) AppleWebKit/605.1.15 (KHTML, like Gecko) Version/26.5 Mobile/15E148 Safari/604.1','eyJfdG9rZW4iOiIydzlWeUlIZTBubU92TGdOa3c4WlFWSVJBUXBxQUFFZTlQWmhYMkk5IiwiX3ByZXZpb3VzIjp7InVybCI6Imh0dHBzOlwvXC9tZW51Lm9zaXJpeC5vbmxpbmVcL21lbnVcL3RoZS10cmVlIiwicm91dGUiOiJtZW51LnNob3cifSwiX2ZsYXNoIjp7Im9sZCI6W10sIm5ldyI6W119fQ==',1780161524),('xNl6tXapvW8U6WAeNmzGgFzTTwIOK0t9AroRXUsW',NULL,'162.159.122.87','Mozilla/5.0 (iPhone; CPU iPhone OS 17_6_1 like Mac OS X) AppleWebKit/605.1.15 (KHTML, like Gecko) Version/17.6 Mobile/15E148 Safari/604.1','eyJfdG9rZW4iOiJRdThnQkc5SVloTTMwU0dsZHBPVFY2Z2Q2NUc5aHVESkpldUdmUWpaIiwiX3ByZXZpb3VzIjp7InVybCI6Imh0dHBzOlwvXC9tZW51Lm9zaXJpeC5vbmxpbmVcL21lbnVcL25nIiwicm91dGUiOiJtZW51LnNob3cifSwiX2ZsYXNoIjp7Im9sZCI6W10sIm5ldyI6W119fQ==',1780159516),('Yc904dklfFzJjOB30NCHDYeIPhF4ftGlWqQelv4Y',NULL,'162.158.22.170','Mozilla/5.0 (Linux; Android 10; K) AppleWebKit/537.36 (KHTML, like Gecko) Chrome/148.0.0.0 Mobile Safari/537.36','eyJfdG9rZW4iOiJGaGFIc1lqUVRtNVRNU3ZvWGpoR1hRdlhwV0RCbmd0d3haaFdSR0Q0IiwiX3ByZXZpb3VzIjp7InVybCI6Imh0dHBzOlwvXC9tZW51Lm9zaXJpeC5vbmxpbmVcL21lbnVcL3NpcC1jaGlsbCIsInJvdXRlIjoibWVudS5zaG93In0sIl9mbGFzaCI6eyJvbGQiOltdLCJuZXciOltdfX0=',1780158932),('yKHEDNhFhq5UNHd73UlV2GhvGEUgtl6TvAOyV8V9',NULL,'172.70.108.87','Mozilla/5.0 (Linux; Android 10; K) AppleWebKit/537.36 (KHTML, like Gecko) Chrome/148.0.0.0 Mobile Safari/537.36','eyJfdG9rZW4iOiI3U3BxVTFFWkFubkdxblZQRWZLR05jMzl3MFB6eUVBNDNvbnM3U0ZOIiwiX3ByZXZpb3VzIjp7InVybCI6Imh0dHBzOlwvXC9tZW51Lm9zaXJpeC5vbmxpbmVcL21lbnVcL2VsLW5lcndlZ3kiLCJyb3V0ZSI6Im1lbnUuc2hvdyJ9LCJfZmxhc2giOnsib2xkIjpbXSwibmV3IjpbXX19',1780161336),('zo0yOdRrZrYV5LUo6xVA1JKChwYYmBBYuE05m2xO',NULL,'172.70.108.87','Mozilla/5.0 (Linux; Android 10; K) AppleWebKit/537.36 (KHTML, like Gecko) Chrome/147.0.0.0 Mobile Safari/537.36','eyJfdG9rZW4iOiJGMUpYekIzMThGTkpXdlFtSmc0cEFlSEtINlN4SENoWGFSYXp6Sml2IiwiX3ByZXZpb3VzIjp7InVybCI6Imh0dHBzOlwvXC9tZW51Lm9zaXJpeC5vbmxpbmVcL21lbnVcL3NpcC1jaGlsbCIsInJvdXRlIjoibWVudS5zaG93In0sIl9mbGFzaCI6eyJvbGQiOltdLCJuZXciOltdfX0=',1780161321),('Zvrx9ZHuMdvV8GLcLap9cHFVlw9f3hoiegsCUphl',NULL,'172.70.100.130','Mozilla/5.0 (Linux; Android 10; K) AppleWebKit/537.36 (KHTML, like Gecko) Chrome/138.0.0.0 Mobile Safari/537.36 (compatible; Google-Read-Aloud; +https://support.google.com/webmasters/answer/1061943)','eyJfdG9rZW4iOiJzTUhzYmYybVJEMnBFbVdaWEtWTGNTU2NXMWgxM3d5YkZmMTNBM093IiwiX3ByZXZpb3VzIjp7InVybCI6Imh0dHBzOlwvXC9tZW51Lm9zaXJpeC5vbmxpbmVcL21lbnVcL3NpcC1jaGlsbCIsInJvdXRlIjoibWVudS5zaG93In0sIl9mbGFzaCI6eyJvbGQiOltdLCJuZXciOltdfX0=',1780161673),('zXMFo6PtLNWqYUJthM4xwT0tAUUt9e1RZdHHwA9v',NULL,'172.68.234.8','WhatsApp/2.23.20.0','eyJfdG9rZW4iOiJ0ZXJRZXI3ZFAzbU04dzh4Q3g4QWx6cDM4ZHk3VU40ZVdJTHdiN1B1IiwiX3ByZXZpb3VzIjp7InVybCI6Imh0dHBzOlwvXC9tZW51Lm9zaXJpeC5vbmxpbmVcL21lbnVcL2VsLW5lcndlZ3kiLCJyb3V0ZSI6Im1lbnUuc2hvdyJ9LCJfZmxhc2giOnsib2xkIjpbXSwibmV3IjpbXX19',1780152994),('zZmZHCXzYghcmRnfoD6NFupe5lQ25nrPt3QjPtuZ',NULL,'172.70.216.79','Mozilla/5.0 (iPhone; CPU iPhone OS 18_7 like Mac OS X) AppleWebKit/605.1.15 (KHTML, like Gecko) Version/26.5 Mobile/15E148 Safari/604.1','eyJfdG9rZW4iOiJBVG9yd04ycUx2UG9iczcwck1kclBSTHVPa3JlWW56b0M1Y25WNUlQIiwiX3ByZXZpb3VzIjp7InVybCI6Imh0dHBzOlwvXC9tZW51Lm9zaXJpeC5vbmxpbmVcL21lbnVcL3NpcC1jaGlsbCIsInJvdXRlIjoibWVudS5zaG93In0sIl9mbGFzaCI6eyJvbGQiOltdLCJuZXciOltdfX0=',1780160128);
/*!40000 ALTER TABLE `sessions` ENABLE KEYS */;
UNLOCK TABLES;

--
-- Table structure for table `users`
--

DROP TABLE IF EXISTS `users`;
/*!40101 SET @saved_cs_client     = @@character_set_client */;
/*!50503 SET character_set_client = utf8mb4 */;
CREATE TABLE `users` (
  `id` bigint unsigned NOT NULL AUTO_INCREMENT,
  `restaurant_id` bigint unsigned DEFAULT NULL,
  `name` varchar(255) CHARACTER SET utf8mb4 COLLATE utf8mb4_unicode_ci NOT NULL,
  `email` varchar(255) CHARACTER SET utf8mb4 COLLATE utf8mb4_unicode_ci NOT NULL,
  `phone` varchar(255) CHARACTER SET utf8mb4 COLLATE utf8mb4_unicode_ci DEFAULT NULL,
  `email_verified_at` timestamp NULL DEFAULT NULL,
  `password` varchar(255) CHARACTER SET utf8mb4 COLLATE utf8mb4_unicode_ci NOT NULL,
  `is_super_admin` tinyint(1) NOT NULL DEFAULT '0',
  `remember_token` varchar(100) CHARACTER SET utf8mb4 COLLATE utf8mb4_unicode_ci DEFAULT NULL,
  `created_at` timestamp NULL DEFAULT NULL,
  `updated_at` timestamp NULL DEFAULT NULL,
  PRIMARY KEY (`id`),
  UNIQUE KEY `users_email_unique` (`email`),
  UNIQUE KEY `users_phone_unique` (`phone`),
  KEY `users_restaurant_id_foreign` (`restaurant_id`),
  CONSTRAINT `users_restaurant_id_foreign` FOREIGN KEY (`restaurant_id`) REFERENCES `restaurants` (`id`) ON DELETE SET NULL
) ENGINE=InnoDB AUTO_INCREMENT=15 DEFAULT CHARSET=utf8mb4 COLLATE=utf8mb4_unicode_ci;
/*!40101 SET character_set_client = @saved_cs_client */;

--
-- Dumping data for table `users`
--

LOCK TABLES `users` WRITE;
/*!40000 ALTER TABLE `users` DISABLE KEYS */;
INSERT INTO `users` VALUES (2,2,'Ibrahim Mohamed','im116121@gmail.com','201144806748',NULL,'$2y$12$GtCN4YTJVL.TERONIYsme.7j8z/3MmjCIHFH43xhpsIQFodASaz/G',0,NULL,'2026-04-20 04:39:57','2026-04-20 04:42:49'),(3,NULL,'امين موني','aminmouny1988@gmail.com','01210004441',NULL,'$2y$12$xUK5Xz/Guivnf90ngsnTF.TS7pypfbOEijt/pKaPrJaxb.OEE1RFy',0,NULL,'2026-04-20 04:42:33','2026-04-20 04:42:33'),(6,5,'The Tree','thetree.2026@gmail.com','01278455666',NULL,'$2y$12$h5jQV92fVAbsiEtN6B9S3uv4QkxUNlbXnXZ7ed4jclkKa2pmVb4Xq',0,'cZVfhGii92P50ygAsGpF36gWHph4LZvULQIGfEn9JBn8UazG5T546MBXjUm3','2026-04-26 06:15:30','2026-04-26 06:19:57'),(7,6,'Sip chill','huuhkinn@gmail.com','01202669559',NULL,'$2y$12$RdcKAJvFWyuVyNA8k4JsGu9Mt.UKWBskgz4W/Xmlh3YgsaGfWRAxe',0,'3h8nA4JIwwQqEWzp8MuML0mbFPaZCYU1bTfuqccAxTNHgkgqQM4WW138Zilt','2026-05-12 00:14:10','2026-05-12 00:15:13'),(9,8,'ng','ng@gmail.com','01206628719',NULL,'$2y$12$m4UneMOqAPuJsjBkEnvX6.fpSnSOpmJsxMOM70vuClEMUtBzzufRK',0,'oh3h2AlgVixST1LfwLXY8EWC3yu3ySuyFpBPUu9ahBZA0NmPuncTEdFVdFKr','2026-05-27 05:39:15','2026-05-27 08:54:57'),(10,NULL,'Super Admin','admin@gmail.com','01000000000',NULL,'$2y$12$nhvO5DrS5dOrqfRmTaxz1.sB29eVFe128OE70qEQ8ub/BfafBwRmC',1,NULL,'2026-05-27 09:02:43','2026-05-27 09:02:43'),(12,3,'El-Nerwegy','ng1@gmail.com','01099999999',NULL,'$2y$12$sLRTpil0fKnZY6Cll6b1rutz3.gU.Jyf9F1XgXkdCyUUVmeDTMQLq',0,'da1ELD0GEWupwriawlbVHqaHpqvuxrcgkKDGmSxGZTRo2DJXVSLoztQbeB3S','2026-05-28 04:56:13','2026-05-28 06:38:53'),(13,9,'ihemax','ihemax@gmail.com','01206628712',NULL,'$2y$12$J0ATV4eYgSiWzcKu3KAmUOEgkr4DXk/ASM5wDjh7Bqv8DiDwoOmcy',0,NULL,'2026-05-30 07:46:52','2026-05-30 07:47:11'),(14,NULL,'ibrahim mahmoud','mse6322@gmail.com',NULL,NULL,'$2y$12$o9FvFTC/wsQMe9.hoyUvYumsLAftAEDTRDUxgi1dgDXlSPrVn7iMm',0,NULL,'2026-05-30 20:25:11','2026-05-30 20:25:11');
/*!40000 ALTER TABLE `users` ENABLE KEYS */;
UNLOCK TABLES;
/*!40103 SET TIME_ZONE=@OLD_TIME_ZONE */;

/*!40101 SET SQL_MODE=@OLD_SQL_MODE */;
/*!40014 SET FOREIGN_KEY_CHECKS=@OLD_FOREIGN_KEY_CHECKS */;
/*!40014 SET UNIQUE_CHECKS=@OLD_UNIQUE_CHECKS */;
/*!40101 SET CHARACTER_SET_CLIENT=@OLD_CHARACTER_SET_CLIENT */;
/*!40101 SET CHARACTER_SET_RESULTS=@OLD_CHARACTER_SET_RESULTS */;
/*!40101 SET COLLATION_CONNECTION=@OLD_COLLATION_CONNECTION */;
/*!40111 SET SQL_NOTES=@OLD_SQL_NOTES */;

-- Dump completed on 2026-05-30 10:22:07
